Charm++: standalone mode (not using charmrun)
Charm++> Running in Multicore mode: 12 threads (PEs)
Charm++> Using recursive bisection (scheme 3) for topology aware partitions
Converse/Charm++ Commit ID: 
CharmLB> Load balancer assumes all CPUs are same.
Charm++> Running on 1 hosts (1 sockets x 6 cores x 2 PUs = 12-way SMP)
Charm++> cpu topology info is gathered in 0.001 seconds.
CharmLB> Load balancing instrumentation for communication is off.
Info: NAMD Git-2025-12-04 for Linux-x86_64-multicore
Info: 
Info: Please visit http://www.ks.uiuc.edu/Research/namd/
Info: for updates, documentation, and support information.
Info: 
Info: Please cite Phillips et al., J. Chem. Phys. 153:044130 (2020) doi:10.1063/5.0014475
Info: in all publications reporting results obtained with NAMD.
Info: 
Info: Based on Charm++/Converse 80000 for multicore-linux-x86_64-gcc
Info: Built Thu Dec 4 09:25:02 CST 2025 by dhardy on athine.ks.uiuc.edu
Info: Source code at Git commit ID b856a9378ca44bcf5aa708d4b681af4ceb86d8ca
Info: 1 NAMD  Git-2025-12-04  Linux-x86_64-multicore  12    CCBC-pc4-04-L  1665813@uab.cat
Info: Running on 12 processors, 1 nodes, 1 physical nodes.
Info: CPU topology information available.
Info: Charm++/Converse parallel runtime startup completed at 0.0209772 s
CkLoopLib is used in SMP with simple dynamic scheduling (converse-level notification)
Info: 819.945 MB of memory in use based on /proc/self/stat
Info: Configuration file is Forcez_NVT.namd
Info: Working in the current directory /home/UAB/1665813/Documents/Simulation/nonequil
TCL: Suspending until startup complete.
Warning: Option "1-4scaling" has been deprecated. Instead use "oneFourScaling".
Info: EXTENDED SYSTEM FILE   ../equilibration/MDequil.restart.xsc
Warning: The Langevin gamma parameters differ over the particles,
Warning: requiring extra work per step to constrain rigid bonds.
Info: SIMULATION PARAMETERS:
Info: TIMESTEP               2
Info: NUMBER OF STEPS        0
Info: STEPS PER CYCLE        10
Info: PERIODIC CELL BASIS 1  23 0 0
Info: PERIODIC CELL BASIS 2  0 19.919 0
Info: PERIODIC CELL BASIS 3  0 0 49.5078
Info: PERIODIC CELL CENTER   0 0 0
Info: WRAPPING WATERS AROUND PERIODIC BOUNDARIES ON OUTPUT.
Info: WRAPPING ALL CLUSTERS AROUND PERIODIC BOUNDARIES ON OUTPUT.
Info: LOAD BALANCER  Centralized
Info: LOAD BALANCING STRATEGY  New Load Balancers -- DEFAULT
Info: LDB PERIOD             2000 steps
Info: FIRST LDB TIMESTEP     50
Info: LAST LDB TIMESTEP     -1
Info: LDB BACKGROUND SCALING 1
Info: HOM BACKGROUND SCALING 1
Info: PME BACKGROUND SCALING 1
Info: MIN ATOMS PER PATCH    40
Info: EMPTY PATCH LOAD       40 ATOMS
Info: VELOCITY FILE          ../equilibration/MDequil.restart.vel
Info: CENTER OF MASS MOVING INITIALLY? NO
Info: DIELECTRIC             1
Info: EXCLUDE                SCALED ONE-FOUR
Info: 1-4 ELECTROSTATICS SCALED BY 1
Info: MODIFIED 1-4 VDW PARAMETERS WILL BE USED
Info: DCD FILENAME           MD.dcd
Info: DCD FREQUENCY          5000
Info: DCD FIRST STEP         5000
Info: DCD FILE WILL CONTAIN UNIT CELL DATA
Info: XST FILENAME           MD.xst
Info: XST FREQUENCY          500
Info: NO VELOCITY DCD OUTPUT
Info: NO FORCE DCD OUTPUT
Info: OUTPUT FILENAME        MD
Info: BINARY OUTPUT FILES WILL BE USED
Info: RESTART FILENAME       MD.restart
Info: RESTART FREQUENCY      5000
Info: BINARY RESTART FILES WILL BE USED
Info: NAMD will save positions and velocities to MD.crash.csv when  atoms are moving too fast.
Info: SWITCHING ACTIVE
Info: SWITCHING ON           10
Info: SWITCHING OFF          12
Info: PAIRLIST DISTANCE      14
Info: PAIRLIST SHRINK RATE   0.01
Info: PAIRLIST GROW RATE     0.01
Info: PAIRLIST TRIGGER       0.3
Info: PAIRLISTS PER CYCLE    2
Info: PAIRLISTS ENABLED
Info: MARGIN                 0
Info: HYDROGEN GROUP CUTOFF  2.5
Info: PATCH DIMENSION        16.5
Info: ENERGY OUTPUT STEPS    500
Info: ENERGY EVALUATION STEPS    500
Info: OUTPUT ENERGY PRECISION 4
Info: CROSSTERM ENERGY INCLUDED IN DIHEDRAL
Info: TIMING OUTPUT STEPS    5000
Info: PRESSURE OUTPUT STEPS  500
Info: FIXED ATOMS ACTIVE
Info: TCL GLOBAL FORCES ACTIVE
Info: TCL GLOBAL FORCES SCRIPT INLINED IN CONFIG FILE
Info: LANGEVIN DYNAMICS ACTIVE
Info: LANGEVIN TEMPERATURE   300
Info: LANGEVIN USING BBK INTEGRATOR
Info: LANGEVIN DAMPING COEFFICIENT IS 1 INVERSE PS
Info: LANGEVIN DYNAMICS NOT APPLIED TO HYDROGENS
Info: PARTICLE MESH EWALD (PME) ACTIVE
Info: PME TOLERANCE               1e-06
Info: PME EWALD COEFFICIENT       0.257952
Info: PME INTERPOLATION ORDER     4
Info: PME GRID DIMENSIONS         24 20 54
Info: PME MAXIMUM GRID SPACING    1
Info: Attempting to read FFTW data from FFTW_NAMD_Git-2025-12-04_Linux-x86_64-multicore.txt
Info: Optimizing 6 FFT steps.  1... 2... 3... 4... 5... 6...   Done.
Info: Writing FFTW data to FFTW_NAMD_Git-2025-12-04_Linux-x86_64-multicore.txt
Info: FULL ELECTROSTATIC EVALUATION FREQUENCY      2
Info: USING VERLET I (r-RESPA) MTS SCHEME.
Info: C1 SPLITTING OF LONG RANGE ELECTROSTATICS
Info: PLACING ATOMS IN PATCHES BY HYDROGEN GROUPS
Info: RIGID BONDS TO HYDROGEN : ALL
Info:         ERROR TOLERANCE : 1e-08
Info:          MAX ITERATIONS : 100
Info: RIGID WATER USING SETTLE ALGORITHM
Info: RANDOM NUMBER SEED     1777974155
Info: USE HYDROGEN BONDS?    NO
Info: COORDINATE PDB         ../input/system.pdb
Info: STRUCTURE FILE         ../input/system.psf
Info: PARAMETER file: CHARMM format! 
Info: PARAMETERS             ../input/par_nanotubes.inp
Info: PARAMETERS             ../input/par_water_ions.inp
Info: USING ARITHMETIC MEAN TO COMBINE L-J SIGMA PARAMETERS
Info: BINARY COORDINATES     ../equilibration/MDequil.restart.coor
Info: SUMMARY OF PARAMETERS:
Info: 4 BONDS
Info: 2 ANGLES
Info: 1 DIHEDRAL
Info: 0 IMPROPER
Info: 0 CROSSTERM
Info: 16 VDW
Info: 2 VDW_PAIRS
Info: 0 NBTHOLE_PAIRS
Info: TIME FOR READING PSF FILE: 0.0130666
Info: Reading pdb file ../input/system.pdb
Info: TIME FOR READING PDB FILE: 0.00206816
Info: 
Info: ****************************
Info: STRUCTURE SUMMARY:
Info: 2160 ATOMS
Info: 1872 BONDS
Info: 2064 ANGLES
Info: 2928 DIHEDRALS
Info: 0 IMPROPERS
Info: 0 CROSSTERMS
Info: 0 EXCLUSIONS
Info: 576 FIXED ATOMS
Info: 1584 RIGID BONDS
Info: 0 RIGID BONDS BETWEEN FIXED ATOMS
Info: 3168 DEGREES OF FREEDOM
Info: 1104 HYDROGEN GROUPS
Info: 3 ATOMS IN LARGEST HYDROGEN GROUP
Info: 1104 MIGRATION GROUPS
Info: 3 ATOMS IN LARGEST MIGRATION GROUP
Info: 576 HYDROGEN GROUPS WITH ALL ATOMS FIXED
Info: TOTAL MASS = 16430.5 amu
Info: TOTAL CHARGE = 0 e
Info: MASS DENSITY = 1.20293 g/cm^3
Info: ATOM DENSITY = 0.0952324 atoms/A^3
Info: *****************************
Info: Reading from binary file ../equilibration/MDequil.restart.coor
Info: 
Info: Entering startup at 11.4757 s, 0.407069 MB of memory in use
Info: Startup phase 0 took 0.000103877 s, 0.407069 MB of memory in use
Info: ADDED 6144 IMPLICIT EXCLUSIONS
Info: Startup phase 1 took 0.00146316 s, 0.407069 MB of memory in use
Info: NONBONDED TABLE R-SQUARED SPACING: 0.0625
Info: NONBONDED TABLE SIZE: 769 POINTS
Info: INCONSISTENCY IN FAST TABLE ENERGY VS FORCE: 0.000325096 AT 11.9556
Info: INCONSISTENCY IN SCOR TABLE ENERGY VS FORCE: 0.000324844 AT 11.9556
Info: INCONSISTENCY IN VDWA TABLE ENERGY VS FORCE: 0.0040507 AT 0.251946
Info: INCONSISTENCY IN VDWB TABLE ENERGY VS FORCE: 0.00150189 AT 0.251946
Info: Startup phase 2 took 0.0105244 s, 0.407069 MB of memory in use
Info: Startup phase 3 took 0.00214394 s, 0.407069 MB of memory in use
Info: Startup phase 4 took 0.00372443 s, 0.407069 MB of memory in use
Info: Startup phase 5 took 6.6622e-05 s, 0.407069 MB of memory in use
Info: PATCH GRID IS 2 (PERIODIC) BY 1 (PERIODIC) BY 3 (PERIODIC)
Info: PATCH GRID IS 2-AWAY BY 1-AWAY BY 1-AWAY
Info: Reading from binary file ../equilibration/MDequil.restart.vel
Info: REMOVING COM VELOCITY 0.143872 0.01628 0.041267
Info: LARGEST PATCH (0) HAS 393 ATOMS
Info: TORUS A SIZE 1 USING 0
Info: TORUS B SIZE 1 USING 0
Info: TORUS C SIZE 1 USING 0
Info: TORUS MINIMAL MESH SIZE IS 1 BY 1 BY 1
Info: Placed 100% of base nodes on same physical node as patch
Info: Startup phase 6 took 0.00268576 s, 0.407069 MB of memory in use
Info: PME using 12 and 10 processors for FFT and reciprocal sum.
Info: PME GRID LOCATIONS: 0 1 2 3 4 5 6 7 8 9 ...
Info: PME TRANS LOCATIONS: 1 2 3 4 5 6 8 9 10 11
Info: PME USING 1 GRID NODES AND 1 TRANS NODES
Info: Optimizing 4 FFT steps.  1... 2... 3... 4...   Done.
Info: Startup phase 7 took 0.000441303 s, 0.407069 MB of memory in use
Info: Startup phase 8 took 8.9021e-05 s, 0.407069 MB of memory in use
Info: Startup phase 9 took 5.7098e-05 s, 0.407069 MB of memory in use
Info: Startup phase 10 took 5.0302e-05 s, 0.407069 MB of memory in use
Info: Startup phase 11 took 7.4008e-05 s, 0.407069 MB of memory in use
LDB: Central LB being created...
Info: Startup phase 12 took 0.000170608 s, 0.407069 MB of memory in use
Info: Startup phase 13 took 5.3953e-05 s, 0.407069 MB of memory in use
Info: Startup phase 14 took 6.5521e-05 s, 0.407069 MB of memory in use
Info: Startup phase 15 took 5.7633e-05 s, 0.407069 MB of memory in use
Info: CREATING 210 COMPUTE OBJECTS
Info: useSync: 0 useProxySync: 0
Info: Startup phase 16 took 0.00108287 s, 0.407069 MB of memory in use
Info: Startup phase 17 took 8.753e-05 s, 0.407069 MB of memory in use
Info: Startup phase 18 took 3.2557e-05 s, 0.407069 MB of memory in use
Info: Finished startup at 11.4986 s, 0.407069 MB of memory in use

TCL: Running for 300000 steps
PRESSURE: 0 13.8078 -979.558 -56.7039 -563.477 -155.281 101.255 231.443 66.7912 300.472
GPRESSURE: 0 75.7765 -836.402 -104.165 -479.649 -52.6559 -61.1911 312.564 105.061 192.878
ETITLE:      TS           BOND          ANGLE          DIHED          IMPRP               ELECT            VDW       BOUNDARY           MISC        KINETIC               TOTAL           TEMP      POTENTIAL         TOTAL3        TEMPAVG            PRESSURE      GPRESSURE         VOLUME       PRESSAVG      GPRESSAVG

ENERGY:       0         0.0000         0.0000         0.0000         0.0000          -5701.3847       462.5042         0.0000         0.0000       936.7954          -4302.0851       297.6117     -5238.8805     -4300.1510       297.6117             52.9996        71.9996     22681.3476        52.9996        71.9996

OPENING EXTENDED SYSTEM TRAJECTORY FILE
LDB: ============= START OF LOAD BALANCING ============== 11.5298
LDB: ============== END OF LOAD BALANCING =============== 11.5299
Info: useSync: 0 useProxySync: 0
LDB: =============== DONE WITH MIGRATION ================ 11.53
LDB: ============= START OF LOAD BALANCING ============== 11.6463
LDB: Largest compute 12 load 0.018011 is 42.8% of average load 0.042040
LDB: Average compute 0.002019 is 4.8% of average load 0.042040
LDB: Partitioning computes with target load 0.004204
LDB: Increased migratable compute count from 168 to 211
LDB: Largest unpartitionable compute is 0.000345
LDB: ============== END OF LOAD BALANCING =============== 11.65
Info: useSync: 0 useProxySync: 0
LDB: =============== DONE WITH MIGRATION ================ 11.6503
Info: Initial time: 12 CPUs 0.00291596 s/step 0.0168748 days/ns 0.407069 MB memory
LDB: ============= START OF LOAD BALANCING ============== 11.6799
LDB: ============== END OF LOAD BALANCING =============== 11.6799
Info: useSync: 0 useProxySync: 0
LDB: =============== DONE WITH MIGRATION ================ 11.68
LDB: ============= START OF LOAD BALANCING ============== 11.7967
LDB: Largest compute 17 load 0.004497 is 10.7% of average load 0.041959
LDB: Average compute 0.001602 is 3.8% of average load 0.041959
LDB: TIME 11.7995 LOAD: AVG 0.0419593 MAX 0.10738  PROXIES: TOTAL 28 MAXPE 3 MAXPATCH 5 None MEM: 0.407069 MB
LDB: TIME 11.7997 LOAD: AVG 0.0419593 MAX 0.10738  PROXIES: TOTAL 30 MAXPE 5 MAXPATCH 6 TorusLB MEM: 0.407069 MB
LDB: Reverting to original mapping
LDB: ============== END OF LOAD BALANCING =============== 11.7998
Info: useSync: 0 useProxySync: 0
LDB: =============== DONE WITH MIGRATION ================ 11.8
Info: Initial time: 12 CPUs 0.00286646 s/step 0.0165883 days/ns 0.407069 MB memory
LDB: ============= START OF LOAD BALANCING ============== 11.9459
LDB: Largest compute 17 load 0.005785 is 11.1% of average load 0.052097
LDB: Average compute 0.001983 is 3.8% of average load 0.052097
LDB: TIME 11.946 LOAD: AVG 0.0520973 MAX 0.134477  PROXIES: TOTAL 28 MAXPE 3 MAXPATCH 5 None MEM: 0.407069 MB
LDB: TIME 11.9461 LOAD: AVG 0.0520973 MAX 0.134477  PROXIES: TOTAL 28 MAXPE 3 MAXPATCH 5 RefineTorusLB MEM: 0.407069 MB
LDB: TIME 11.9467 LOAD: AVG 0.0520973 MAX 0.134477  PROXIES: TOTAL 31 MAXPE 4 MAXPATCH 6 RefineTorusLB MEM: 0.407069 MB
LDB: ============== END OF LOAD BALANCING =============== 11.9468
Info: useSync: 0 useProxySync: 0
LDB: =============== DONE WITH MIGRATION ================ 11.9471
Info: Initial time: 12 CPUs 0.00290114 s/step 0.016789 days/ns 0.407069 MB memory
LDB: ============= START OF LOAD BALANCING ============== 12.1218
LDB: Largest compute 17 load 0.010538 is 17.2% of average load 0.061427
LDB: Average compute 0.002414 is 3.9% of average load 0.061427
LDB: TIME 12.1221 LOAD: AVG 0.0614273 MAX 0.141849  PROXIES: TOTAL 28 MAXPE 3 MAXPATCH 5 None MEM: 0.407069 MB
LDB: TIME 12.1222 LOAD: AVG 0.0614273 MAX 0.141849  PROXIES: TOTAL 31 MAXPE 4 MAXPATCH 6 RefineTorusLB MEM: 0.407069 MB
LDB: TIME 12.1222 LOAD: AVG 0.0614273 MAX 0.141849  PROXIES: TOTAL 31 MAXPE 4 MAXPATCH 6 RefineTorusLB MEM: 0.407069 MB
LDB: Reverting to original mapping
LDB: ============== END OF LOAD BALANCING =============== 12.1223
Info: useSync: 0 useProxySync: 0
LDB: =============== DONE WITH MIGRATION ================ 12.1225
Info: Benchmark time: 12 CPUs 0.00349345 s/step 0.0202167 days/ns 0.407069 MB memory
Info: Benchmark time: 12 CPUs 0.00281473 s/step 0.0162889 days/ns 0.407069 MB memory
Info: Benchmark time: 12 CPUs 0.00281675 s/step 0.0163006 days/ns 0.407069 MB memory
Info: Benchmark time: 12 CPUs 0.0028041 s/step 0.0162274 days/ns 0.407069 MB memory
Info: Benchmark time: 12 CPUs 0.00331906 s/step 0.0192075 days/ns 0.407069 MB memory
Info: Benchmark time: 12 CPUs 0.00276806 s/step 0.0160188 days/ns 0.407069 MB memory
PRESSURE: 500 135.579 -578.906 509.07 -526.841 -400.611 219.845 1036.57 286.678 -421.363
GPRESSURE: 500 -106.529 -497.005 661.194 -448.834 -64.3384 357.015 927.203 222.76 -429.083
PRESSAVG: 500 -142.88 -88.9485 -227.775 -47.7671 -300.779 -46.1887 -136.836 -120.634 -219.99
GPRESSAVG: 500 -142.465 -87.2247 -225.769 -47.7287 -302.086 -44.9121 -137.541 -120.34 -218.403
ENERGY:     500         0.0000         0.0000         0.0000         0.0000          -5610.3162       400.5380         0.0000         0.0000       948.5897          -4261.1884       301.3586     -5209.7782     -4258.2323       295.8385           -228.7984      -199.9835     22681.3476      -221.2162      -220.9846

PRESSURE: 1000 -1004.24 70.5693 25.3537 219.816 -245.244 -158.977 -83.7406 71.6482 -1475.42
GPRESSURE: 1000 -793.083 142.84 -56.1698 347.49 -292.039 78.0002 -194.748 122.719 -1572.05
PRESSAVG: 1000 -378.186 -32.2033 79.6442 -112.263 -404.701 -71.2035 17.7559 -117.811 -451.255
GPRESSAVG: 1000 -377.77 -31.2007 77.122 -113.467 -406.289 -76.5211 17.6209 -113.854 -449.685
ENERGY:    1000         0.0000         0.0000         0.0000         0.0000          -5617.2448       376.5816         0.0000         0.0000       936.2608          -4304.4024       297.4418     -5240.6632     -4301.1583       297.1767           -908.3005      -885.7241     22681.3476      -411.3808      -411.2480

PRESSURE: 1500 172.197 -566.942 -188.048 -35.5262 -599.433 -290.944 -449.255 -260.425 -235.701
GPRESSURE: 1500 114.88 -568.644 150.715 66.2891 -629.705 -401.297 -515.729 -313.245 -82.1546
PRESSAVG: 1500 -474.187 -120.72 -96.232 -42.7928 -462.137 244.627 -110.138 206.748 -412.576
GPRESSAVG: 1500 -475.119 -123.554 -92.7393 -40.7384 -460.836 247.947 -112.925 204.974 -413.772
ENERGY:    1500         0.0000         0.0000         0.0000         0.0000          -5611.3368       395.5057         0.0000         0.0000       940.8927          -4274.9384       298.9134     -5215.8311     -4272.7419       293.5586           -220.9790      -198.9934     22681.3476      -449.6330      -449.9090

PRESSURE: 2000 189.882 70.0892 -460.593 -40.4388 293.747 -529.44 -191.725 -547.493 -854.67
GPRESSURE: 2000 281.469 -313.531 -364.979 147.077 294.31 -413.974 -329.562 -411.595 -873.578
PRESSAVG: 2000 -200.967 39.087 -130.132 105.814 -228.414 -22.2545 -229.36 91.6214 -754.944
GPRESSAVG: 2000 -198.683 40.0788 -131.636 103.969 -228.067 -21.3766 -228.505 92.0782 -757.014
ENERGY:    2000         0.0000         0.0000         0.0000         0.0000          -5693.6741       435.7849         0.0000         0.0000       934.9484          -4322.9408       297.0249     -5257.8892     -4320.1221       293.7408           -123.6802       -99.2662     22681.3476      -394.7751      -394.5879

LDB: ============= START OF LOAD BALANCING ============== 17.6608
LDB: ============== END OF LOAD BALANCING =============== 17.6609
Info: useSync: 0 useProxySync: 0
LDB: =============== DONE WITH MIGRATION ================ 17.661
LDB: ============= START OF LOAD BALANCING ============== 17.8018
LDB: Largest compute 224 load 0.008489 is 14.4% of average load 0.058958
LDB: Average compute 0.002343 is 4.0% of average load 0.058958
LDB: TIME 17.8019 LOAD: AVG 0.0589579 MAX 0.134993  PROXIES: TOTAL 28 MAXPE 3 MAXPATCH 5 None MEM: 0.407069 MB
LDB: TIME 17.802 LOAD: AVG 0.0589579 MAX 0.134993  PROXIES: TOTAL 31 MAXPE 4 MAXPATCH 6 RefineTorusLB MEM: 0.407069 MB
LDB: TIME 17.8021 LOAD: AVG 0.0589579 MAX 0.134993  PROXIES: TOTAL 31 MAXPE 4 MAXPATCH 6 RefineTorusLB MEM: 0.407069 MB
LDB: ============== END OF LOAD BALANCING =============== 17.8021
Info: useSync: 0 useProxySync: 0
LDB: =============== DONE WITH MIGRATION ================ 17.8023
PRESSURE: 2500 -149.606 -533.198 356.688 -651.454 -57.5328 247.301 87.2977 410.756 29.9613
GPRESSURE: 2500 -276.916 -679.25 413.698 -601.97 176.141 721.777 -11.8719 -59.8802 -2.33818
PRESSAVG: 2500 -36.093 -19.7282 165.848 -133.413 -262.585 180.969 43.1764 157.693 -453.94
GPRESSAVG: 2500 -36.1614 -19.3602 164.188 -132.235 -264.32 181.053 41.9729 155.702 -452.584
ENERGY:    2500         0.0000         0.0000         0.0000         0.0000          -5611.9722       403.0059         0.0000         0.0000       948.9032          -4260.0631       301.4582     -5208.9663     -4258.2639       297.4327            -59.0593       -34.3711     22681.3476      -250.8727      -251.0221

PRESSURE: 3000 -184.618 56.3507 -625.102 162.07 197.941 133.645 146.946 114.617 625.379
GPRESSURE: 3000 -192.914 300.113 -448.263 148.314 317.925 289.456 268.029 -209.583 525.173
PRESSAVG: 3000 -332.661 6.92464 -50.0245 -141.236 -259.145 186.701 -60.4873 178.456 -139.899
GPRESSAVG: 3000 -334.981 6.89615 -49.7603 -143.102 -258.207 186.458 -57.4296 177.518 -139.342
ENERGY:    3000         0.0000         0.0000         0.0000         0.0000          -5583.8269       397.2873         0.0000         0.0000       941.5778          -4244.9619       299.1310     -5186.5396     -4242.7117       299.8947            212.9007       216.7283     22681.3476      -243.9016      -244.1768

PRESSURE: 3500 -143.619 189.599 858.799 307.951 -181.921 -52.2568 626.541 140.287 -444.618
GPRESSURE: 3500 -77.278 176.948 1156.56 589.558 -157.062 -305.997 264.228 293.256 -456.653
PRESSAVG: 3500 -259.556 12.1369 -61.7706 179.465 -3.74361 -78.7327 113.858 -185.875 -298.445
GPRESSAVG: 3500 -257.94 11.0588 -60.3469 179.065 -3.21763 -79.5267 111.833 -184.789 -300.397
ENERGY:    3500         0.0000         0.0000         0.0000         0.0000          -5554.1565       396.7653         0.0000         0.0000       957.4069          -4199.9843       304.1598     -5157.3912     -4197.3840       303.7543           -256.7193      -230.3312     22681.3476      -187.2483      -187.1850

PRESSURE: 4000 -307.911 79.4658 130.175 601.706 606.746 -29.0161 276.461 158.059 -369.138
GPRESSURE: 4000 -228.62 -148.436 333.064 830.461 480.609 -152.234 33.2903 191.706 -263.457
PRESSAVG: 4000 -237.148 32.5913 26.3499 175.127 -417.233 -64.8829 86.9647 -99.2767 -642.987
GPRESSAVG: 4000 -237.002 32.2068 24.7255 177.709 -418.361 -65.2347 85.8094 -99.5458 -643.413
ENERGY:    4000         0.0000         0.0000         0.0000         0.0000          -5641.4803       424.0141         0.0000         0.0000      1001.9395          -4215.5267       318.3074     -5217.4662     -4212.7323       303.3020            -23.4343        -3.8228     22681.3476      -432.4559      -432.9251

LDB: ============= START OF LOAD BALANCING ============== 23.3786
LDB: ============== END OF LOAD BALANCING =============== 23.3787
Info: useSync: 0 useProxySync: 0
LDB: =============== DONE WITH MIGRATION ================ 23.3789
LDB: ============= START OF LOAD BALANCING ============== 23.5209
LDB: Largest compute 224 load 0.008897 is 15.0% of average load 0.059189
LDB: Average compute 0.002350 is 4.0% of average load 0.059189
LDB: TIME 23.521 LOAD: AVG 0.0591892 MAX 0.135948  PROXIES: TOTAL 28 MAXPE 3 MAXPATCH 5 None MEM: 0.407069 MB
LDB: TIME 23.5211 LOAD: AVG 0.0591892 MAX 0.135948  PROXIES: TOTAL 31 MAXPE 4 MAXPATCH 6 RefineTorusLB MEM: 0.407069 MB
LDB: TIME 23.5211 LOAD: AVG 0.0591892 MAX 0.135948  PROXIES: TOTAL 31 MAXPE 4 MAXPATCH 6 RefineTorusLB MEM: 0.407069 MB
LDB: Reverting to original mapping
LDB: ============== END OF LOAD BALANCING =============== 23.5212
Info: useSync: 0 useProxySync: 0
LDB: =============== DONE WITH MIGRATION ================ 23.5214
PRESSURE: 4500 -425.073 223.56 -455.631 375.525 -497.398 -540.875 -594.759 -559.878 -423.127
GPRESSURE: 4500 -258.496 273.437 -415.671 372.416 -617.946 -747.885 -292.735 -106.562 -411.054
PRESSAVG: 4500 90.4787 9.19351 -68.3774 9.74138 -154.528 15.5666 124.922 140.479 337.845
GPRESSAVG: 4500 90.431 12.064 -68.8703 5.74735 -154.018 18.4979 120.995 140.21 336.948
ENERGY:    4500         0.0000         0.0000         0.0000         0.0000          -5530.5894       349.3930         0.0000         0.0000       989.5501          -4191.6463       314.3714     -5181.1964     -4189.8734       311.8378           -448.5327      -429.1653     22681.3476        91.2653        91.1204

PRESSURE: 5000 67.3165 454.432 -259.924 161.935 -195.173 -362.803 93.0347 317.662 -96.8155
GPRESSURE: 5000 332.283 667.095 -413.858 -228.79 -335.673 -529.204 290.735 613.476 -154.841
PRESSAVG: 5000 -414.834 37.2703 -25.4974 -40.6562 -170.314 -26.9507 -86.1597 52.8119 -151.712
GPRESSAVG: 5000 -412.81 32.7271 -30.569 -39.0144 -171.764 -28.618 -78.4163 53.5628 -149.727
TIMING: 5000  CPU: 14.2622, 0.00285077/step  Wall: 14.3228, 0.00286285/step, 0.234595 hours remaining, 0.407069 MB of memory in use.
PERFORMANCE: 5000  averaging 60.3594 ns/day, 0.00286285 sec/step with standard deviation 0
ETITLE:      TS           BOND          ANGLE          DIHED          IMPRP               ELECT            VDW       BOUNDARY           MISC        KINETIC               TOTAL           TEMP      POTENTIAL         TOTAL3        TEMPAVG            PRESSURE      GPRESSURE         VOLUME       PRESSAVG      GPRESSAVG

ENERGY:    5000         0.0000         0.0000         0.0000         0.0000          -5525.9823       384.8183         0.0000         0.0000       951.4686          -4189.6955       302.2732     -5141.1641     -4187.1302       306.3108            -74.8907       -52.7437     22681.3476      -245.6201      -244.7669

WRITING EXTENDED SYSTEM TO RESTART FILE AT STEP 5000
OPENING COORDINATE DCD FILE
WRITING COORDINATES TO DCD FILE MD.dcd AT STEP 5000
WRITING COORDINATES TO RESTART FILE AT STEP 5000
FINISHED WRITING RESTART COORDINATES
The last position output (seq=5000) takes 0.002 seconds, 0.407 MB of memory in use
WRITING VELOCITIES TO RESTART FILE AT STEP 5000
FINISHED WRITING RESTART VELOCITIES
The last velocity output (seq=5000) takes 0.000 seconds, 0.407 MB of memory in use
PRESSURE: 5500 -243.333 -383.765 -747.964 -99.1753 509.166 -315.485 -932.542 -239.088 -1361.19
GPRESSURE: 5500 -316.164 -380.658 -1024.89 111.625 598.28 -425.076 -615.585 -436.818 -1296.01
PRESSAVG: 5500 -92.6848 1.13281 43.3321 -95.2472 -575.014 -68.743 -18.364 34.6949 -396.913
GPRESSAVG: 5500 -92.68 1.18912 46.8846 -90.2676 -573.571 -68.5706 -18.9122 35.177 -399.149
ENERGY:    5500         0.0000         0.0000         0.0000         0.0000          -5579.5232       379.3742         0.0000         0.0000       935.8124          -4264.3367       297.2994     -5200.1490     -4261.0246       301.7203           -365.1188      -337.9649     22681.3476      -354.8704      -355.1334

PRESSURE: 6000 -338.673 262.398 -269.401 307.123 -221.615 -329.115 -304.644 -178.749 -456.55
GPRESSURE: 6000 -303.346 120.274 -263.536 59.8477 -348.657 -665.223 -96.6328 -145.325 -318.985
PRESSAVG: 6000 -507.907 41.6159 -107.099 8.82876 -421.361 -128.232 -267.706 -96.87 -623.727
GPRESSAVG: 6000 -510.612 41.6805 -106.507 5.71888 -420.085 -125.458 -269.396 -97.712 -623.862
ENERGY:    6000         0.0000         0.0000         0.0000         0.0000          -5553.7720       367.4865         0.0000         0.0000       974.9068          -4211.3787       309.7193     -5186.2855     -4209.4984       302.2060           -338.9458      -323.6622     22681.3476      -517.6650      -518.1864

LDB: ============= START OF LOAD BALANCING ============== 29.1391
LDB: ============== END OF LOAD BALANCING =============== 29.1392
Info: useSync: 0 useProxySync: 0
LDB: =============== DONE WITH MIGRATION ================ 29.1394
LDB: ============= START OF LOAD BALANCING ============== 29.2862
LDB: Largest compute 220 load 0.008472 is 14.2% of average load 0.059665
LDB: Average compute 0.002370 is 4.0% of average load 0.059665
LDB: TIME 29.2863 LOAD: AVG 0.0596646 MAX 0.135873  PROXIES: TOTAL 28 MAXPE 3 MAXPATCH 5 None MEM: 0.407069 MB
LDB: TIME 29.2864 LOAD: AVG 0.0596646 MAX 0.135873  PROXIES: TOTAL 31 MAXPE 4 MAXPATCH 6 RefineTorusLB MEM: 0.407069 MB
LDB: TIME 29.2864 LOAD: AVG 0.0596646 MAX 0.135873  PROXIES: TOTAL 31 MAXPE 4 MAXPATCH 6 RefineTorusLB MEM: 0.407069 MB
LDB: ============== END OF LOAD BALANCING =============== 29.2865
Info: useSync: 0 useProxySync: 0
LDB: =============== DONE WITH MIGRATION ================ 29.2867
PRESSURE: 6500 -49.9374 -212.935 346.871 -736.296 -932.381 -236.656 -195.798 -275.537 -319.553
GPRESSURE: 6500 20.6245 -246.238 245.948 -836.666 -951.996 -125.231 -27.1928 -336.971 -339.803
PRESSAVG: 6500 -47.5932 100.638 103.162 162.436 -169.628 -5.36904 -85.0652 -8.38473 -295.309
GPRESSAVG: 6500 -48.4091 99.5449 103.761 162.823 -171.605 -7.19745 -86.4428 -5.90775 -293.391
ENERGY:    6500         0.0000         0.0000         0.0000         0.0000          -5587.6527       363.1978         0.0000         0.0000      1009.3212          -4215.1336       320.6525     -5224.4548     -4212.2454       302.1710           -433.9571      -423.7250     22681.3476      -170.8436      -171.1352

PRESSURE: 7000 -62.2751 360.762 -39.4398 319.109 -241.116 31.5015 76.2805 430.443 225.407
GPRESSURE: 7000 -168.101 231.575 28.1207 724.947 -187.803 -87.7477 237.852 442.259 343.97
PRESSAVG: 7000 -422.811 8.10613 -61.3931 -150.97 -618.243 -74.196 -68.0057 82.5516 -362.906
GPRESSAVG: 7000 -423.597 5.20047 -60.375 -147.499 -617.1 -75.5195 -70.8249 78.4507 -363.641
ENERGY:    7000         0.0000         0.0000         0.0000         0.0000          -5600.4245       400.6780         0.0000         0.0000       946.4162          -4253.3303       300.6681     -5199.7464     -4251.1637       301.6454            -25.9947        -3.9781     22681.3476      -467.9868      -468.1128

PRESSURE: 7500 -433.083 -147.64 175.689 -104.833 314.846 -239.123 176.391 204.714 -866.389
GPRESSURE: 7500 -353.375 295.375 -51.794 -113.084 136.569 -262.255 244.791 234.273 -709.856
PRESSAVG: 7500 -164.83 -23.2326 90.9989 -103.958 -25.4587 -185.764 189.722 116.925 -479.62
GPRESSAVG: 7500 -165.483 -19.8002 87.9728 -103.686 -27.0715 -185.487 189.155 120.375 -477.804
ENERGY:    7500         0.0000         0.0000         0.0000         0.0000          -5602.5874       398.4145         0.0000         0.0000       930.6543          -4273.5186       295.6607     -5204.1729     -4272.3446       303.1025           -328.2086      -308.8871     22681.3476      -223.3029      -223.4527

PRESSURE: 8000 -151.042 615.755 -254.97 586.843 -833.69 -471.126 -108.622 -288.035 8.32427
GPRESSURE: 8000 46.6808 565.751 -310.819 508.618 -1046.4 -296.214 -194.002 -253.342 101.76
PRESSAVG: 8000 -284.465 -78.5458 -214.213 -97.5063 21.8191 156.173 41.4469 340.375 -103.3
GPRESSAVG: 8000 -284.486 -76.752 -211.305 -99.5976 21.7192 157.786 41.0879 337.944 -102.851
ENERGY:    8000         0.0000         0.0000         0.0000         0.0000          -5595.2043       388.1399         0.0000         0.0000       924.6488          -4282.4157       293.7528     -5207.0644     -4279.4924       297.4165           -325.4691      -299.3197     22681.3476      -121.9818      -121.8728

LDB: ============= START OF LOAD BALANCING ============== 34.8406
LDB: ============== END OF LOAD BALANCING =============== 34.8407
Info: useSync: 0 useProxySync: 0
LDB: =============== DONE WITH MIGRATION ================ 34.8409
LDB: ============= START OF LOAD BALANCING ============== 34.9819
LDB: Largest compute 16 load 0.008092 is 13.6% of average load 0.059520
LDB: Average compute 0.002371 is 4.0% of average load 0.059520
LDB: TIME 34.982 LOAD: AVG 0.0595199 MAX 0.135661  PROXIES: TOTAL 28 MAXPE 3 MAXPATCH 5 None MEM: 0.407069 MB
LDB: TIME 34.9821 LOAD: AVG 0.0595199 MAX 0.135661  PROXIES: TOTAL 31 MAXPE 4 MAXPATCH 6 RefineTorusLB MEM: 0.407069 MB
LDB: TIME 34.9822 LOAD: AVG 0.0595199 MAX 0.135661  PROXIES: TOTAL 31 MAXPE 4 MAXPATCH 6 RefineTorusLB MEM: 0.407069 MB
LDB: Reverting to original mapping
LDB: ============== END OF LOAD BALANCING =============== 34.9823
Info: useSync: 0 useProxySync: 0
LDB: =============== DONE WITH MIGRATION ================ 34.9825
PRESSURE: 8500 -620.58 417.653 860.043 110.369 -834.764 -919.806 716.463 -1074.6 -1222.25
GPRESSURE: 8500 -743.543 533.385 743.296 -39.169 -804.332 -954.975 503.983 -1000.16 -1073.01
PRESSAVG: 8500 107.8 -189.917 -70.3602 -120.801 95.4027 2.08214 88.2486 194.013 -159.373
GPRESSAVG: 8500 108.331 -187.92 -70.6887 -122.588 96.4816 4.25527 86.7259 194.277 -162.369
ENERGY:    8500         0.0000         0.0000         0.0000         0.0000          -5507.0235       327.2582         0.0000         0.0000       901.3550          -4278.4103       286.3526     -5179.7653     -4275.8648       298.7738           -892.5323      -873.6277     22681.3476        14.6097        14.1479

PRESSURE: 9000 -207.581 4.72031 -656.747 112.641 -955.897 121.566 -739.333 188.774 -1074.32
GPRESSURE: 9000 -291.729 -139.856 -820.482 173.209 -815.957 54.9261 -699.774 131.053 -1043.57
PRESSAVG: 9000 -470.346 -27.8121 72.5014 -131.662 -455.715 71.8979 176.343 1.52706 -813.465
GPRESSAVG: 9000 -468.399 -32.0001 70.616 -130.926 -456.464 68.984 179.481 1.20494 -813.353
ENERGY:    9000         0.0000         0.0000         0.0000         0.0000          -5620.3902       370.8241         0.0000         0.0000       934.2541          -4315.3121       296.8043     -5249.5662     -4312.8260       295.5697           -745.9337      -717.0857     22681.3476      -579.8417      -579.4050

PRESSURE: 9500 -1048.57 -199.395 613.803 -10.6795 -488.095 403.065 266.671 866.642 -602.137
GPRESSURE: 9500 -1013.89 -287.375 564.668 52.4808 -562.505 735.961 164.525 568.67 -495.777
PRESSAVG: 9500 -496.014 -72.1814 71.8492 -65.3725 -544.835 76.1117 161.032 28.7256 -815.072
GPRESSAVG: 9500 -495.25 -73.2792 72.6561 -63.0362 -547.515 78.773 162.654 27.3857 -812.299
ENERGY:    9500         0.0000         0.0000         0.0000         0.0000          -5630.4186       385.9029         0.0000         0.0000       945.7371          -4298.7785       300.4524     -5244.5156     -4295.3326       295.7969           -712.9350      -690.7251     22681.3476      -618.6403      -618.3548

WRITING COORDINATES TO DCD FILE MD.dcd AT STEP 10000
WRITING COORDINATES TO RESTART FILE AT STEP 10000
FINISHED WRITING RESTART COORDINATES
The last position output (seq=10000) takes 0.012 seconds, 0.407 MB of memory in use
WRITING VELOCITIES TO RESTART FILE AT STEP 10000
FINISHED WRITING RESTART VELOCITIES
The last velocity output (seq=10000) takes 0.000 seconds, 0.407 MB of memory in use
PRESSURE: 10000 -257.673 29.0373 -19.1681 -115.431 -301.395 246.087 114.024 -196.627 101.431
GPRESSURE: 10000 -402.771 -20.1811 -95.2457 -49.1619 -107.318 17.6883 101.273 -205.589 92.3561
PRESSAVG: 10000 -421.248 -39.8959 48.1498 -71.5115 -480.756 337.758 239.395 153.333 -380.876
GPRESSAVG: 10000 -421.916 -35.6486 48.6239 -72.0627 -479.117 336.601 239.538 154.843 -382.785
TIMING: 10000  CPU: 28.5305, 0.00285367/step  Wall: 28.6505, 0.00286556/step, 0.230836 hours remaining, 0.407069 MB of memory in use.
PERFORMANCE: 10000  averaging 60.3309 ns/day, 0.0028642 sec/step with standard deviation 1.91238e-06
ETITLE:      TS           BOND          ANGLE          DIHED          IMPRP               ELECT            VDW       BOUNDARY           MISC        KINETIC               TOTAL           TEMP      POTENTIAL         TOTAL3        TEMPAVG            PRESSURE      GPRESSURE         VOLUME       PRESSAVG      GPRESSAVG

ENERGY:   10000         0.0000         0.0000         0.0000         0.0000          -5694.9736       444.4065         0.0000         0.0000       901.0303          -4349.5368       286.2494     -5250.5671     -4346.7940       291.7920           -152.5458      -139.2444     22681.3476      -427.6265      -427.9397

WRITING EXTENDED SYSTEM TO RESTART FILE AT STEP 10000
LDB: ============= START OF LOAD BALANCING ============== 40.5682
LDB: ============== END OF LOAD BALANCING =============== 40.5684
Info: useSync: 0 useProxySync: 0
LDB: =============== DONE WITH MIGRATION ================ 40.5685
LDB: ============= START OF LOAD BALANCING ============== 40.7105
LDB: Largest compute 220 load 0.008368 is 14.2% of average load 0.058757
LDB: Average compute 0.002329 is 4.0% of average load 0.058757
LDB: TIME 40.7107 LOAD: AVG 0.0587566 MAX 0.136698  PROXIES: TOTAL 28 MAXPE 3 MAXPATCH 5 None MEM: 0.407069 MB
LDB: TIME 40.7108 LOAD: AVG 0.0587566 MAX 0.136698  PROXIES: TOTAL 31 MAXPE 4 MAXPATCH 6 RefineTorusLB MEM: 0.407069 MB
LDB: TIME 40.7108 LOAD: AVG 0.0587566 MAX 0.136698  PROXIES: TOTAL 31 MAXPE 4 MAXPATCH 6 RefineTorusLB MEM: 0.407069 MB
LDB: ============== END OF LOAD BALANCING =============== 40.7109
Info: useSync: 0 useProxySync: 0
LDB: =============== DONE WITH MIGRATION ================ 40.7112
PRESSURE: 10500 -356.057 -146.07 701.087 -388.021 -1838.39 8.33667 1067.35 157.613 -351.546
GPRESSURE: 10500 -135.123 -178.914 842.253 -356.107 -1829.65 406.859 1060.08 39.2334 -494.106
PRESSAVG: 10500 -254.274 114.963 60.3717 35.4884 -531.376 100.199 173.405 141.875 -431.983
GPRESSAVG: 10500 -253.957 115.107 60.0011 34.0744 -532.027 105.43 169.77 142.989 -431.266
ENERGY:   10500         0.0000         0.0000         0.0000         0.0000          -5649.1545       369.6355         0.0000         0.0000       915.0870          -4364.4321       290.7151     -5279.5190     -4362.0439       288.1478           -848.6638      -819.6279     22681.3476      -405.8780      -405.7497

PRESSURE: 11000 -713.183 21.4578 126.044 -233.233 53.8079 409.519 -394.862 432.582 -484.734
GPRESSURE: 11000 -757.552 256.856 180.648 -107.345 -56.1783 558.708 -296.692 468.072 -281.573
PRESSAVG: 11000 -107.41 98.1462 72.5138 24.9203 -147.324 55.4115 81.0672 79.4685 5.84558
GPRESSAVG: 11000 -107.576 97.9552 74.9199 26.1734 -146.193 52.2576 84.1408 80.9164 5.65079
ENERGY:   11000         0.0000         0.0000         0.0000         0.0000          -5628.5027       384.7769         0.0000         0.0000       951.7201          -4292.0057       302.3531     -5243.7258     -4290.3890       292.4880           -381.3697      -365.1013     22681.3476       -82.9628       -82.7060

PRESSURE: 11500 836.349 711.048 175.628 475.227 571.797 119.213 794.329 371.844 -864.836
GPRESSURE: 11500 642.614 596.907 77.0258 278.229 796.689 255.761 854.121 38.857 -826.844
PRESSAVG: 11500 200.299 56.514 -38.696 11.6327 191.529 -1.90249 93.3623 -127.242 41.1587
GPRESSAVG: 11500 200.985 54.7578 -45.6357 14.9947 190.739 -7.4495 97.2273 -125.629 42.0849
ENERGY:   11500         0.0000         0.0000         0.0000         0.0000          -5682.6372       440.7552         0.0000         0.0000       972.0154          -4269.8666       308.8008     -5241.8820     -4265.8728       295.7704            181.1030       204.1531     22681.3476       144.3291       144.6030

PRESSURE: 12000 -248.01 -221.286 517.199 103.941 256.293 307.154 1092.22 389.605 -952.822
GPRESSURE: 12000 -174.297 -115.381 369.795 0.172219 325.139 325.94 1357.01 401.979 -1031.95
PRESSAVG: 12000 -167.756 127.239 100.838 127.035 -371.094 -130.758 378.101 -86.5483 -219.123
GPRESSAVG: 12000 -167.342 127.653 103.992 123.195 -370.376 -128.696 378.515 -88.5602 -219.262
ENERGY:   12000         0.0000         0.0000         0.0000         0.0000          -5620.6168       410.6787         0.0000         0.0000       945.7006          -4264.2375       300.4408     -5209.9381     -4261.3785       298.8037           -314.8461      -293.7024     22681.3476      -252.6574      -252.3269

LDB: ============= START OF LOAD BALANCING ============== 46.2535
LDB: ============== END OF LOAD BALANCING =============== 46.2536
Info: useSync: 0 useProxySync: 0
LDB: =============== DONE WITH MIGRATION ================ 46.2536
LDB: ============= START OF LOAD BALANCING ============== 46.3947
LDB: Largest compute 222 load 0.008488 is 14.5% of average load 0.058692
LDB: Average compute 0.002333 is 4.0% of average load 0.058692
LDB: TIME 46.3949 LOAD: AVG 0.0586916 MAX 0.136  PROXIES: TOTAL 28 MAXPE 3 MAXPATCH 5 None MEM: 0.407069 MB
LDB: TIME 46.3949 LOAD: AVG 0.0586916 MAX 0.136  PROXIES: TOTAL 31 MAXPE 4 MAXPATCH 6 RefineTorusLB MEM: 0.407069 MB
LDB: TIME 46.3949 LOAD: AVG 0.0586916 MAX 0.136  PROXIES: TOTAL 31 MAXPE 4 MAXPATCH 6 RefineTorusLB MEM: 0.407069 MB
LDB: Reverting to original mapping
LDB: ============== END OF LOAD BALANCING =============== 46.395
Info: useSync: 0 useProxySync: 0
LDB: =============== DONE WITH MIGRATION ================ 46.3952
PRESSURE: 12500 1069.15 -133.469 283.483 -195.667 -378.592 -366.906 193.112 190.085 499.48
GPRESSURE: 12500 825.891 -327.035 80.0618 -246.737 -282.334 -675.436 556.112 282.78 670.154
PRESSAVG: 12500 -287.03 -219.546 108.667 -107.032 -413.033 127.365 304.555 3.90733 -268.224
GPRESSAVG: 12500 -289.337 -215.592 111.937 -105.401 -412.04 129.938 300.635 0.267998 -267.245
ENERGY:   12500         0.0000         0.0000         0.0000         0.0000          -5618.8675       427.6371         0.0000         0.0000       969.1218          -4222.1085       307.8815     -5191.2304     -4220.5150       299.4749            396.6784       404.5701     22681.3476      -322.7621      -322.8744

PRESSURE: 13000 -392.525 -349.235 307.208 -122.496 275.973 -492.267 -94.2489 -121.964 172.279
GPRESSURE: 13000 -460.245 -514.719 250.642 204.39 338.381 -321.807 -396.766 -129.753 219.172
PRESSAVG: 13000 -174.887 -90.4909 120.454 -105.434 -348.382 -184.757 103.857 -67.2713 -206.609
GPRESSAVG: 13000 -172.172 -90.3225 118.039 -105.594 -349.146 -188.552 103.031 -61.2179 -209.222
ENERGY:   13000         0.0000         0.0000         0.0000         0.0000          -5585.1144       400.6771         0.0000         0.0000       964.1900          -4220.2472       306.3147     -5184.4373     -4217.3061       303.2184             18.5759        32.4361     22681.3476      -243.2927      -243.5132

PRESSURE: 13500 -358.333 344.367 169.309 402.906 -855.226 177.176 267.151 12.268 -1016.84
GPRESSURE: 13500 -287.578 362.176 378.024 426.677 -850.899 222.8 192.701 -203.063 -1025.44
PRESSAVG: 13500 74.7917 -75.3087 62.6685 -22.0698 84.8326 137.038 193.888 52.7122 44.1911
GPRESSAVG: 13500 74.7886 -80.1495 62.5339 -20.8427 86.5413 138.327 191.278 50.466 43.0506
ENERGY:   13500         0.0000         0.0000         0.0000         0.0000          -5511.7785       352.4009         0.0000         0.0000       948.9498          -4210.4279       301.4730     -5159.3777     -4208.6417       306.6280           -743.4672      -721.3073     22681.3476        67.9385        68.1268

PRESSURE: 14000 594.8 140.787 74.5042 -34.8406 693.905 252.334 196.573 268.56 -993.107
GPRESSURE: 14000 565.919 184.567 -85.2847 86.435 695.289 579.378 547.03 -40.8885 -903.844
PRESSAVG: 14000 -343.46 118.54 111.108 63.6051 -525.49 -13.0458 380.8 105.38 -720.395
GPRESSAVG: 14000 -345.082 123.296 114.849 62.9862 -526.263 -13.9721 380.761 104.313 -718.818
ENERGY:   14000         0.0000         0.0000         0.0000         0.0000          -5649.8173       461.3979         0.0000         0.0000       938.8113          -4249.6080       298.2521     -5188.4194     -4247.6988       304.9999             98.5325       119.1212     22681.3476      -529.7817      -530.0545

LDB: ============= START OF LOAD BALANCING ============== 51.9344
LDB: ============== END OF LOAD BALANCING =============== 51.9345
Info: useSync: 0 useProxySync: 0
LDB: =============== DONE WITH MIGRATION ================ 51.9346
LDB: ============= START OF LOAD BALANCING ============== 52.0761
LDB: Largest compute 223 load 0.009151 is 15.6% of average load 0.058770
LDB: Average compute 0.002330 is 4.0% of average load 0.058770
LDB: TIME 52.0762 LOAD: AVG 0.0587701 MAX 0.136047  PROXIES: TOTAL 28 MAXPE 3 MAXPATCH 5 None MEM: 0.407069 MB
LDB: TIME 52.0763 LOAD: AVG 0.0587701 MAX 0.136047  PROXIES: TOTAL 31 MAXPE 4 MAXPATCH 6 RefineTorusLB MEM: 0.407069 MB
LDB: TIME 52.0763 LOAD: AVG 0.0587701 MAX 0.136047  PROXIES: TOTAL 31 MAXPE 4 MAXPATCH 6 RefineTorusLB MEM: 0.407069 MB
LDB: ============== END OF LOAD BALANCING =============== 52.0763
Info: useSync: 0 useProxySync: 0
LDB: =============== DONE WITH MIGRATION ================ 52.0765
PRESSURE: 14500 94.6268 312.488 -128.955 -12.8034 116.627 308.501 159.888 791.283 -245.879
GPRESSURE: 14500 54.7747 247.29 6.90291 -4.7629 308.816 135.728 4.73194 859.663 -371.149
PRESSAVG: 14500 -409.448 14.3643 -9.76892 160.41 -353.536 -138.443 236.101 -134.871 -281.514
GPRESSAVG: 14500 -408.483 17.1124 -12.4199 158.208 -354.65 -138.426 235.534 -135.165 -280.906
ENERGY:   14500         0.0000         0.0000         0.0000         0.0000          -5636.9143       435.8380         0.0000         0.0000       930.9416          -4270.1348       295.7520     -5201.0764     -4267.6599       299.2375            -11.5417        -2.5195     22681.3476      -348.1660      -348.0128

WRITING COORDINATES TO DCD FILE MD.dcd AT STEP 15000
WRITING COORDINATES TO RESTART FILE AT STEP 15000
FINISHED WRITING RESTART COORDINATES
The last position output (seq=15000) takes 0.001 seconds, 0.407 MB of memory in use
WRITING VELOCITIES TO RESTART FILE AT STEP 15000
FINISHED WRITING RESTART VELOCITIES
The last velocity output (seq=15000) takes 0.008 seconds, 0.407 MB of memory in use
PRESSURE: 15000 144.372 -328.978 35.3778 -565.391 -160.12 -560.977 195.983 -384.667 -156.369
GPRESSURE: 15000 265.551 -528.552 134.851 -506.411 -145.74 -407.627 255.22 -335.492 -228.773
PRESSAVG: 15000 -79.4966 31.1362 -98.4147 -86.7023 -323.542 -73.149 233.375 107.682 -264.489
GPRESSAVG: 15000 -78.9618 26.8854 -101.662 -84.0053 -322.539 -71.9581 237.206 108.723 -264.999
TIMING: 15000  CPU: 42.8087, 0.00285564/step  Wall: 42.9576, 0.00286142/step, 0.226529 hours remaining, 0.407069 MB of memory in use.
PERFORMANCE: 15000  averaging 60.3505 ns/day, 0.00286328 sec/step with standard deviation 2.10079e-06
ETITLE:      TS           BOND          ANGLE          DIHED          IMPRP               ELECT            VDW       BOUNDARY           MISC        KINETIC               TOTAL           TEMP      POTENTIAL         TOTAL3        TEMPAVG            PRESSURE      GPRESSURE         VOLUME       PRESSAVG      GPRESSAVG

ENERGY:   15000         0.0000         0.0000         0.0000         0.0000          -5584.4563       406.1532         0.0000         0.0000       933.4606          -4244.8425       296.5522     -5178.3031     -4242.1674       303.3094            -57.3721       -36.3206     22681.3476      -222.5092      -222.1667

WRITING EXTENDED SYSTEM TO RESTART FILE AT STEP 15000
PRESSURE: 15500 137.994 -329.505 -759.117 139.476 -384.035 -205.057 -84.1103 157.515 -257.693
GPRESSURE: 15500 234.687 -315.036 -599.191 285.259 -347.727 -27.9062 -388.546 -18.5414 -300.209
PRESSAVG: 15500 -82.6243 -121.939 -108.25 -64.0993 -257.288 -168.263 176.371 -20.3821 120.214
GPRESSAVG: 15500 -81.2035 -120.845 -109.255 -63.8386 -258.352 -172.897 174.804 -18.5135 121.615
ENERGY:   15500         0.0000         0.0000         0.0000         0.0000          -5565.8814       389.0619         0.0000         0.0000       955.4058          -4221.4138       303.5240     -5176.8195     -4219.3407       305.3485           -167.9114      -137.7495     22681.3476       -73.2328       -72.6467

PRESSURE: 16000 193.679 -659.421 -16.9555 -411.383 -317.85 63.0351 -45.0961 -384.063 -246.18
GPRESSURE: 16000 198.144 -664.31 61.7969 -275.638 -282.543 -132.357 -81.7181 -208.551 -212.978
PRESSAVG: 16000 -162.599 69.9944 -46.8665 27.4078 -530.675 102.507 76.5023 45.4217 -153.021
GPRESSAVG: 16000 -162.994 69.9397 -43.0377 26.5273 -531.996 102.197 75.4738 43.5394 -150.836
ENERGY:   16000         0.0000         0.0000         0.0000         0.0000          -5599.7801       401.7988         0.0000         0.0000       954.0945          -4243.8868       303.1075     -5197.9813     -4242.2386       306.2787           -123.4502       -99.1258     22681.3476      -282.0981      -281.9423

LDB: ============= START OF LOAD BALANCING ============== 57.7754
LDB: ============== END OF LOAD BALANCING =============== 57.7755
Info: useSync: 0 useProxySync: 0
LDB: =============== DONE WITH MIGRATION ================ 57.7757
LDB: ============= START OF LOAD BALANCING ============== 57.9175
LDB: Largest compute 222 load 0.009515 is 16.2% of average load 0.058884
LDB: Average compute 0.002335 is 4.0% of average load 0.058884
LDB: TIME 57.9177 LOAD: AVG 0.0588838 MAX 0.136581  PROXIES: TOTAL 28 MAXPE 3 MAXPATCH 5 None MEM: 0.407069 MB
LDB: TIME 57.9178 LOAD: AVG 0.0588838 MAX 0.136581  PROXIES: TOTAL 31 MAXPE 4 MAXPATCH 6 RefineTorusLB MEM: 0.407069 MB
LDB: TIME 57.9178 LOAD: AVG 0.0588838 MAX 0.136581  PROXIES: TOTAL 31 MAXPE 4 MAXPATCH 6 RefineTorusLB MEM: 0.407069 MB
LDB: ============== END OF LOAD BALANCING =============== 57.9179
Info: useSync: 0 useProxySync: 0
LDB: =============== DONE WITH MIGRATION ================ 57.9181
PRESSURE: 16500 249.263 833.004 -941.508 745.716 419.281 78.4904 -132.714 539.151 1181.28
GPRESSURE: 16500 163.028 474.738 -903.425 661.753 426.87 -78.2308 -47.6106 749.444 1314.18
PRESSAVG: 16500 -174.548 60.4591 105.446 33.9973 -188.009 167.384 383.597 263.302 309.044
GPRESSAVG: 16500 -175.062 63.0239 104.725 32.894 -185.902 169.799 385.031 261.364 306.977
ENERGY:   16500         0.0000         0.0000         0.0000         0.0000          -5583.5189       422.1158         0.0000         0.0000       962.2770          -4199.1261       305.7070     -5161.4031     -4197.6806       306.7623            616.6081       634.6922     22681.3476       -17.8376       -17.9956

PRESSURE: 17000 -222.684 10.3349 -448.689 120.261 288.016 -0.349096 -637.907 -289.587 293.29
GPRESSURE: 17000 -32.5669 177.184 -181.876 -21.8806 273.786 -8.55724 -984.395 -193.143 166.924
PRESSAVG: 17000 -484.568 49.059 -57.902 75.8954 -449.819 103.9 132.229 144.672 -279.323
GPRESSAVG: 17000 -482.06 47.112 -59.3117 76.7379 -451.87 100.199 131.546 147.003 -280.61
ENERGY:   17000         0.0000         0.0000         0.0000         0.0000          -5652.0449       432.1171         0.0000         0.0000       996.9587          -4222.9691       316.7250     -5219.9278     -4220.3700       305.1730            119.5409       136.0475     22681.3476      -404.5700      -404.8468

PRESSURE: 17500 -916.694 45.2858 37.9067 -129.362 63.1669 -456.709 283.741 -322.748 -1078.83
GPRESSURE: 17500 -894.479 -340.607 64.4311 97.3117 213.06 -552.067 134.56 -584.029 -1154.3
PRESSAVG: 17500 -386.13 12.7609 25.7156 39.3428 -144.407 103.143 284.329 58.4288 -451.053
GPRESSAVG: 17500 -389.083 10.7303 27.6016 42.1761 -143.133 106.545 285.848 53.7091 -450.47
ENERGY:   17500         0.0000         0.0000         0.0000         0.0000          -5521.0993       352.3085         0.0000         0.0000       903.7426          -4265.0483       287.1111     -5168.7908     -4262.6911       300.1410           -644.1203      -611.9060     22681.3476      -327.1966      -327.5623

PRESSURE: 18000 -595.26 272.003 166.375 253.284 -348.526 -837.69 359.964 -516.26 -676.156
GPRESSURE: 18000 -810.635 126.627 -47.6913 253.335 -311.956 -770.635 680.989 -576.128 -395.144
PRESSAVG: 18000 -131.9 112.851 26.0886 144.787 -292.714 -162.692 118.63 -170.796 -204.601
GPRESSAVG: 18000 -132.469 110.244 25.908 141.201 -294.345 -164.217 119.841 -169.091 -203.13
ENERGY:   18000         0.0000         0.0000         0.0000         0.0000          -5596.3729       374.3909         0.0000         0.0000       965.5750          -4256.4069       306.7547     -5221.9820     -4255.2923       299.4302           -539.9806      -505.9119     22681.3476      -209.7381      -209.9814

LDB: ============= START OF LOAD BALANCING ============== 63.4763
LDB: ============== END OF LOAD BALANCING =============== 63.4764
Info: useSync: 0 useProxySync: 0
LDB: =============== DONE WITH MIGRATION ================ 63.4766
LDB: ============= START OF LOAD BALANCING ============== 63.6181
LDB: Largest compute 224 load 0.008706 is 14.9% of average load 0.058481
LDB: Average compute 0.002311 is 4.0% of average load 0.058481
LDB: TIME 63.6183 LOAD: AVG 0.0584814 MAX 0.135499  PROXIES: TOTAL 28 MAXPE 3 MAXPATCH 5 None MEM: 0.407069 MB
LDB: TIME 63.6184 LOAD: AVG 0.0584814 MAX 0.135499  PROXIES: TOTAL 31 MAXPE 4 MAXPATCH 6 RefineTorusLB MEM: 0.407069 MB
LDB: TIME 63.6185 LOAD: AVG 0.0584814 MAX 0.135499  PROXIES: TOTAL 31 MAXPE 4 MAXPATCH 6 RefineTorusLB MEM: 0.407069 MB
LDB: Reverting to original mapping
LDB: ============== END OF LOAD BALANCING =============== 63.6186
Info: useSync: 0 useProxySync: 0
LDB: =============== DONE WITH MIGRATION ================ 63.6188
PRESSURE: 18500 -284.908 -272.942 6.49241 -455.119 184.05 275.501 458.981 316.304 232.593
GPRESSURE: 18500 -337.737 -110.888 -175.165 -562.107 365.068 115.687 581.127 470.615 156.119
PRESSAVG: 18500 -242.453 -142.704 128.638 -61.9468 -201.747 -101.755 435.169 -34.241 -42.4929
GPRESSAVG: 18500 -243.718 -140.87 127.866 -57.9051 -199.487 -99.4543 433.431 -34.5329 -43.2059
ENERGY:   18500         0.0000         0.0000         0.0000         0.0000          -5675.1547       430.8552         0.0000         0.0000       967.4679          -4276.8316       307.3561     -5244.2994     -4274.5557       302.4273             43.9119        61.1500     22681.3476      -162.2308      -162.1370

PRESSURE: 19000 -436.018 -108.145 -130.359 175.714 -5.70997 -243.524 285.557 28.4132 -723.968
GPRESSURE: 19000 -363.883 -386.85 -543.717 86.4154 50.758 -140.093 595.057 -11.0417 -792.536
PRESSAVG: 19000 -413.041 46.8215 -75.7124 63.0101 -566.046 -11.3619 297.85 60.5937 -617.056
GPRESSAVG: 19000 -410.468 46.0981 -73.5229 61.8024 -567.798 -14.8938 295 60.2693 -617.632
ENERGY:   19000         0.0000         0.0000         0.0000         0.0000          -5629.7931       401.3666         0.0000         0.0000       924.4381          -4303.9884       293.6859     -5228.4265     -4301.4878       295.1327           -388.5653      -368.5539     22681.3476      -532.0475      -531.9660

PRESSURE: 19500 -1004.51 757.869 139.892 71.3449 38.1745 -263.737 294.816 -463.855 -984.806
GPRESSURE: 19500 -916.973 608.566 154.37 254.833 -135.848 -227.703 125.671 -333.835 -850.311
PRESSAVG: 19500 -153.729 55.9548 208.546 -11.7955 -410.445 -63.2827 189.404 86.5209 -31.9811
GPRESSAVG: 19500 -154.403 55.8001 209.39 -11.3519 -410.482 -61.4568 189.4 87.7033 -31.5481
ENERGY:   19500         0.0000         0.0000         0.0000         0.0000          -5522.2207       351.6578         0.0000         0.0000       905.9386          -4264.6244       287.8087     -5170.5629     -4262.9512       299.2286           -650.3809      -634.3774     22681.3476      -198.7183      -198.8111

WRITING COORDINATES TO DCD FILE MD.dcd AT STEP 20000
WRITING COORDINATES TO RESTART FILE AT STEP 20000
FINISHED WRITING RESTART COORDINATES
The last position output (seq=20000) takes 0.001 seconds, 0.407 MB of memory in use
WRITING VELOCITIES TO RESTART FILE AT STEP 20000
FINISHED WRITING RESTART VELOCITIES
The last velocity output (seq=20000) takes 0.000 seconds, 0.407 MB of memory in use
PRESSURE: 20000 -360.75 -383.935 -473.903 -174.777 -434.845 -113.847 15.6436 -199.294 -235.066
GPRESSURE: 20000 -342.049 -358.524 -774.546 -285.723 -356.604 95.635 339.477 81.4156 -342.955
PRESSAVG: 20000 -321.345 -20.9166 -84.8674 -68.4917 -530.988 -28.5545 377.989 24.9168 -102.201
GPRESSAVG: 20000 -320.066 -18.2685 -85.2229 -69.4283 -531.308 -28.5754 379.739 25.2126 -103.244
TIMING: 20000  CPU: 57.0464, 0.00284753/step  Wall: 57.2552, 0.00285951/step, 0.222407 hours remaining, 0.407069 MB of memory in use.
PERFORMANCE: 20000  averaging 60.3703 ns/day, 0.00286233 sec/step with standard deviation 2.54602e-06
ETITLE:      TS           BOND          ANGLE          DIHED          IMPRP               ELECT            VDW       BOUNDARY           MISC        KINETIC               TOTAL           TEMP      POTENTIAL         TOTAL3        TEMPAVG            PRESSURE      GPRESSURE         VOLUME       PRESSAVG      GPRESSAVG

ENERGY:   20000         0.0000         0.0000         0.0000         0.0000          -5605.6425       407.7561         0.0000         0.0000       975.3794          -4222.5070       309.8695     -5197.8864     -4219.9311       302.1621           -343.5536      -347.2024     22681.3476      -318.1779      -318.2060

WRITING EXTENDED SYSTEM TO RESTART FILE AT STEP 20000
LDB: ============= START OF LOAD BALANCING ============== 69.1961
LDB: ============== END OF LOAD BALANCING =============== 69.1963
Info: useSync: 0 useProxySync: 0
LDB: =============== DONE WITH MIGRATION ================ 69.1963
LDB: ============= START OF LOAD BALANCING ============== 69.3395
LDB: Largest compute 222 load 0.008278 is 14.1% of average load 0.058918
LDB: Average compute 0.002325 is 3.9% of average load 0.058918
LDB: TIME 69.3396 LOAD: AVG 0.0589181 MAX 0.137058  PROXIES: TOTAL 28 MAXPE 3 MAXPATCH 5 None MEM: 0.407069 MB
LDB: TIME 69.3397 LOAD: AVG 0.0589181 MAX 0.137058  PROXIES: TOTAL 31 MAXPE 4 MAXPATCH 6 RefineTorusLB MEM: 0.407069 MB
LDB: TIME 69.3397 LOAD: AVG 0.0589181 MAX 0.137058  PROXIES: TOTAL 31 MAXPE 4 MAXPATCH 6 RefineTorusLB MEM: 0.407069 MB
LDB: ============== END OF LOAD BALANCING =============== 69.3398
Info: useSync: 0 useProxySync: 0
LDB: =============== DONE WITH MIGRATION ================ 69.3429
PRESSURE: 20500 -1534.85 -53.043 439.718 438.988 -299.12 -71.3215 -53.101 -513.721 -493.82
GPRESSURE: 20500 -1354.56 -154.808 244.314 275.623 -225.579 -50.0335 -87.7776 -666.073 -721.843
PRESSAVG: 20500 -637.098 -54.0721 31.3615 37.8748 -521.922 -66.7349 278.834 19.3649 -34.0567
GPRESSAVG: 20500 -637.225 -56.5393 28.5269 36.7321 -523.608 -67.8176 277.65 17.2748 -32.5754
ENERGY:   20500         0.0000         0.0000         0.0000         0.0000          -5520.4874       345.1558         0.0000         0.0000       981.8677          -4193.4639       311.9308     -5175.3316     -4190.2480       304.6309           -775.9300      -767.3274     22681.3476      -397.6924      -397.8029

PRESSURE: 21000 -288.389 -761.99 -189.07 -733.479 -450.268 -57.1624 -899.019 -247.588 1413.66
GPRESSURE: 21000 -180.324 -864.584 -427.422 -858.109 -327.987 81.3468 -698.502 -447.433 1247.8
PRESSAVG: 21000 -440.027 -56.9383 103.837 -26.6591 -151.847 -81.6721 -3.34488 -41.6152 -377.719
GPRESSAVG: 21000 -442.841 -56.2571 107.413 -28.0816 -149.563 -80.4617 -1.16211 -40.7964 -378.448
ENERGY:   21000         0.0000         0.0000         0.0000         0.0000          -5565.4695       407.1586         0.0000         0.0000       964.7152          -4193.5958       306.4815     -5158.3109     -4191.1732       310.8736            224.9995       246.4955     22681.3476      -323.1977      -323.6174

PRESSURE: 21500 -950.809 -92.031 213.171 109.03 -135.448 -692.315 1466.41 176.122 743.087
GPRESSURE: 21500 -983.223 93.4374 -24.0603 -266.279 -169.181 -944.34 1455.19 363.89 871.098
PRESSAVG: 21500 -217.223 -157.571 -82.4033 -188.693 -18.9882 25.7002 -103.866 51.722 -19.9054
GPRESSAVG: 21500 -216.578 -157.816 -82.7108 -187.978 -19.1631 25.6803 -105.9 51.9562 -21.0823
ENERGY:   21500         0.0000         0.0000         0.0000         0.0000          -5514.5332       374.3254         0.0000         0.0000       951.8062          -4188.4015       302.3805     -5140.2078     -4186.7104       309.8930           -114.3900       -93.7686     22681.3476       -85.3723       -85.6078

PRESSURE: 22000 -731.701 222.459 81.7402 -119.739 -1156.46 -73.8912 -256.073 482.589 354.219
GPRESSURE: 22000 -676.755 168.988 -36.3723 -247.25 -1092.97 -167.785 -76.0663 322.485 308.388
PRESSAVG: 22000 -321.584 53.5138 96.4895 87.0189 -214.553 -140.875 55.1583 -25.859 -1.37239
GPRESSAVG: 22000 -320.788 53.713 93.5552 84.5854 -213.995 -141.353 55.9369 -27.8925 -3.15186
ENERGY:   22000         0.0000         0.0000         0.0000         0.0000          -5514.0410       343.4852         0.0000         0.0000       974.6082          -4195.9477       309.6245     -5170.5558     -4193.1549       308.4333           -511.3140      -487.1125     22681.3476      -179.1700      -179.3118

LDB: ============= START OF LOAD BALANCING ============== 74.927
LDB: ============== END OF LOAD BALANCING =============== 74.9277
Info: useSync: 0 useProxySync: 0
LDB: =============== DONE WITH MIGRATION ================ 74.9279
LDB: ============= START OF LOAD BALANCING ============== 75.0697
LDB: Largest compute 223 load 0.008582 is 14.7% of average load 0.058538
LDB: Average compute 0.002312 is 4.0% of average load 0.058538
LDB: TIME 75.0699 LOAD: AVG 0.0585379 MAX 0.136052  PROXIES: TOTAL 28 MAXPE 3 MAXPATCH 5 None MEM: 0.407069 MB
LDB: TIME 75.0699 LOAD: AVG 0.0585379 MAX 0.136052  PROXIES: TOTAL 31 MAXPE 4 MAXPATCH 6 RefineTorusLB MEM: 0.407069 MB
LDB: TIME 75.07 LOAD: AVG 0.0585379 MAX 0.136052  PROXIES: TOTAL 31 MAXPE 4 MAXPATCH 6 RefineTorusLB MEM: 0.407069 MB
LDB: ============== END OF LOAD BALANCING =============== 75.07
Info: useSync: 0 useProxySync: 0
LDB: =============== DONE WITH MIGRATION ================ 75.0702
PRESSURE: 22500 267.911 -747.662 401.592 -591.487 101.162 163.551 620.365 648.74 899.204
GPRESSURE: 22500 421.469 -648.371 296.273 -245.102 120.883 133.327 605.513 685.482 775.71
PRESSAVG: 22500 -287.135 -167.501 -55.8709 -190.259 -47.4467 -1.79937 427.364 189.804 270.633
GPRESSAVG: 22500 -289.315 -168.685 -56.0287 -187.519 -49.1402 3.39154 429.918 189.198 273.451
ENERGY:   22500         0.0000         0.0000         0.0000         0.0000          -5627.5333       438.2231         0.0000         0.0000       965.2886          -4224.0216       306.6637     -5189.3102     -4221.9845       305.0746            422.7590       439.3543     22681.3476       -21.3164       -21.6679

PRESSURE: 23000 206.092 446.531 -65.628 77.0785 418.02 -66.7655 471.833 247.83 -1685
GPRESSURE: 23000 242.736 457.451 55.152 249.049 531.656 16.2031 566.675 164.228 -1772.05
PRESSAVG: 23000 -378.593 -140.429 -118.05 -216.875 -440.509 42.4453 91.4963 -34.87 -349.185
GPRESSAVG: 23000 -379.701 -143.339 -113.892 -214.461 -438.295 37.2998 86.4657 -30.0256 -349.924
ENERGY:   23000         0.0000         0.0000         0.0000         0.0000          -5603.2416       393.2543         0.0000         0.0000       957.5231          -4252.4643       304.1967     -5209.9874     -4249.9365       303.4870           -353.6299      -332.5536     22681.3476      -389.4291      -389.3070

PRESSURE: 23500 -148.334 214.274 255.763 263.362 -319.482 195.958 504.512 127.014 -887.66
GPRESSURE: 23500 -166.365 352.55 112.725 277.326 -282.914 127.08 377.547 166.937 -858.671
PRESSAVG: 23500 -497.416 223.975 91.8606 176.575 -376.907 36.8405 312.323 110.706 -383.939
GPRESSAVG: 23500 -496.429 228.757 89.3936 169.004 -377.887 40.0442 317.38 108.993 -383.749
ENERGY:   23500         0.0000         0.0000         0.0000         0.0000          -5587.0199       384.2408         0.0000         0.0000       933.9484          -4268.8307       296.7072     -5202.7792     -4265.3768       298.8209           -451.8251      -435.9835     22681.3476      -419.4210      -419.3550

PRESSURE: 24000 -974.498 -7.69222 -591.183 285.461 -16.95 219.52 -140.574 456.425 -384.963
GPRESSURE: 24000 -929.91 -261.095 -397.067 498.471 -148.044 279.705 -358.887 185.059 -253.793
PRESSAVG: 24000 -521.846 11.9161 -190.312 -99.9692 -337.234 -172.129 217.975 -81.3037 -27.5918
GPRESSAVG: 24000 -522.97 9.88461 -188.065 -96.8002 -336.07 -173.772 215.165 -82.6605 -27.4961
ENERGY:   24000         0.0000         0.0000         0.0000         0.0000          -5590.5224       374.5189         0.0000         0.0000       941.7263          -4274.2771       299.1782     -5216.0035     -4271.3232       299.5640           -458.8039      -443.9156     22681.3476      -295.5573      -295.5121

LDB: ============= START OF LOAD BALANCING ============== 80.6349
LDB: ============== END OF LOAD BALANCING =============== 80.635
Info: useSync: 0 useProxySync: 0
LDB: =============== DONE WITH MIGRATION ================ 80.6352
LDB: ============= START OF LOAD BALANCING ============== 80.7768
LDB: Largest compute 222 load 0.008820 is 14.9% of average load 0.059014
LDB: Average compute 0.002337 is 4.0% of average load 0.059014
LDB: TIME 80.7769 LOAD: AVG 0.0590137 MAX 0.135881  PROXIES: TOTAL 28 MAXPE 3 MAXPATCH 5 None MEM: 0.407069 MB
LDB: TIME 80.777 LOAD: AVG 0.0590137 MAX 0.135881  PROXIES: TOTAL 31 MAXPE 4 MAXPATCH 6 RefineTorusLB MEM: 0.407069 MB
LDB: TIME 80.777 LOAD: AVG 0.0590137 MAX 0.135881  PROXIES: TOTAL 31 MAXPE 4 MAXPATCH 6 RefineTorusLB MEM: 0.407069 MB
LDB: ============== END OF LOAD BALANCING =============== 80.7771
Info: useSync: 0 useProxySync: 0
LDB: =============== DONE WITH MIGRATION ================ 80.7773
PRESSURE: 24500 -60.9561 -185.147 -448.169 -314.99 97.5119 -336.218 -51.5339 -296.61 283.81
GPRESSURE: 24500 -222.912 49.2072 -456.331 -193.409 238.423 -331.441 31.8984 -106.833 383.513
PRESSAVG: 24500 -308.809 -20.9873 51.7164 -145.49 -223.588 128.556 325.155 18.9762 102.569
GPRESSAVG: 24500 -307.465 -22.9498 48.2424 -145.093 -224.486 131.047 327.286 19.0988 104.444
ENERGY:   24500         0.0000         0.0000         0.0000         0.0000          -5646.0933       423.4327         0.0000         0.0000       948.5988          -4274.0618       301.3615     -5222.6606     -4270.7895       296.8125            106.7887       133.0079     22681.3476      -143.2763      -142.5024

WRITING COORDINATES TO DCD FILE MD.dcd AT STEP 25000
WRITING COORDINATES TO RESTART FILE AT STEP 25000
FINISHED WRITING RESTART COORDINATES
The last position output (seq=25000) takes 0.001 seconds, 0.407 MB of memory in use
WRITING VELOCITIES TO RESTART FILE AT STEP 25000
FINISHED WRITING RESTART VELOCITIES
The last velocity output (seq=25000) takes 0.009 seconds, 0.407 MB of memory in use
PRESSURE: 25000 -265.031 586.436 -88.2251 551.09 64.5652 -4.66047 -194.399 -129.676 534.871
GPRESSURE: 25000 -347.391 744.517 -49.0305 478.177 226.367 -0.385842 -269.143 -121.414 511.806
PRESSAVG: 25000 -145.271 -72.2524 94.9993 -144.1 -48.001 -189.38 126.774 -7.16255 221.233
GPRESSAVG: 25000 -145.736 -72.1397 99.5198 -146.199 -48.461 -189.281 123.303 -4.66638 221.604
TIMING: 25000  CPU: 71.3076, 0.00285225/step  Wall: 71.5756, 0.00286408/step, 0.218784 hours remaining, 0.407069 MB of memory in use.
PERFORMANCE: 25000  averaging 60.363 ns/day, 0.00286268 sec/step with standard deviation 2.33832e-06
ETITLE:      TS           BOND          ANGLE          DIHED          IMPRP               ELECT            VDW       BOUNDARY           MISC        KINETIC               TOTAL           TEMP      POTENTIAL         TOTAL3        TEMPAVG            PRESSURE      GPRESSURE         VOLUME       PRESSAVG      GPRESSAVG

ENERGY:   25000         0.0000         0.0000         0.0000         0.0000          -5643.5210       419.3055         0.0000         0.0000       955.0567          -4269.1589       303.4131     -5224.2156     -4268.3802       301.1334            111.4685       130.2606     22681.3476         9.3204         9.1356

WRITING EXTENDED SYSTEM TO RESTART FILE AT STEP 25000
PRESSURE: 25500 -387.04 -85.3564 194.505 -358.181 -507.691 38.8447 600.373 85.3509 -303.57
GPRESSURE: 25500 -392.397 -196.077 194.358 -147.528 -283.578 64.6999 622.747 53.732 -413.335
PRESSAVG: 25500 -420.193 -9.59583 -126.263 -46.5193 -254.387 -149.44 147.787 -12.5133 -307.723
GPRESSAVG: 25500 -421.26 -10.6993 -130.894 -44.9168 -251.735 -149.418 149.674 -15.2556 -309.404
ENERGY:   25500         0.0000         0.0000         0.0000         0.0000          -5626.9335       402.3751         0.0000         0.0000       960.7328          -4263.8256       305.2164     -5224.5584     -4261.0039       302.6051           -399.4335      -363.1035     22681.3476      -327.4346      -327.4664

PRESSURE: 26000 -939.944 -101.359 -10.438 228.328 39.6172 -103.466 -272.684 356.778 -288.491
GPRESSURE: 26000 -690.725 -109.873 -333.446 112.955 -95.1111 -55.4556 -37.3622 424.125 -360.142
PRESSAVG: 26000 -615.996 -95.2516 130.68 -54.376 -296.644 -15.4236 266.046 109.221 -219.117
GPRESSAVG: 26000 -614.857 -93.3507 132.099 -55.3737 -299.398 -14.0724 266.828 108.341 -218.009
ENERGY:   26000         0.0000         0.0000         0.0000         0.0000          -5577.8072       393.4892         0.0000         0.0000       960.2980          -4224.0200       305.0782     -5184.3180     -4221.7149       304.9353           -396.2728      -381.9928     22681.3476      -377.2521      -377.4212

LDB: ============= START OF LOAD BALANCING ============== 86.3741
LDB: ============== END OF LOAD BALANCING =============== 86.3742
Info: useSync: 0 useProxySync: 0
LDB: =============== DONE WITH MIGRATION ================ 86.3744
LDB: ============= START OF LOAD BALANCING ============== 86.5156
LDB: Largest compute 222 load 0.008136 is 13.9% of average load 0.058642
LDB: Average compute 0.002322 is 4.0% of average load 0.058642
LDB: TIME 86.5158 LOAD: AVG 0.0586424 MAX 0.135398  PROXIES: TOTAL 28 MAXPE 3 MAXPATCH 5 None MEM: 0.407069 MB
LDB: TIME 86.5159 LOAD: AVG 0.0586424 MAX 0.135398  PROXIES: TOTAL 31 MAXPE 4 MAXPATCH 6 RefineTorusLB MEM: 0.407069 MB
LDB: TIME 86.5159 LOAD: AVG 0.0586424 MAX 0.135398  PROXIES: TOTAL 31 MAXPE 4 MAXPATCH 6 RefineTorusLB MEM: 0.407069 MB
LDB: ============== END OF LOAD BALANCING =============== 86.5159
Info: useSync: 0 useProxySync: 0
LDB: =============== DONE WITH MIGRATION ================ 86.5162
PRESSURE: 26500 -636.236 644.263 -17.52 304.63 -715.507 -67.822 497.667 -244.843 -1459.25
GPRESSURE: 26500 -738.479 541.097 188.765 424.62 -863.706 -128.376 299.099 -133.542 -1139.81
PRESSAVG: 26500 -360.43 -86.6099 -16.1867 -55.4598 -422.652 -76.2515 -17.2413 -34.439 90.9769
GPRESSAVG: 26500 -362.007 -87.2814 -14.5729 -54.3354 -423.231 -76.8855 -19.7442 -36.076 90.5915
ENERGY:   26500         0.0000         0.0000         0.0000         0.0000          -5504.2373       329.1483         0.0000         0.0000       931.4446          -4243.6443       295.9118     -5175.0890     -4240.0964       303.9709           -936.9966      -913.9965     22681.3476      -230.7016      -231.5489

PRESSURE: 27000 -414.588 66.6891 -193.438 -1.3222 -22.9584 108.18 61.2792 -86.0576 357.231
GPRESSURE: 27000 -397.765 -156.697 -246.704 87.4478 -23.2745 36.6251 -72.5697 -36.8508 398.233
PRESSAVG: 27000 -104.556 51.4697 49.0929 -87.6954 -160.291 -181.443 132.353 45.3156 85.2221
GPRESSAVG: 27000 -104.821 50.0365 49.9569 -89.3918 -159.069 -183.252 131.556 48.1873 83.9944
ENERGY:   27000         0.0000         0.0000         0.0000         0.0000          -5586.0434       420.0979         0.0000         0.0000       942.2368          -4223.7087       299.3403     -5165.9454     -4222.7643       304.4862            -26.7721        -7.6024     22681.3476       -59.8751       -59.9650

PRESSURE: 27500 -671.7 -42.9832 255.107 -95.3368 3.30179 120.35 468.958 228.91 1091.49
GPRESSURE: 27500 -665.721 -68.1651 115.343 -349.841 178.973 93.3448 397.828 467.838 982.591
PRESSAVG: 27500 -46.0377 -226.716 141.053 -295.63 -183.233 -11.148 439.542 193.376 66.7342
GPRESSAVG: 27500 -45.9553 -227.342 137.087 -292.421 -184.579 -12.1063 443.934 190.919 67.6447
ENERGY:   27500         0.0000         0.0000         0.0000         0.0000          -5623.4468       413.6341         0.0000         0.0000       979.7824          -4230.0303       311.2683     -5209.8127     -4228.3898       305.0682            141.0305       165.2813     22681.3476       -54.1787       -54.2966

PRESSURE: 28000 -892.803 87.4522 549.815 -280.7 -113.3 624.743 558.037 469.59 -162.014
GPRESSURE: 28000 -962.65 218.771 477.167 -220.115 154.502 652.061 463.333 413.354 -272.059
PRESSAVG: 28000 -270.143 -64.2425 29.0311 -63.4891 -329.613 225.278 308.83 358.896 -401.103
GPRESSAVG: 28000 -268.169 -59.1659 31.7465 -67.5019 -330.903 226.53 307.368 360.783 -401.569
ENERGY:   28000         0.0000         0.0000         0.0000         0.0000          -5624.3799       408.4042         0.0000         0.0000       940.0773          -4275.8983       298.6543     -5215.9756     -4273.3597       299.6685           -389.3725      -360.0690     22681.3476      -333.6198      -333.5471

LDB: ============= START OF LOAD BALANCING ============== 92.1153
LDB: ============== END OF LOAD BALANCING =============== 92.1154
Info: useSync: 0 useProxySync: 0
LDB: =============== DONE WITH MIGRATION ================ 92.1156
LDB: ============= START OF LOAD BALANCING ============== 92.2573
LDB: Largest compute 222 load 0.008219 is 14.0% of average load 0.058772
LDB: Average compute 0.002326 is 4.0% of average load 0.058772
LDB: TIME 92.2576 LOAD: AVG 0.058772 MAX 0.135787  PROXIES: TOTAL 28 MAXPE 3 MAXPATCH 5 None MEM: 0.407069 MB
LDB: TIME 92.2576 LOAD: AVG 0.058772 MAX 0.135787  PROXIES: TOTAL 31 MAXPE 4 MAXPATCH 6 RefineTorusLB MEM: 0.407069 MB
LDB: TIME 92.2577 LOAD: AVG 0.058772 MAX 0.135787  PROXIES: TOTAL 31 MAXPE 4 MAXPATCH 6 RefineTorusLB MEM: 0.407069 MB
LDB: ============== END OF LOAD BALANCING =============== 92.2578
Info: useSync: 0 useProxySync: 0
LDB: =============== DONE WITH MIGRATION ================ 92.258
PRESSURE: 28500 -875.541 -60.5618 -261.014 169.842 -912.078 502.282 -1014.43 548.536 -893.302
GPRESSURE: 28500 -909.533 7.19231 -224.988 146.162 -768.948 630.68 -1118.92 483.615 -904.331
PRESSAVG: 28500 -542.896 38.8359 -38.8483 160.719 -222.207 -51.3107 78.0673 70.8874 -324.882
GPRESSAVG: 28500 -544.744 35.0014 -37.6027 164.106 -220.69 -49.8245 75.9916 67.5279 -324.145
ENERGY:   28500         0.0000         0.0000         0.0000         0.0000          -5572.0781       341.1686         0.0000         0.0000       958.7191          -4272.1903       304.5766     -5230.9094     -4270.1354       300.7467           -893.6406      -860.9375     22681.3476      -363.3285      -363.1927

PRESSURE: 29000 -710.071 -54.4586 219.036 60.6305 -615.628 -0.342366 833.831 414.966 -709.692
GPRESSURE: 29000 -876.549 26.5649 558.38 -82.7788 -674.753 111.745 417.289 40.0945 -456.054
PRESSAVG: 29000 -188.571 61.8109 55.1717 126.15 -549.539 27.7326 288.196 96.554 -455.872
GPRESSAVG: 29000 -188.688 65.2452 56.8548 123.798 -549.984 26.346 284.612 98.2172 -454.54
ENERGY:   29000         0.0000         0.0000         0.0000         0.0000          -5574.7874       373.8417         0.0000         0.0000       885.6213          -4315.3244       281.3541     -5200.9457     -4313.1465       293.1813           -678.4636      -669.1186     22681.3476      -397.9941      -397.7373

PRESSURE: 29500 -161.195 881.872 440.111 809.714 -106.686 -737.372 -222.458 -1059.24 -672.161
GPRESSURE: 29500 -111.662 975.369 156.702 804.519 -48.2908 -553.282 -154.467 -1331.92 -782.836
PRESSAVG: 29500 -414.019 -90.4193 161.901 -45.7856 -564.972 65.0529 421.393 74.9041 -141.911
GPRESSAVG: 29500 -412.444 -92.8343 160.674 -46.8318 -566.932 66.0741 423.987 75.2805 -142.759
ENERGY:   29500         0.0000         0.0000         0.0000         0.0000          -5564.9410       365.7127         0.0000         0.0000       933.6183          -4265.6100       296.6023     -5199.2283     -4263.1129       293.8870           -313.3473      -314.2628     22681.3476      -373.6339      -374.0449

WRITING COORDINATES TO DCD FILE MD.dcd AT STEP 30000
WRITING COORDINATES TO RESTART FILE AT STEP 30000
FINISHED WRITING RESTART COORDINATES
The last position output (seq=30000) takes 0.001 seconds, 0.407 MB of memory in use
WRITING VELOCITIES TO RESTART FILE AT STEP 30000
FINISHED WRITING RESTART VELOCITIES
PRESSURE: 30000 -1021.31 273.533 -210.258 390.308 -1273.03 -65.7617 255.979 373.25 -303.319
GPRESSURE: 30000 -1037.41 276.01 27.0654 338.975 -1129.63 229.016 160.588 388.523 -353.357
PRESSAVG: 30000 -638.908 -53.9521 -33.8487 16.7587 -406.624 -263.23 214.614 -71.5002 -147.046
GPRESSAVG: 30000 -641.32 -53.2591 -34.7776 16.9937 -405.556 -262.163 213.365 -74.5911 -145.756
TIMING: 30000  CPU: 85.6003, 0.00285853/step  Wall: 85.9293, 0.00287074/step, 0.215305 hours remaining, 0.407069 MB of memory in use.
PERFORMANCE: 30000  averaging 60.3347 ns/day, 0.00286403 sec/step with standard deviation 3.89778e-06
ETITLE:      TS           BOND          ANGLE          DIHED          IMPRP               ELECT            VDW       BOUNDARY           MISC        KINETIC               TOTAL           TEMP      POTENTIAL         TOTAL3        TEMPAVG            PRESSURE      GPRESSURE         VOLUME       PRESSAVG      GPRESSAVG

ENERGY:   30000         0.0000         0.0000         0.0000         0.0000          -5528.9728       337.1244         0.0000         0.0000       938.7954          -4253.0530       298.2471     -5191.8484     -4250.6084       298.9379           -865.8855      -840.1340     22681.3476      -397.5258      -397.5438

WRITING EXTENDED SYSTEM TO RESTART FILE AT STEP 30000
LDB: ============= START OF LOAD BALANCING ============== 97.8411
LDB: ============== END OF LOAD BALANCING =============== 97.8413
Info: useSync: 0 useProxySync: 0
LDB: =============== DONE WITH MIGRATION ================ 97.8414
LDB: ============= START OF LOAD BALANCING ============== 97.9798
LDB: Largest compute 16 load 0.008861 is 15.0% of average load 0.059220
LDB: Average compute 0.002353 is 4.0% of average load 0.059220
LDB: TIME 97.98 LOAD: AVG 0.0592204 MAX 0.132201  PROXIES: TOTAL 28 MAXPE 3 MAXPATCH 5 None MEM: 0.407069 MB
LDB: TIME 97.9801 LOAD: AVG 0.0592204 MAX 0.132201  PROXIES: TOTAL 31 MAXPE 4 MAXPATCH 6 RefineTorusLB MEM: 0.407069 MB
LDB: TIME 97.9801 LOAD: AVG 0.0592204 MAX 0.132201  PROXIES: TOTAL 31 MAXPE 4 MAXPATCH 6 RefineTorusLB MEM: 0.407069 MB
LDB: Reverting to original mapping
LDB: ============== END OF LOAD BALANCING =============== 97.9802
Info: useSync: 0 useProxySync: 0
LDB: =============== DONE WITH MIGRATION ================ 97.9805
PRESSURE: 30500 -567.339 -253.597 -250.786 -774.945 -214.081 -474.105 -178.847 132.516 -100.415
GPRESSURE: 30500 -338.294 -409.904 -176.8 -544.138 -430.789 -533.616 -182.682 -39.3945 -50.7267
PRESSAVG: 30500 -453.608 -75.6613 -41.5585 -196.751 -505.651 -227.088 166.689 74.8345 -175.619
GPRESSAVG: 30500 -452.657 -75.4057 -41.5742 -197.579 -507.109 -226.406 170.252 77.5641 -175.107
ENERGY:   30500         0.0000         0.0000         0.0000         0.0000          -5593.8048       381.9373         0.0000         0.0000       971.2903          -4240.5772       308.5704     -5211.8675     -4238.8405       302.6926           -293.9450      -273.2697     22681.3476      -378.2927      -378.2909

PRESSURE: 31000 736.077 -667.285 411.724 -783.016 42.5334 -582.996 895.49 147.259 900.074
GPRESSURE: 31000 677.39 -709.494 295.508 -847.97 173.155 -491.013 1153.18 132.062 932.451
PRESSAVG: 31000 -363.301 -71.9294 -47.0392 11.9414 -219.412 -140.303 175.45 73.6867 -55.4539
GPRESSAVG: 31000 -364.395 -73.1028 -47.2775 11.7009 -218.902 -139.939 177.265 73.0703 -55.5098
ENERGY:   31000         0.0000         0.0000         0.0000         0.0000          -5669.3966       449.1193         0.0000         0.0000       941.9905          -4278.2868       299.2621     -5220.2774     -4275.4013       304.0681            559.5614       594.3322     22681.3476      -212.7220      -212.9356

PRESSURE: 31500 -384.904 438.082 -405.966 556.025 -773.17 532.773 -220.518 91.7472 750.425
GPRESSURE: 31500 -447.286 611.244 -404.19 490.336 -716.405 758.555 -440.464 46.8948 807.836
PRESSAVG: 31500 -114.415 -239.916 -4.80526 -284.711 -494.025 45.2652 120.924 19.9108 354.981
GPRESSAVG: 31500 -114.217 -238.366 -5.16086 -281.623 -493.13 40.9424 118.751 23.323 353.678
ENERGY:   31500         0.0000         0.0000         0.0000         0.0000          -5600.9958       393.6654         0.0000         0.0000       935.3008          -4272.0296       297.1369     -5207.3305     -4268.9110       298.6085           -135.8832      -118.6185     22681.3476       -84.4861       -84.5562

PRESSURE: 32000 542.428 164.17 759.691 107.581 354.738 -111.19 998.506 -136.551 -208.46
GPRESSURE: 32000 504.184 311.653 1082.15 117.169 420.737 49.7765 460.934 -276.023 -147.178
PRESSAVG: 32000 -342.133 -103.071 71.0968 -89.5463 -547.313 192.84 427.665 338.427 180.733
GPRESSAVG: 32000 -341.605 -103.207 70.3337 -90.5117 -548.831 196.382 428.814 338.315 181.934
ENERGY:   32000         0.0000         0.0000         0.0000         0.0000          -5684.7566       463.1750         0.0000         0.0000       933.3916          -4288.1900       296.5303     -5221.5816     -4285.0533       299.5017            229.5686       259.2480     22681.3476      -236.2378      -236.1675

LDB: ============= START OF LOAD BALANCING ============== 103.463
LDB: ============== END OF LOAD BALANCING =============== 103.463
Info: useSync: 0 useProxySync: 0
LDB: =============== DONE WITH MIGRATION ================ 103.463
LDB: ============= START OF LOAD BALANCING ============== 103.602
LDB: Largest compute 222 load 0.008862 is 14.9% of average load 0.059426
LDB: Average compute 0.002369 is 4.0% of average load 0.059426
LDB: TIME 103.602 LOAD: AVG 0.0594264 MAX 0.132172  PROXIES: TOTAL 28 MAXPE 3 MAXPATCH 5 None MEM: 0.407069 MB
LDB: TIME 103.602 LOAD: AVG 0.0594264 MAX 0.132172  PROXIES: TOTAL 31 MAXPE 4 MAXPATCH 6 RefineTorusLB MEM: 0.407069 MB
LDB: TIME 103.602 LOAD: AVG 0.0594264 MAX 0.132172  PROXIES: TOTAL 31 MAXPE 4 MAXPATCH 6 RefineTorusLB MEM: 0.407069 MB
LDB: Reverting to original mapping
LDB: ============== END OF LOAD BALANCING =============== 103.602
Info: useSync: 0 useProxySync: 0
LDB: =============== DONE WITH MIGRATION ================ 103.602
PRESSURE: 32500 -119.48 -238.156 19.9244 -447.711 -1074.27 -958.99 450.9 -678.337 -555.296
GPRESSURE: 32500 -33.6619 -315.175 -228.227 -269.22 -1057.45 -824.725 738.379 -542.272 -590.658
PRESSAVG: 32500 -399.084 -143.332 78.3233 91.0175 -290.49 49.843 350.377 80.9871 328.577
GPRESSAVG: 32500 -398.641 -146.765 79.4237 92.8481 -289.822 45.584 349.358 80.9295 327.717
ENERGY:   32500         0.0000         0.0000         0.0000         0.0000          -5593.2715       363.8499         0.0000         0.0000       962.1635          -4267.2582       305.6709     -5229.4217     -4263.9607       296.7491           -583.0149      -560.5900     22681.3476      -120.3326      -120.2483

PRESSURE: 33000 385.923 97.5314 -70.819 -197.663 -547.858 595.313 318.431 659.628 -199.44
GPRESSURE: 33000 302.74 239.793 -108.361 -269.311 -513.922 411.409 543.114 213.006 -95.3722
PRESSAVG: 33000 -216.184 -6.7729 -99.5956 -113.568 -264.155 210.538 263.217 239.339 -27.9224
GPRESSAVG: 33000 -215.293 -3.26217 -98.7426 -115.057 -264.673 211.202 262.801 236.667 -28.0059
ENERGY:   33000         0.0000         0.0000         0.0000         0.0000          -5636.2709       420.6297         0.0000         0.0000       929.6314          -4286.0098       295.3357     -5215.6412     -4282.2778       301.0197           -120.4580      -102.1848     22681.3476      -169.4204      -169.3238

PRESSURE: 33500 -916.99 -33.7972 597.064 153.208 -341.937 -84.1721 433.528 -175.886 -19.6436
GPRESSURE: 33500 -671.779 -56.1735 527.367 358.106 -344.843 -145.725 397.691 -208.567 -167.079
PRESSAVG: 33500 -497.618 -59.2252 48.8085 29.1974 -531.592 152.206 310.542 188.302 70.3356
GPRESSAVG: 33500 -499.57 -57.4434 49.6217 26.5859 -530.066 157.659 307.829 184.34 71.181
ENERGY:   33500         0.0000         0.0000         0.0000         0.0000          -5610.2042       377.7313         0.0000         0.0000       939.9679          -4292.5050       298.6195     -5232.4729     -4291.2489       294.7947           -426.1902      -394.5670     22681.3476      -319.6248      -319.4850

PRESSURE: 34000 -537.111 -72.2499 -128.7 -158.67 -598.607 861.121 390.892 301.328 647.815
GPRESSURE: 34000 -312.042 -66.98 -384.683 173.127 -537.244 1012.23 487.916 185.163 433.637
PRESSAVG: 34000 -549.047 -105.939 -84.968 7.10987 -335.875 73.1735 152.974 346.399 45.819
GPRESSAVG: 34000 -547.005 -107.853 -83.6672 9.85729 -337.472 70.7267 155.725 350.454 46.2071
ENERGY:   34000         0.0000         0.0000         0.0000         0.0000          -5624.6593       397.2391         0.0000         0.0000       904.9282          -4322.4920       287.4877     -5227.4201     -4320.8239       296.8063           -162.6342      -138.5497     22681.3476      -279.7011      -279.4233

LDB: ============= START OF LOAD BALANCING ============== 109.01
LDB: ============== END OF LOAD BALANCING =============== 109.01
Info: useSync: 0 useProxySync: 0
LDB: =============== DONE WITH MIGRATION ================ 109.01
LDB: ============= START OF LOAD BALANCING ============== 109.148
LDB: Largest compute 222 load 0.008727 is 14.6% of average load 0.059627
LDB: Average compute 0.002381 is 4.0% of average load 0.059627
LDB: TIME 109.148 LOAD: AVG 0.0596271 MAX 0.131919  PROXIES: TOTAL 28 MAXPE 3 MAXPATCH 5 None MEM: 0.407069 MB
LDB: TIME 109.148 LOAD: AVG 0.0596271 MAX 0.131919  PROXIES: TOTAL 31 MAXPE 4 MAXPATCH 6 RefineTorusLB MEM: 0.407069 MB
LDB: TIME 109.148 LOAD: AVG 0.0596271 MAX 0.131919  PROXIES: TOTAL 31 MAXPE 4 MAXPATCH 6 RefineTorusLB MEM: 0.407069 MB
LDB: ============== END OF LOAD BALANCING =============== 109.149
Info: useSync: 0 useProxySync: 0
LDB: =============== DONE WITH MIGRATION ================ 109.149
PRESSURE: 34500 -87.5807 -262.775 -246.031 -40.6348 -437.343 -423.576 -34.1018 -14.3329 370.542
GPRESSURE: 34500 75.0039 -193.893 127.567 -294.01 -491.91 -318.788 -233.257 -322.202 337.189
PRESSAVG: 34500 -489.903 -150.55 -26.2497 -114.208 -243.939 61.2088 297.692 90.1575 -241.666
GPRESSAVG: 34500 -489.737 -154.334 -26.8426 -113.767 -245.96 58.7849 296.915 91.7723 -240.172
ENERGY:   34500         0.0000         0.0000         0.0000         0.0000          -5634.6353       394.4039         0.0000         0.0000       943.2732          -4296.9581       299.6696     -5240.2314     -4294.8935       292.4277            -51.4606       -26.5722     22681.3476      -325.1695      -325.2895

PRESSURE: 35000 -635.618 -470.933 -155.925 -946.013 -1088.01 -18.0194 -143.195 822.537 371.805
GPRESSURE: 35000 -612.863 8.34735 -125.362 -1204.22 -1187.88 52.3545 -169.173 1034.43 502.019
PRESSAVG: 35000 -233.417 -16.3506 47.1193 -205.305 -180.545 -22.7748 339.346 149.894 296.51
GPRESSAVG: 35000 -233.741 -10.8983 41.4277 -209.54 -177.926 -21.4721 338.938 148.191 294.833
TIMING: 35000  CPU: 99.4798, 0.0027759/step  Wall: 99.8794, 0.00279003/step, 0.205377 hours remaining, 0.407069 MB of memory in use.
PERFORMANCE: 35000  averaging 60.5582 ns/day, 0.00285345 sec/step with standard deviation 2.81936e-05
ETITLE:      TS           BOND          ANGLE          DIHED          IMPRP               ELECT            VDW       BOUNDARY           MISC        KINETIC               TOTAL           TEMP      POTENTIAL         TOTAL3        TEMPAVG            PRESSURE      GPRESSURE         VOLUME       PRESSAVG      GPRESSAVG

ENERGY:   35000         0.0000         0.0000         0.0000         0.0000          -5605.0143       363.6854         0.0000         0.0000       945.6151          -4295.7138       300.4136     -5241.3289     -4295.0575       296.9630           -450.6072      -432.9090     22681.3476       -39.1508       -38.9446

WRITING EXTENDED SYSTEM TO RESTART FILE AT STEP 35000
WRITING COORDINATES TO DCD FILE MD.dcd AT STEP 35000
WRITING COORDINATES TO RESTART FILE AT STEP 35000
FINISHED WRITING RESTART COORDINATES
The last position output (seq=35000) takes 0.007 seconds, 0.407 MB of memory in use
WRITING VELOCITIES TO RESTART FILE AT STEP 35000
FINISHED WRITING RESTART VELOCITIES
PRESSURE: 35500 -156.338 205.188 -448.959 -165.177 -283.434 -359.14 -191.767 -266.507 -585.058
GPRESSURE: 35500 -96.3427 89.0915 -405.603 -209.651 -229.767 -321.624 -109.466 -225.064 -616.337
PRESSAVG: 35500 -300.279 -23.586 24.2597 -59.417 -333.593 93.4264 299.463 79.1724 -61.7715
GPRESSAVG: 35500 -298.796 -23.92 29.0588 -59.8472 -333.592 92.2568 298.76 76.4255 -62.7213
ENERGY:   35500         0.0000         0.0000         0.0000         0.0000          -5620.5353       388.8820         0.0000         0.0000       928.6515          -4303.0018       295.0244     -5231.6533     -4300.8335       294.2739           -341.6099      -314.1490     22681.3476      -231.8812      -231.7033

PRESSURE: 36000 -193.433 820.872 6.88303 708.097 -1006.55 -424.228 358.254 -352.605 908.375
GPRESSURE: 36000 -342.019 561.22 171.024 937.705 -835.472 -313.176 141.222 -289.074 987.964
PRESSAVG: 36000 -93.7869 157.267 -139.662 63.7067 -202.983 70.8629 69.8526 52.8413 260.942
GPRESSAVG: 36000 -93.6552 158.017 -140.863 66.272 -204.049 69.8762 67.8094 56.6576 261.651
ENERGY:   36000         0.0000         0.0000         0.0000         0.0000          -5595.6352       388.3523         0.0000         0.0000       892.2353          -4315.0476       283.4553     -5207.2829     -4313.2785       292.4012            -97.2021       -63.1756     22681.3476       -11.9427       -12.0176

LDB: ============= START OF LOAD BALANCING ============== 114.735
LDB: ============== END OF LOAD BALANCING =============== 114.735
Info: useSync: 0 useProxySync: 0
LDB: =============== DONE WITH MIGRATION ================ 114.735
LDB: ============= START OF LOAD BALANCING ============== 114.874
LDB: Largest compute 224 load 0.007909 is 13.5% of average load 0.058700
LDB: Average compute 0.002335 is 4.0% of average load 0.058700
LDB: TIME 114.874 LOAD: AVG 0.0587002 MAX 0.133031  PROXIES: TOTAL 28 MAXPE 3 MAXPATCH 5 None MEM: 0.407069 MB
LDB: TIME 114.874 LOAD: AVG 0.0587002 MAX 0.133031  PROXIES: TOTAL 31 MAXPE 4 MAXPATCH 6 RefineTorusLB MEM: 0.407069 MB
LDB: TIME 114.874 LOAD: AVG 0.0587002 MAX 0.133031  PROXIES: TOTAL 31 MAXPE 4 MAXPATCH 6 RefineTorusLB MEM: 0.407069 MB
LDB: ============== END OF LOAD BALANCING =============== 114.874
Info: useSync: 0 useProxySync: 0
LDB: =============== DONE WITH MIGRATION ================ 114.875
PRESSURE: 36500 1172.75 -21.7304 181.491 -590.091 -374.882 -447.953 831.15 295.955 615.075
GPRESSURE: 36500 1367.1 -72.4243 108.055 -738.245 -575.892 -266.22 898.635 86.3332 676.092
PRESSAVG: 36500 -198.684 56.6193 -23.7129 85.6736 -108.067 -24.7036 169.345 -7.3242 302.228
GPRESSAVG: 36500 -200.429 58.3085 -22.9256 79.8814 -104.217 -24.8812 172.204 -7.42499 302.792
ENERGY:   36500         0.0000         0.0000         0.0000         0.0000          -5666.7365       441.6521         0.0000         0.0000       943.4073          -4281.6771       299.7122     -5225.0844     -4278.1827       294.1797            470.9810       489.0999     22681.3476        -1.5077        -0.6182

PRESSURE: 37000 -1311.31 -789.742 -60.6816 -454.131 -1256.4 279.176 462.093 486.645 -1310.62
GPRESSURE: 37000 -1256.11 -849.806 105.474 -342.906 -1306.78 317.153 333.501 373.868 -1243.51
PRESSAVG: 37000 -129.798 28.3822 70.0258 -47.1258 -208.263 -94.4554 268.817 154.849 198.99
GPRESSAVG: 37000 -127.589 24.0609 70.0071 -43.0589 -208.807 -94.0542 269.223 153.655 197.164
ENERGY:   37000         0.0000         0.0000         0.0000         0.0000          -5562.4549       317.6509         0.0000         0.0000       930.1241          -4314.6800       295.4922     -5244.8040     -4312.6719       300.4875          -1292.7765     -1268.8032     22681.3476       -46.3570       -46.4107

PRESSURE: 37500 -311.835 81.8871 338.762 125.032 -105.454 34.5558 306.51 20.343 -104.727
GPRESSURE: 37500 -272.227 50.6943 75.1915 609.375 -84.9381 -202.857 436.72 32.3969 -145.544
PRESSAVG: 37500 -569.952 -148.262 40.519 -103.439 -664.681 -98.6971 244.749 158.655 -268.012
GPRESSAVG: 37500 -570.434 -148.811 42.0805 -103.643 -666.017 -97.0776 244.258 158.06 -266.19
ENERGY:   37500         0.0000         0.0000         0.0000         0.0000          -5622.0181       395.9616         0.0000         0.0000       895.7953          -4330.2612       284.5863     -5226.0565     -4327.8155       293.8494           -174.0053      -167.5697     22681.3476      -500.8813      -500.8805

PRESSURE: 38000 210.577 241.556 -1017.32 -33.5001 -1027.31 334.03 -550.609 -68.989 -591.15
GPRESSURE: 38000 249.369 70.838 -847.936 187.88 -832.416 377.433 -368.66 -74.2865 -743.225
PRESSAVG: 38000 -255.052 127.148 88.5239 -165.122 -778.807 6.67895 490.067 173.883 420.874
GPRESSAVG: 38000 -254.947 126.014 89.8739 -164.68 -777.244 3.1237 488.324 175.51 419.719
ENERGY:   38000         0.0000         0.0000         0.0000         0.0000          -5595.4572       374.0184         0.0000         0.0000       897.6049          -4323.8338       285.1612     -5221.4388     -4321.4324       290.4419           -469.2935      -442.0907     22681.3476      -204.3283      -204.1572

LDB: ============= START OF LOAD BALANCING ============== 120.338
LDB: ============== END OF LOAD BALANCING =============== 120.338
Info: useSync: 0 useProxySync: 0
LDB: =============== DONE WITH MIGRATION ================ 120.338
LDB: ============= START OF LOAD BALANCING ============== 120.477
LDB: Largest compute 222 load 0.008013 is 13.7% of average load 0.058353
LDB: Average compute 0.002318 is 4.0% of average load 0.058353
LDB: TIME 120.477 LOAD: AVG 0.0583528 MAX 0.133127  PROXIES: TOTAL 28 MAXPE 3 MAXPATCH 5 None MEM: 0.407069 MB
LDB: TIME 120.477 LOAD: AVG 0.0583528 MAX 0.133127  PROXIES: TOTAL 31 MAXPE 4 MAXPATCH 6 RefineTorusLB MEM: 0.407069 MB
LDB: TIME 120.477 LOAD: AVG 0.0583528 MAX 0.133127  PROXIES: TOTAL 31 MAXPE 4 MAXPATCH 6 RefineTorusLB MEM: 0.407069 MB
LDB: ============== END OF LOAD BALANCING =============== 120.477
Info: useSync: 0 useProxySync: 0
LDB: =============== DONE WITH MIGRATION ================ 120.477
PRESSURE: 38500 799.255 81.9214 518.936 272.153 -484.108 248.607 1099.77 180.162 402.721
GPRESSURE: 38500 722.435 -365.469 543.227 562.101 -568.187 332.733 1143.75 178.14 602.843
PRESSAVG: 38500 -71.3094 34.7702 88.3255 56.3619 -579.394 21.097 167.745 -120.781 78.4082
GPRESSAVG: 38500 -71.9669 32.7407 86.4585 57.0292 -579.771 22.4257 170.199 -122.166 78.9179
ENERGY:   38500         0.0000         0.0000         0.0000         0.0000          -5732.5465       453.8014         0.0000         0.0000       908.8650          -4369.8802       288.7384     -5278.7451     -4368.4578       291.3408            239.2895       252.3637     22681.3476      -190.7652      -190.9399

PRESSURE: 39000 -27.4347 195.489 -209.456 -36.7127 -321.896 -132.157 -32.7018 -142.698 -1095.55
GPRESSURE: 39000 -134.798 -55.398 137.475 69.6857 -123.814 -322.862 -154.202 111.491 -1134.85
PRESSAVG: 39000 -349.218 -67.5021 33.07 -85.3646 -626.006 -106.419 123.409 11.0272 -172.081
GPRESSAVG: 39000 -347.156 -63.3391 33.4919 -87.7507 -629.496 -103.612 120.707 12.6565 -173.272
ENERGY:   39000         0.0000         0.0000         0.0000         0.0000          -5658.7329       393.8723         0.0000         0.0000       906.1679          -4358.6927       287.8816     -5264.8606     -4356.7575       286.8725           -481.6259      -464.4863     22681.3476      -382.4350      -383.3081

PRESSURE: 39500 -926.064 49.9736 35.2016 -19.8397 -1031.55 -349.858 193.307 -433.135 -488.858
GPRESSURE: 39500 -959.463 150.603 40.3366 -317.552 -1044.02 -390.348 171.442 -411.084 -399.962
PRESSAVG: 39500 -624.417 -240.903 32.3701 -207.301 -648.84 36.6762 310.473 0.838886 -105.978
GPRESSAVG: 39500 -625.386 -242.819 32.8951 -208.134 -648.664 32.8627 312.356 0.389575 -105.599
ENERGY:   39500         0.0000         0.0000         0.0000         0.0000          -5631.9580       370.2747         0.0000         0.0000       955.7074          -4305.9759       303.6199     -5261.6833     -4303.3328       290.6395           -815.4910      -801.1500     22681.3476      -459.7449      -459.8830

WRITING COORDINATES TO DCD FILE MD.dcd AT STEP 40000
WRITING COORDINATES TO RESTART FILE AT STEP 40000
FINISHED WRITING RESTART COORDINATES
The last position output (seq=40000) takes 0.000 seconds, 0.407 MB of memory in use
WRITING VELOCITIES TO RESTART FILE AT STEP 40000
FINISHED WRITING RESTART VELOCITIES
PRESSURE: 40000 -779.993 -396.34 -236.501 25.9166 -21.0419 274.501 -723.384 504.536 -262.306
GPRESSURE: 40000 -813.667 -29.8173 -71.8739 -198.809 100.267 513.912 -877.482 458.691 -278.824
PRESSAVG: 40000 -478.208 -199.177 102.051 -178.915 -351.104 167.295 290.415 256.801 298.096
GPRESSAVG: 40000 -479.246 -198.029 101.981 -174.927 -348.418 168.81 293.767 255.663 296.267
TIMING: 40000  CPU: 113.561, 0.00281627/step  Wall: 114.011, 0.00282635/step, 0.204125 hours remaining, 0.407069 MB of memory in use.
PERFORMANCE: 40000  averaging 60.6302 ns/day, 0.00285007 sec/step with standard deviation 2.78061e-05
ETITLE:      TS           BOND          ANGLE          DIHED          IMPRP               ELECT            VDW       BOUNDARY           MISC        KINETIC               TOTAL           TEMP      POTENTIAL         TOTAL3        TEMPAVG            PRESSURE      GPRESSURE         VOLUME       PRESSAVG      GPRESSAVG

ENERGY:   40000         0.0000         0.0000         0.0000         0.0000          -5590.5235       381.5905         0.0000         0.0000       904.0748          -4304.8582       287.2166     -5208.9330     -4302.1647       293.3205           -354.4468      -330.7415     22681.3476      -177.0722      -177.1324

WRITING EXTENDED SYSTEM TO RESTART FILE AT STEP 40000
LDB: ============= START OF LOAD BALANCING ============== 125.937
LDB: ============== END OF LOAD BALANCING =============== 125.938
Info: useSync: 0 useProxySync: 0
LDB: =============== DONE WITH MIGRATION ================ 125.938
LDB: ============= START OF LOAD BALANCING ============== 126.078
LDB: Largest compute 224 load 0.008448 is 14.4% of average load 0.058862
LDB: Average compute 0.002338 is 4.0% of average load 0.058862
LDB: TIME 126.078 LOAD: AVG 0.0588615 MAX 0.134509  PROXIES: TOTAL 28 MAXPE 3 MAXPATCH 5 None MEM: 0.407069 MB
LDB: TIME 126.079 LOAD: AVG 0.0588615 MAX 0.134509  PROXIES: TOTAL 31 MAXPE 4 MAXPATCH 6 RefineTorusLB MEM: 0.407069 MB
LDB: TIME 126.079 LOAD: AVG 0.0588615 MAX 0.134509  PROXIES: TOTAL 31 MAXPE 4 MAXPATCH 6 RefineTorusLB MEM: 0.407069 MB
LDB: Reverting to original mapping
LDB: ============== END OF LOAD BALANCING =============== 126.079
Info: useSync: 0 useProxySync: 0
LDB: =============== DONE WITH MIGRATION ================ 126.079
PRESSURE: 40500 -237.485 -449.607 -319.592 -816.316 -140.58 -268.704 -164.447 204.53 -935.482
GPRESSURE: 40500 -303.466 -494.535 -377.708 -820.253 -227.246 -61.8529 -146.046 33.7143 -742.642
PRESSAVG: 40500 -421.643 9.49829 133.375 -145.996 -363.918 -54.156 454.815 109.443 -128.843
GPRESSAVG: 40500 -420.584 9.95476 134.173 -147.755 -364.47 -57.1257 453.124 113.21 -128.408
ENERGY:   40500         0.0000         0.0000         0.0000         0.0000          -5668.6401       412.0258         0.0000         0.0000       925.1087          -4331.5055       293.8989     -5256.6143     -4329.0484       292.8745           -437.8490      -424.4514     22681.3476      -304.8014      -304.4876

PRESSURE: 41000 76.4652 -192.997 180.742 -407.713 801.418 -28.9341 1024.04 657.616 -259.059
GPRESSURE: 41000 32.2239 -305.243 48.3935 -104.702 906.425 -2.40111 1250.75 880.61 -256.1
PRESSAVG: 41000 -8.07921 -12.052 -30.0466 -102.3 -322.933 43.1314 196.587 195.34 -45.1898
GPRESSAVG: 41000 -8.83797 -14.1468 -28.8483 -103.675 -323.647 46.9036 194.332 191.888 -43.1028
ENERGY:   41000         0.0000         0.0000         0.0000         0.0000          -5620.5984       411.7667         0.0000         0.0000       907.6863          -4301.1453       288.3640     -5208.8316     -4299.6699       297.2785            206.2746       227.5161     22681.3476      -125.4008      -125.1960

PRESSURE: 41500 -914.335 -152.635 57.5666 250.291 -45.9181 -21.6124 456.421 -210.141 574.491
GPRESSURE: 41500 -981.524 -475.253 148.013 713.397 199.373 -409.844 121.735 139.527 480.639
PRESSAVG: 41500 -368.376 -77.0095 -98.1346 -161.959 -44.2995 42.6993 387.245 119.377 -49.1048
GPRESSAVG: 41500 -369.552 -78.9737 -99.9577 -161.759 -44.0365 39.2285 385.698 122.878 -46.7538
ENERGY:   41500         0.0000         0.0000         0.0000         0.0000          -5589.6811       387.4031         0.0000         0.0000       924.3720          -4277.9060       293.6649     -5202.2780     -4277.2078       297.4989           -128.5872      -100.5040     22681.3476      -153.9269      -153.4474

PRESSURE: 42000 -16.1986 214.913 -32.5073 36.3194 106.513 277.139 -48.249 553.692 -270.149
GPRESSURE: 42000 47.262 177.654 -116.171 -253.311 304.143 226.733 223.53 570.783 -485.572
PRESSAVG: 42000 -627.947 -99.8263 10.5976 -78.2329 -531.856 -6.55104 111.001 102.206 159.714
GPRESSAVG: 42000 -626.869 -98.8623 14.1003 -77.1188 -532.109 -6.55978 111.464 104.299 158.36
ENERGY:   42000         0.0000         0.0000         0.0000         0.0000          -5670.5724       422.7304         0.0000         0.0000       923.0855          -4324.7565       293.2562     -5247.8420     -4323.1088       292.8622            -59.9448       -44.7223     22681.3476      -333.3633      -333.5396

LDB: ============= START OF LOAD BALANCING ============== 131.557
LDB: ============== END OF LOAD BALANCING =============== 131.557
Info: useSync: 0 useProxySync: 0
LDB: =============== DONE WITH MIGRATION ================ 131.557
LDB: ============= START OF LOAD BALANCING ============== 131.697
LDB: Largest compute 219 load 0.007821 is 13.2% of average load 0.059223
LDB: Average compute 0.002359 is 4.0% of average load 0.059223
LDB: TIME 131.697 LOAD: AVG 0.0592233 MAX 0.13326  PROXIES: TOTAL 28 MAXPE 3 MAXPATCH 5 None MEM: 0.407069 MB
LDB: TIME 131.697 LOAD: AVG 0.0592233 MAX 0.13326  PROXIES: TOTAL 31 MAXPE 4 MAXPATCH 6 RefineTorusLB MEM: 0.407069 MB
LDB: TIME 131.697 LOAD: AVG 0.0592233 MAX 0.13326  PROXIES: TOTAL 31 MAXPE 4 MAXPATCH 6 RefineTorusLB MEM: 0.407069 MB
LDB: ============== END OF LOAD BALANCING =============== 131.697
Info: useSync: 0 useProxySync: 0
LDB: =============== DONE WITH MIGRATION ================ 131.697
PRESSURE: 42500 -1053.64 -396.406 -527.894 -413.43 -1249.19 114.282 454.863 483.204 -772.616
GPRESSURE: 42500 -1092.14 -359.89 -517.424 -24.9817 -1196.71 -245.452 422.352 384.577 -748.163
PRESSAVG: 42500 -487.235 63.568 15.8164 63.5338 -597.439 83.1506 240.528 155.143 -81.2966
GPRESSAVG: 42500 -488.656 65.3418 11.3147 63.5059 -596.543 81.4366 244.009 154.446 -81.5143
ENERGY:   42500         0.0000         0.0000         0.0000         0.0000          -5631.2187       374.7927         0.0000         0.0000       936.8793          -4319.5467       297.6383     -5256.4260     -4317.1271       292.6532          -1025.1484     -1012.3405     22681.3476      -388.6571      -388.9045

PRESSURE: 43000 -95.0413 227.437 355.194 610.041 -301.747 -177.361 634.589 -142.088 514.078
GPRESSURE: 43000 -80.6929 422.278 86.8813 89.9174 -163.838 -301.549 869.916 -6.73741 465.69
PRESSAVG: 43000 -378.138 105.453 -85.2684 74.3013 -233.91 27.9979 21.8787 168.46 -31.3411
GPRESSAVG: 43000 -376.643 106.838 -84.3352 72.6292 -234.623 30.3003 20.4277 168.55 -34.1681
ENERGY:   43000         0.0000         0.0000         0.0000         0.0000          -5625.4954       397.7045         0.0000         0.0000       904.4977          -4323.2931       287.3510     -5227.7908     -4321.1433       293.2951             39.0968        73.7198     22681.3476      -214.4633      -215.1445

PRESSURE: 43500 -178.036 261.476 -488.986 114.6 281.36 987.22 -282.195 467.848 -105.129
GPRESSURE: 43500 -120.766 383.852 -762.191 -245.163 215.784 980.669 0.579886 482.73 -24.5907
PRESSAVG: 43500 -276.616 44.6194 -89.9381 -82.8981 -327.218 107.536 176.509 11.8121 -376.772
GPRESSAVG: 43500 -275.852 42.7022 -88.1255 -84.1135 -326.959 106.608 174.008 10.572 -377.818
ENERGY:   43500         0.0000         0.0000         0.0000         0.0000          -5655.9448       421.5979         0.0000         0.0000       911.6073          -4322.7396       289.6096     -5234.3469     -4319.7398       296.2792             -0.6016        23.4756     22681.3476      -326.8685      -326.8764

PRESSURE: 44000 550.244 192.375 81.7207 193.439 514.98 164.263 268.135 48.9901 1259.82
GPRESSURE: 44000 579.721 124.597 -17.6102 212.463 580.455 145.172 512.245 45.5993 1216.3
PRESSAVG: 44000 -394.138 44.2682 -73.8316 -19.0673 -41.6825 86.1724 140.626 167.393 -160.317
GPRESSAVG: 44000 -392.796 46.3169 -75.4175 -17.1732 -43.2593 89.571 146.685 166.678 -160.648
ENERGY:   44000         0.0000         0.0000         0.0000         0.0000          -5727.0484       478.4403         0.0000         0.0000       923.6119          -4324.9962       293.4234     -5248.6081     -4322.3476       289.8318            775.0150       792.1586     22681.3476      -198.7122      -198.9010

LDB: ============= START OF LOAD BALANCING ============== 137.151
LDB: ============== END OF LOAD BALANCING =============== 137.151
Info: useSync: 0 useProxySync: 0
LDB: =============== DONE WITH MIGRATION ================ 137.151
LDB: ============= START OF LOAD BALANCING ============== 137.291
LDB: Largest compute 16 load 0.008807 is 15.0% of average load 0.058734
LDB: Average compute 0.002331 is 4.0% of average load 0.058734
LDB: TIME 137.291 LOAD: AVG 0.058734 MAX 0.13364  PROXIES: TOTAL 28 MAXPE 3 MAXPATCH 5 None MEM: 0.407069 MB
LDB: TIME 137.291 LOAD: AVG 0.058734 MAX 0.13364  PROXIES: TOTAL 31 MAXPE 4 MAXPATCH 6 RefineTorusLB MEM: 0.407069 MB
LDB: TIME 137.291 LOAD: AVG 0.058734 MAX 0.13364  PROXIES: TOTAL 31 MAXPE 4 MAXPATCH 6 RefineTorusLB MEM: 0.407069 MB
LDB: Reverting to original mapping
LDB: ============== END OF LOAD BALANCING =============== 137.291
Info: useSync: 0 useProxySync: 0
LDB: =============== DONE WITH MIGRATION ================ 137.291
PRESSURE: 44500 324.96 151.872 -84.0435 -80.002 -659.281 -475.837 414.311 -327.392 -676.265
GPRESSURE: 44500 372.65 63.4525 49.4656 -90.3149 -557.487 -734.5 404.816 -646.826 -757.031
PRESSAVG: 44500 -224.019 72.7338 -194.465 72.336 -125.124 -7.28362 219.268 -66.7885 -92.2309
GPRESSAVG: 44500 -227.814 69.7466 -193.095 76.0098 -122.482 -10.6834 218.766 -65.6199 -92.3335
ENERGY:   44500         0.0000         0.0000         0.0000         0.0000          -5635.6744       391.5941         0.0000         0.0000       924.5200          -4319.5603       293.7119     -5244.0803     -4316.0674       292.1683           -336.8618      -313.9560     22681.3476      -147.1243      -147.5433

WRITING COORDINATES TO DCD FILE MD.dcd AT STEP 45000
WRITING COORDINATES TO RESTART FILE AT STEP 45000
FINISHED WRITING RESTART COORDINATES
The last position output (seq=45000) takes 0.000 seconds, 0.407 MB of memory in use
WRITING VELOCITIES TO RESTART FILE AT STEP 45000
FINISHED WRITING RESTART VELOCITIES
PRESSURE: 45000 -601.489 -200.213 -113.731 -174.507 -272.366 -322.404 396.193 -365.351 482.882
GPRESSURE: 45000 -554.293 -162.387 -137.24 29.3399 -229.357 -96.8521 357.32 -459.038 449.971
PRESSAVG: 45000 -537.851 9.85161 43.1469 5.23763 -407.076 -46.2626 504.311 116.081 -231.184
GPRESSAVG: 45000 -534.902 12.4398 40.0897 -1.41695 -409.302 -40.3821 505.787 111.531 -232.053
TIMING: 45000  CPU: 127.573, 0.0028024/step  Wall: 128.054, 0.00280864/step, 0.198946 hours remaining, 0.407069 MB of memory in use.
PERFORMANCE: 45000  averaging 60.7282 ns/day, 0.00284546 sec/step with standard deviation 2.9448e-05
ETITLE:      TS           BOND          ANGLE          DIHED          IMPRP               ELECT            VDW       BOUNDARY           MISC        KINETIC               TOTAL           TEMP      POTENTIAL         TOTAL3        TEMPAVG            PRESSURE      GPRESSURE         VOLUME       PRESSAVG      GPRESSAVG

ENERGY:   45000         0.0000         0.0000         0.0000         0.0000          -5640.9868       400.8774         0.0000         0.0000       931.0004          -4309.1089       295.7707     -5240.1093     -4306.2415       294.2851           -130.3242      -111.2260     22681.3476      -392.0367      -392.0857

WRITING EXTENDED SYSTEM TO RESTART FILE AT STEP 45000
PRESSURE: 45500 -164.694 -510.271 -461.594 -332.306 -656.373 474.944 152.252 164.325 49.2948
GPRESSURE: 45500 -112.761 -582.184 -379.976 -389.934 -702.462 326.135 -48.6864 249.181 101.809
PRESSAVG: 45500 16.9173 148.261 -171.048 0.909549 50.4775 -120.819 205.895 -157.601 332.185
GPRESSAVG: 45500 15.735 145.84 -167.478 -0.701872 52.3681 -127.541 205.621 -153.649 334.687
ENERGY:   45500         0.0000         0.0000         0.0000         0.0000          -5624.3190       388.3057         0.0000         0.0000       929.1418          -4306.8715       295.1802     -5236.0134     -4304.7158       297.1128           -257.2575      -237.8047     22681.3476       133.1933       134.2634

PRESSURE: 46000 14.26 -696.643 292.882 -1105.16 119.153 158.964 120.218 -53.562 128.057
GPRESSURE: 46000 58.5574 -735.445 175.609 -904.509 215.477 29.1966 27.6655 -39.7061 -6.72384
PRESSAVG: 46000 -437.141 -163.449 112.774 -197.434 -401.849 -39.6186 489.497 -46.3879 -182.99
GPRESSAVG: 46000 -437.691 -163.967 110.215 -194.846 -401.831 -37.9439 489.953 -46.4347 -182.294
ENERGY:   46000         0.0000         0.0000         0.0000         0.0000          -5694.7447       430.4724         0.0000         0.0000       957.8698          -4306.4025       304.3068     -5264.2723     -4303.6166       295.5440             87.1567        89.1036     22681.3476      -340.6600      -340.6056

LDB: ============= START OF LOAD BALANCING ============== 142.837
LDB: ============== END OF LOAD BALANCING =============== 142.837
Info: useSync: 0 useProxySync: 0
LDB: =============== DONE WITH MIGRATION ================ 142.838
LDB: ============= START OF LOAD BALANCING ============== 142.978
LDB: Largest compute 16 load 0.008712 is 14.7% of average load 0.059464
LDB: Average compute 0.002367 is 4.0% of average load 0.059464
LDB: TIME 142.979 LOAD: AVG 0.0594636 MAX 0.134542  PROXIES: TOTAL 28 MAXPE 3 MAXPATCH 5 None MEM: 0.407069 MB
LDB: TIME 142.979 LOAD: AVG 0.0594636 MAX 0.134542  PROXIES: TOTAL 31 MAXPE 4 MAXPATCH 6 RefineTorusLB MEM: 0.407069 MB
LDB: TIME 142.979 LOAD: AVG 0.0594636 MAX 0.134542  PROXIES: TOTAL 31 MAXPE 4 MAXPATCH 6 RefineTorusLB MEM: 0.407069 MB
LDB: Reverting to original mapping
LDB: ============== END OF LOAD BALANCING =============== 142.979
Info: useSync: 0 useProxySync: 0
LDB: =============== DONE WITH MIGRATION ================ 142.979
PRESSURE: 46500 801.818 327.994 236.216 318.992 428.916 -390.228 354.948 -158.826 298.275
GPRESSURE: 46500 743.836 147.895 49.4682 530.793 670.95 -414.874 610.39 -58.9008 220.691
PRESSAVG: 46500 -472.431 -74.9838 77.6883 -97.8263 -102.292 11.5049 254.359 206.758 66.2575
GPRESSAVG: 46500 -474.103 -74.1005 81.7429 -99.2203 -101.528 11.0119 254.269 206.043 65.6815
ENERGY:   46500         0.0000         0.0000         0.0000         0.0000          -5665.7623       458.4221         0.0000         0.0000       931.3971          -4275.9430       295.8967     -5207.3402     -4273.3529       298.5398            509.6696       545.1588     22681.3476      -169.4884      -169.9833

PRESSURE: 47000 -1079.62 192.135 712.567 291.824 -731.659 -36.318 709.394 -83.648 -681.215
GPRESSURE: 47000 -1110.57 253.416 305.29 107.982 -576.546 57.8815 1157.42 -159.822 -704.43
PRESSAVG: 47000 -462.865 -3.14001 -47.9539 24.5585 -353.334 -222.513 -49.8544 -11.1424 132.196
GPRESSAVG: 47000 -463.056 -2.44246 -53.3494 23.3239 -355.459 -222.653 -47.7416 -10.1131 133.045
ENERGY:   47000         0.0000         0.0000         0.0000         0.0000          -5574.3738       347.1383         0.0000         0.0000       925.7662          -4301.4692       294.1078     -5227.2354     -4298.2379       298.3364           -830.8319      -797.1825     22681.3476      -228.0006      -228.4897

PRESSURE: 47500 -954.825 35.7819 -14.3927 89.8747 -656.105 188.539 -352.002 427.701 636.208
GPRESSURE: 47500 -644.058 133.842 171.059 -78.4515 -769.324 334.273 -328.381 576.383 487.064
PRESSAVG: 47500 -394.042 120.132 -137.482 63.4991 -678.138 21.3624 133.624 273.217 -239.219
GPRESSAVG: 47500 -393.848 119.348 -132.322 66.3894 -677.355 21.4249 127.065 274.455 -240.365
ENERGY:   47500         0.0000         0.0000         0.0000         0.0000          -5582.0572       373.6709         0.0000         0.0000       911.2658          -4297.1205       289.5011     -5208.3863     -4295.6624       293.8649           -324.9075      -308.7726     22681.3476      -437.1330      -437.1896

PRESSURE: 48000 -31.3653 -836.215 80.1001 -901.122 178.777 603.038 720.916 986.449 -429.597
GPRESSURE: 48000 67.6112 -741.062 -10.2072 -812.207 84.0884 367.851 941.216 1038.29 -384.226
PRESSAVG: 48000 -665.885 -33.3808 -78.0401 -57.2012 -657.541 117.792 169.322 263.635 -311.269
GPRESSAVG: 48000 -666.059 -34.4588 -81.125 -56.7842 -658.132 116.494 171.363 265.478 -310.627
ENERGY:   48000         0.0000         0.0000         0.0000         0.0000          -5596.4935       403.7854         0.0000         0.0000       924.1618          -4268.5464       293.5981     -5192.7082     -4265.9269       297.7395            -94.0618       -77.5088     22681.3476      -544.8986      -544.9393

LDB: ============= START OF LOAD BALANCING ============== 148.521
LDB: ============== END OF LOAD BALANCING =============== 148.522
Info: useSync: 0 useProxySync: 0
LDB: =============== DONE WITH MIGRATION ================ 148.522
LDB: ============= START OF LOAD BALANCING ============== 148.662
LDB: Largest compute 17 load 0.008405 is 14.2% of average load 0.059326
LDB: Average compute 0.002367 is 4.0% of average load 0.059326
LDB: TIME 148.662 LOAD: AVG 0.0593264 MAX 0.134106  PROXIES: TOTAL 28 MAXPE 3 MAXPATCH 5 None MEM: 0.407069 MB
LDB: TIME 148.662 LOAD: AVG 0.0593264 MAX 0.134106  PROXIES: TOTAL 31 MAXPE 4 MAXPATCH 6 RefineTorusLB MEM: 0.407069 MB
LDB: TIME 148.662 LOAD: AVG 0.0593264 MAX 0.134106  PROXIES: TOTAL 31 MAXPE 4 MAXPATCH 6 RefineTorusLB MEM: 0.407069 MB
LDB: ============== END OF LOAD BALANCING =============== 148.662
Info: useSync: 0 useProxySync: 0
LDB: =============== DONE WITH MIGRATION ================ 148.662
PRESSURE: 48500 -364.617 -392.723 -26.7213 -671.012 -698.523 -117.351 250.752 155.021 2079.07
GPRESSURE: 48500 -171.118 -478.407 -138.122 -598.801 -761.398 -571.636 261.663 278.337 1994.79
PRESSAVG: 48500 -535.139 -90.4326 63.6603 -46.8522 -474.852 -183.777 410.2 271.899 175.145
GPRESSAVG: 48500 -534.62 -90.1791 61.4403 -47.1794 -476.235 -182.927 410.235 271.468 177.386
ENERGY:   48500         0.0000         0.0000         0.0000         0.0000          -5641.9970       418.8142         0.0000         0.0000       950.2328          -4272.9500       301.8806     -5223.1828     -4271.3704       297.6864            338.6440       354.0921     22681.3476      -278.2820      -277.8230

PRESSURE: 49000 1090.8 -585.844 225.157 -287.644 -463.397 -542.912 744.111 258.325 -17.4346
GPRESSURE: 49000 863.168 -574.355 81.8308 -175.484 -372.061 -442.471 611.338 408.368 170.653
PRESSAVG: 49000 -414.12 -104.381 143.668 -84.5478 -508.851 -130.064 269.335 29.6034 -62.0376
GPRESSAVG: 49000 -415.912 -103.693 147.665 -86.2372 -508.099 -132.492 273.544 29.954 -61.6407
ENERGY:   49000         0.0000         0.0000         0.0000         0.0000          -5608.1753       408.4475         0.0000         0.0000       954.4005          -4245.3274       303.2047     -5199.7279     -4243.5045       301.0035            203.3219       220.5866     22681.3476      -328.3361      -328.5504

PRESSURE: 49500 -553.729 -45.2799 -300.364 -144.701 -235.979 235.056 670.347 508.366 -535.574
GPRESSURE: 49500 -661.895 160.268 62.139 -208.078 -112.177 285.55 562.095 206.084 -484.174
PRESSAVG: 49500 123.122 6.72781 17.2144 24.4094 -57.7801 -90.7669 160.153 209.71 182.907
GPRESSAVG: 49500 122.69 6.28167 17.9658 25.0307 -57.8256 -87.9484 157.015 209.24 183.755
ENERGY:   49500         0.0000         0.0000         0.0000         0.0000          -5581.4274       371.8098         0.0000         0.0000       922.4873          -4287.1303       293.0661     -5209.6176     -4284.4115       299.0987           -441.7605      -419.4156     22681.3476        82.7495        82.8731

WRITING COORDINATES TO DCD FILE MD.dcd AT STEP 50000
WRITING COORDINATES TO RESTART FILE AT STEP 50000
FINISHED WRITING RESTART COORDINATES
The last position output (seq=50000) takes 0.001 seconds, 0.407 MB of memory in use
WRITING VELOCITIES TO RESTART FILE AT STEP 50000
FINISHED WRITING RESTART VELOCITIES
PRESSURE: 50000 -990.532 -394.684 -265.258 -157.576 163.583 187.453 186.652 674.567 94.4687
GPRESSURE: 50000 -944.057 -301.077 -347.655 -180.306 78.0003 298.264 -34.2196 527.618 240.096
PRESSAVG: 50000 -388.901 -127.298 -383.77 -107.444 -362.501 -345.389 80.1197 3.14819 -195.293
GPRESSAVG: 50000 -387.67 -127.061 -384.292 -106.986 -361.733 -346.431 77.5034 3.68717 -197.116
TIMING: 50000  CPU: 141.693, 0.00282391/step  Wall: 142.224, 0.00283384/step, 0.196795 hours remaining, 0.407069 MB of memory in use.
PERFORMANCE: 50000  averaging 60.7531 ns/day, 0.0028443 sec/step with standard deviation 2.80061e-05
ETITLE:      TS           BOND          ANGLE          DIHED          IMPRP               ELECT            VDW       BOUNDARY           MISC        KINETIC               TOTAL           TEMP      POTENTIAL         TOTAL3        TEMPAVG            PRESSURE      GPRESSURE         VOLUME       PRESSAVG      GPRESSAVG

ENERGY:   50000         0.0000         0.0000         0.0000         0.0000          -5603.3026       393.0412         0.0000         0.0000       911.6265          -4298.6348       289.6157     -5210.2614     -4295.9985       298.5759           -244.1602      -208.6536     22681.3476      -315.5651      -315.5063

WRITING EXTENDED SYSTEM TO RESTART FILE AT STEP 50000
LDB: ============= START OF LOAD BALANCING ============== 154.136
LDB: ============== END OF LOAD BALANCING =============== 154.137
Info: useSync: 0 useProxySync: 0
LDB: =============== DONE WITH MIGRATION ================ 154.147
LDB: ============= START OF LOAD BALANCING ============== 154.287
LDB: Largest compute 16 load 0.008201 is 13.8% of average load 0.059576
LDB: Average compute 0.002377 is 4.0% of average load 0.059576
LDB: TIME 154.288 LOAD: AVG 0.0595759 MAX 0.134561  PROXIES: TOTAL 28 MAXPE 3 MAXPATCH 5 None MEM: 0.407069 MB
LDB: TIME 154.288 LOAD: AVG 0.0595759 MAX 0.134561  PROXIES: TOTAL 31 MAXPE 4 MAXPATCH 6 RefineTorusLB MEM: 0.407069 MB
LDB: TIME 154.288 LOAD: AVG 0.0595759 MAX 0.134561  PROXIES: TOTAL 31 MAXPE 4 MAXPATCH 6 RefineTorusLB MEM: 0.407069 MB
LDB: Reverting to original mapping
LDB: ============== END OF LOAD BALANCING =============== 154.288
Info: useSync: 0 useProxySync: 0
LDB: =============== DONE WITH MIGRATION ================ 154.288
PRESSURE: 50500 -128.016 185.51 74.1682 -305.598 -461.975 -116.858 295.546 -62.3222 190.425
GPRESSURE: 50500 -107.608 -52.1651 223.218 -305.005 -317.399 -172.062 205.338 -0.244759 72.8076
PRESSAVG: 50500 -247.254 -55.8686 -37.8396 -24.4029 -524.821 -188.952 78.2932 34.4344 -14.2352
GPRESSAVG: 50500 -249.327 -56.608 -37.9576 -25.3434 -523.75 -187.164 78.7841 35.0232 -13.9185
ENERGY:   50500         0.0000         0.0000         0.0000         0.0000          -5616.6236       397.1201         0.0000         0.0000       927.0620          -4292.4414       294.5195     -5219.5035     -4289.2539       296.1333           -133.1885      -117.3999     22681.3476      -262.1036      -262.3317

PRESSURE: 51000 -422.531 -704.561 122.187 -336.49 -498.884 82.0278 368.605 316.219 -1146.72
GPRESSURE: 51000 -344.771 -709.461 -36.5544 -419.361 -448.027 60.7068 316.877 171.101 -1204.44
PRESSAVG: 51000 -367.083 71.4712 -112.508 -19.4011 -395.872 235.503 97.2588 331.521 339.12
GPRESSAVG: 51000 -366.221 72.8985 -116.184 -20.0477 -398.474 236.89 100.289 329.949 340.258
ENERGY:   51000         0.0000         0.0000         0.0000         0.0000          -5641.9280       382.8756         0.0000         0.0000       942.9189          -4316.1335       299.5570     -5259.0524     -4313.1134       296.3672           -689.3797      -665.7465     22681.3476      -141.2783      -141.4789

PRESSURE: 51500 -29.6482 90.5093 -286.718 553.316 -1497.92 -163.438 -664.64 -224.152 1108.89
GPRESSURE: 51500 -59.1483 7.98644 -411.239 505.857 -1604.45 13.6022 -835.704 -223.323 1263.6
PRESSAVG: 51500 148.17 -7.81875 -90.702 73.7485 -0.524284 90.7356 177.243 266.987 350.233
GPRESSAVG: 51500 148.145 -5.91439 -89.3615 74.4086 -2.57882 91.0337 173.802 266.3 351.546
ENERGY:   51500         0.0000         0.0000         0.0000         0.0000          -5647.9833       399.3266         0.0000         0.0000       945.7784          -4302.8782       300.4655     -5248.6567     -4300.4798       299.0587           -139.5582      -133.3350     22681.3476       165.9596       165.7040

PRESSURE: 52000 -55.6038 -270.038 248.128 122.394 -20.5603 116.346 68.4172 34.4487 660.415
GPRESSURE: 52000 -325.65 163.717 376.285 242.59 196.09 -205.483 38.7267 322.899 787.991
PRESSAVG: 52000 -225.066 -148.233 -301.761 36.4325 -238.922 10.2715 -56.1891 153.214 449.906
GPRESSAVG: 52000 -224.742 -148.817 -302.846 35.0782 -238.828 7.12132 -57.0092 157.43 449.014
ENERGY:   52000         0.0000         0.0000         0.0000         0.0000          -5625.5129       410.7985         0.0000         0.0000       908.2456          -4306.4689       288.5416     -5214.7144     -4304.1130       294.3376            194.7504       219.4770     22681.3476        -4.6941        -4.8517

LDB: ============= START OF LOAD BALANCING ============== 159.895
LDB: ============== END OF LOAD BALANCING =============== 159.896
Info: useSync: 0 useProxySync: 0
LDB: =============== DONE WITH MIGRATION ================ 159.896
LDB: ============= START OF LOAD BALANCING ============== 160.039
LDB: Largest compute 13 load 0.008383 is 13.9% of average load 0.060181
LDB: Average compute 0.002400 is 4.0% of average load 0.060181
LDB: TIME 160.039 LOAD: AVG 0.0601808 MAX 0.136745  PROXIES: TOTAL 28 MAXPE 3 MAXPATCH 5 None MEM: 0.407069 MB
LDB: TIME 160.039 LOAD: AVG 0.0601808 MAX 0.136745  PROXIES: TOTAL 31 MAXPE 4 MAXPATCH 6 RefineTorusLB MEM: 0.407069 MB
LDB: TIME 160.039 LOAD: AVG 0.0601808 MAX 0.136745  PROXIES: TOTAL 31 MAXPE 4 MAXPATCH 6 RefineTorusLB MEM: 0.407069 MB
LDB: ============== END OF LOAD BALANCING =============== 160.039
Info: useSync: 0 useProxySync: 0
LDB: =============== DONE WITH MIGRATION ================ 160.039
PRESSURE: 52500 -1370.19 166.144 271.472 276.75 -1075.07 71.9369 471.107 -87.669 -429.671
GPRESSURE: 52500 -1165.14 187.664 220.999 135.094 -1255.39 -88.857 401.019 160.811 -410.431
PRESSAVG: 52500 -312.025 -85.6383 -60.7724 78.8724 -379.99 41.5226 381.791 158.019 -13.0224
GPRESSAVG: 52500 -309.139 -86.2906 -62.0147 80.7458 -377.591 41.5415 383.798 154.382 -16.8614
ENERGY:   52500         0.0000         0.0000         0.0000         0.0000          -5594.7600       337.8355         0.0000         0.0000       935.3109          -4321.6137       297.1401     -5256.9246     -4320.3449       291.6234           -958.3120      -943.6537     22681.3476      -235.0123      -234.5304

PRESSURE: 53000 16.9228 -289.283 305.858 -437.519 -319.653 -425.687 383.553 171.872 -657.742
GPRESSURE: 53000 49.3599 -306.954 -103.829 -418.163 -334.925 -697.187 378.596 639.016 -619.27
PRESSAVG: 53000 -400.415 -22.9422 87.9724 -4.20184 -646.686 -33.8222 328.011 -65.7394 35.7153
GPRESSAVG: 53000 -402.513 -26.2917 91.7702 -5.73742 -645.273 -35.8413 327.417 -64.2871 37.4242
ENERGY:   53000         0.0000         0.0000         0.0000         0.0000          -5660.1193       407.1368         0.0000         0.0000       917.3993          -4335.5832       291.4497     -5252.9825     -4332.9581       292.2627           -320.1574      -301.6118     22681.3476      -337.1286      -336.7874

PRESSURE: 53500 -752.147 499.785 -66.6553 883.619 843.829 -235.438 269.408 322.171 -665.637
GPRESSURE: 53500 -742.631 406.512 247.968 975.327 798.078 -300.429 79.0164 1.297 -554.886
PRESSAVG: 53500 -376.806 -18.6774 122.769 37.8853 -623.689 -103.505 334.137 144.03 -391.898
GPRESSAVG: 53500 -376.833 -19.0137 124.099 40.5233 -622.156 -100.793 333.708 140.765 -392.35
ENERGY:   53500         0.0000         0.0000         0.0000         0.0000          -5628.1150       398.0837         0.0000         0.0000       948.3407          -4281.6906       301.2795     -5230.0313     -4278.8496       295.4541           -191.3182      -166.4798     22681.3476      -464.1313      -463.7796

PRESSURE: 54000 -782.055 -174.611 328.381 -255.85 292.921 369.346 845.216 64.0798 -222.806
GPRESSURE: 54000 -736.283 -225.492 519.155 -484.759 486.127 268.129 476.02 287.849 -346.916
PRESSAVG: 54000 -382.793 -41.2837 85.613 58.5458 -344.41 -7.99697 362.807 227.208 155.882
GPRESSAVG: 54000 -382.362 -40.9557 82.7349 57.3161 -346.776 -10.7852 363.155 231.791 156.383
ENERGY:   54000         0.0000         0.0000         0.0000         0.0000          -5620.9430       408.7015         0.0000         0.0000       918.6885          -4293.5529       291.8593     -5212.2415     -4291.3117       298.9763           -237.3134      -199.0238     22681.3476      -190.4401      -190.9184

LDB: ============= START OF LOAD BALANCING ============== 165.616
LDB: ============== END OF LOAD BALANCING =============== 165.616
Info: useSync: 0 useProxySync: 0
LDB: =============== DONE WITH MIGRATION ================ 165.617
LDB: ============= START OF LOAD BALANCING ============== 165.759
LDB: Largest compute 222 load 0.008323 is 14.0% of average load 0.059281
LDB: Average compute 0.002350 is 4.0% of average load 0.059281
LDB: TIME 165.759 LOAD: AVG 0.0592807 MAX 0.136774  PROXIES: TOTAL 28 MAXPE 3 MAXPATCH 5 None MEM: 0.407069 MB
LDB: TIME 165.759 LOAD: AVG 0.0592807 MAX 0.136774  PROXIES: TOTAL 31 MAXPE 4 MAXPATCH 6 RefineTorusLB MEM: 0.407069 MB
LDB: TIME 165.759 LOAD: AVG 0.0592807 MAX 0.136774  PROXIES: TOTAL 31 MAXPE 4 MAXPATCH 6 RefineTorusLB MEM: 0.407069 MB
LDB: Reverting to original mapping
LDB: ============== END OF LOAD BALANCING =============== 165.76
Info: useSync: 0 useProxySync: 0
LDB: =============== DONE WITH MIGRATION ================ 165.76
PRESSURE: 54500 -254.348 39.1841 45.5141 205.343 -115.752 -273.227 286.888 -487.213 -369.4
GPRESSURE: 54500 -476.424 347.297 -150.617 -10.0388 -45.6255 -510.034 466.265 -363.52 -91.5278
PRESSAVG: 54500 -469.633 -53.9466 -85.0512 128.84 -180.542 11.443 364.285 272.9 88.0518
GPRESSAVG: 54500 -469.339 -50.7944 -84.7947 125.942 -181.109 13.1764 365.094 272.013 89.1967
ENERGY:   54500         0.0000         0.0000         0.0000         0.0000          -5608.2112       384.7094         0.0000         0.0000       934.9724          -4288.5294       297.0325     -5223.5018     -4286.6528       296.3136           -246.4998      -204.5259     22681.3476      -187.3746      -187.0837

WRITING COORDINATES TO DCD FILE MD.dcd AT STEP 55000
WRITING COORDINATES TO RESTART FILE AT STEP 55000
FINISHED WRITING RESTART COORDINATES
WRITING VELOCITIES TO RESTART FILE AT STEP 55000
FINISHED WRITING RESTART VELOCITIES
PRESSURE: 55000 -639.179 -15.9655 -175.331 -25.3558 -120.357 -106.23 97.6072 182.799 -228.758
GPRESSURE: 55000 -700.177 -110.835 -303.762 -6.88942 -62.2451 -191.533 484.865 358.404 -144.281
PRESSAVG: 55000 -390.073 -152.068 10.7773 -219.074 109.654 28.0645 398.763 198.648 -53.6691
GPRESSAVG: 55000 -391.127 -155.364 11.5144 -216.458 109.438 25.7266 400.505 198.478 -52.1677
TIMING: 55000  CPU: 155.984, 0.00285834/step  Wall: 156.558, 0.00286696/step, 0.195113 hours remaining, 0.407069 MB of memory in use.
PERFORMANCE: 55000  averaging 60.7091 ns/day, 0.00284636 sec/step with standard deviation 2.74333e-05
ETITLE:      TS           BOND          ANGLE          DIHED          IMPRP               ELECT            VDW       BOUNDARY           MISC        KINETIC               TOTAL           TEMP      POTENTIAL         TOTAL3        TEMPAVG            PRESSURE      GPRESSURE         VOLUME       PRESSAVG      GPRESSAVG

ENERGY:   55000         0.0000         0.0000         0.0000         0.0000          -5603.4629       376.6186         0.0000         0.0000       927.0846          -4299.7596       294.5266     -5226.8442     -4297.8929       297.2326           -329.4315      -302.2342     22681.3476      -111.3626      -111.2856

WRITING EXTENDED SYSTEM TO RESTART FILE AT STEP 55000
PRESSURE: 55500 -702.407 -666.396 223.805 -442.79 -86.5425 263.615 923.897 1039.59 136.321
GPRESSURE: 55500 -610.044 -760.436 208.458 -379.152 -112.43 334.557 637.663 717.783 149.55
PRESSAVG: 55500 -289.211 -77.8352 9.47711 -163.903 -13.0887 126.225 159.946 522.253 126.099
GPRESSAVG: 55500 -290.022 -78.9297 11.8743 -166.311 -11.3753 127.626 156.992 519.704 125.415
ENERGY:   55500         0.0000         0.0000         0.0000         0.0000          -5646.3833       411.5922         0.0000         0.0000       965.7565          -4269.0346       306.8124     -5234.7911     -4267.1026       294.2029           -217.5429      -190.9749     22681.3476       -58.7337       -58.6608

PRESSURE: 56000 -778.466 221.746 -466.06 -441.699 88.5259 799.108 -220.584 1112.35 -933.771
GPRESSURE: 56000 -769.704 125.377 -436.78 -156.629 -93.538 718.386 -437.414 1159.84 -728.435
PRESSAVG: 56000 53.1258 -17.0175 -49.5265 -107.74 -299.576 1.99934 136.248 415.073 369.707
GPRESSAVG: 56000 52.9203 -15.7252 -52.0357 -107.131 -299.556 3.60021 137.722 419.185 370.661
ENERGY:   56000         0.0000         0.0000         0.0000         0.0000          -5622.4710       384.0100         0.0000         0.0000       947.7027          -4290.7582       301.0768     -5238.4609     -4288.7134       299.2381           -541.2371      -530.5592     22681.3476        41.0857        41.3418

LDB: ============= START OF LOAD BALANCING ============== 171.334
LDB: ============== END OF LOAD BALANCING =============== 171.334
Info: useSync: 0 useProxySync: 0
LDB: =============== DONE WITH MIGRATION ================ 171.334
LDB: ============= START OF LOAD BALANCING ============== 171.474
LDB: Largest compute 222 load 0.007958 is 13.6% of average load 0.058652
LDB: Average compute 0.002324 is 4.0% of average load 0.058652
LDB: TIME 171.475 LOAD: AVG 0.058652 MAX 0.134378  PROXIES: TOTAL 28 MAXPE 3 MAXPATCH 5 None MEM: 0.407069 MB
LDB: TIME 171.475 LOAD: AVG 0.058652 MAX 0.134378  PROXIES: TOTAL 31 MAXPE 4 MAXPATCH 6 RefineTorusLB MEM: 0.407069 MB
LDB: TIME 171.475 LOAD: AVG 0.058652 MAX 0.134378  PROXIES: TOTAL 31 MAXPE 4 MAXPATCH 6 RefineTorusLB MEM: 0.407069 MB
LDB: Reverting to original mapping
LDB: ============== END OF LOAD BALANCING =============== 171.475
Info: useSync: 0 useProxySync: 0
LDB: =============== DONE WITH MIGRATION ================ 171.475
PRESSURE: 56500 -662.448 558.854 -67.415 413.021 -636.133 326.07 -133.189 622.341 -688.96
GPRESSURE: 56500 -795.987 642.678 302.845 153.277 -480.599 164.555 -256.522 682.22 -627.126
PRESSAVG: 56500 -37.6883 -2.79031 -4.70479 -142.144 -98.0729 -119.434 143.434 150.208 30.5434
GPRESSAVG: 56500 -37.7106 -1.76275 -2.269 -143.074 -99.4034 -122.063 139.662 151.139 31.6211
ENERGY:   56500         0.0000         0.0000         0.0000         0.0000          -5592.1137       353.5181         0.0000         0.0000       966.3060          -4272.2896       306.9869     -5238.5956     -4270.3714       301.6772           -662.5135      -634.5705     22681.3476       -35.0726       -35.1643

PRESSURE: 57000 394.74 143.102 -292.108 181.142 948.803 668.952 -199.065 905.443 533.597
GPRESSURE: 57000 528.142 168.9 -437.549 142.96 870.548 669.464 28.1183 640.656 516.744
PRESSAVG: 57000 -456.313 21.3836 -31.762 -2.67653 -508.194 -128.798 208.346 245.304 147.896
GPRESSAVG: 57000 -455.405 19.4343 -35.1643 -1.40905 -507.353 -124.658 212.091 241.367 145.9
ENERGY:   57000         0.0000         0.0000         0.0000         0.0000          -5681.8751       463.3738         0.0000         0.0000       970.6742          -4247.8271       308.3747     -5218.5013     -4244.8113       300.7535            625.7130       638.4778     22681.3476      -272.2038      -272.2859

PRESSURE: 57500 31.9054 67.493 -629.539 102.805 -366.866 -449.02 -254.56 -469.53 613.958
GPRESSURE: 57500 145.295 132.689 -483.983 150.461 -305.321 -470.698 -625.879 -544.188 531.49
PRESSAVG: 57500 -478.936 60.403 -61.8327 108.998 -324.604 -114.711 134.453 157.966 71.8798
GPRESSAVG: 57500 -479.548 59.8741 -60.1913 107.043 -325.224 -117.334 130.305 157.399 71.7238
ENERGY:   57500         0.0000         0.0000         0.0000         0.0000          -5558.8010       400.5676         0.0000         0.0000       948.4183          -4209.8151       301.3042     -5158.2334     -4207.5303       301.8631             92.9991       123.8213     22681.3476      -243.8865      -244.3492

PRESSURE: 58000 289.779 -273.034 273.311 -609.169 -918.835 821.662 -10.2224 311.627 890.841
GPRESSURE: 58000 333.307 -62.0709 415.966 -443.134 -906.441 665.877 -471.715 411.941 897.384
PRESSAVG: 58000 -409.13 -21.6012 -176.248 -26.136 -391.148 64.9084 39.9141 155.272 345.685
GPRESSAVG: 58000 -409.144 -21.0419 -175.176 -26.9121 -392.051 62.2811 40.0795 158.634 345.493
ENERGY:   58000         0.0000         0.0000         0.0000         0.0000          -5632.1033       429.1028         0.0000         0.0000       954.8099          -4248.1906       303.3347     -5203.0005     -4246.3417       302.9843             87.2617       108.0833     22681.3476      -151.5309      -151.9008

LDB: ============= START OF LOAD BALANCING ============== 177.589
LDB: ============== END OF LOAD BALANCING =============== 177.589
Info: useSync: 0 useProxySync: 0
LDB: =============== DONE WITH MIGRATION ================ 177.595
LDB: ============= START OF LOAD BALANCING ============== 177.88
LDB: Largest compute 229 load 0.011130 is 17.0% of average load 0.065476
LDB: Average compute 0.002472 is 3.8% of average load 0.065476
LDB: TIME 177.884 LOAD: AVG 0.0654762 MAX 0.146914  PROXIES: TOTAL 28 MAXPE 3 MAXPATCH 5 None MEM: 0.407069 MB
LDB: TIME 177.884 LOAD: AVG 0.0654762 MAX 0.146914  PROXIES: TOTAL 31 MAXPE 4 MAXPATCH 6 RefineTorusLB MEM: 0.407069 MB
LDB: TIME 177.884 LOAD: AVG 0.0654762 MAX 0.146914  PROXIES: TOTAL 32 MAXPE 4 MAXPATCH 6 RefineTorusLB MEM: 0.407069 MB
LDB: Reverting to original mapping
LDB: ============== END OF LOAD BALANCING =============== 177.885
Info: useSync: 0 useProxySync: 0
LDB: =============== DONE WITH MIGRATION ================ 177.895
PRESSURE: 58500 555.408 633.11 248.15 843.557 -555.609 19.9865 742.874 187.859 195.19
GPRESSURE: 58500 638.585 776.101 241.363 567.759 -666.577 66.2906 758.447 122.805 290.058
PRESSAVG: 58500 -304.639 7.894 132.637 134.019 -333.091 55.0848 188.799 247.696 -29.6084
GPRESSAVG: 58500 -304.436 11.4456 133.427 136.478 -333.369 58.2089 188.554 244.359 -29.9504
ENERGY:   58500         0.0000         0.0000         0.0000         0.0000          -5526.9888       381.5551         0.0000         0.0000       931.3650          -4214.0687       295.8865     -5145.4337     -4210.9003       300.9482             64.9964        87.3554     22681.3476      -222.4461      -222.5851

PRESSURE: 59000 67.9375 263.179 -119.382 -317.89 -163.405 45.606 -206.599 113.043 -418.902
GPRESSURE: 59000 77.6323 164.584 16.2096 -223.504 -176.189 -183.491 -205.91 211.191 -326.739
PRESSAVG: 59000 -329.023 127.612 -38.5713 64.6822 -395.692 8.42964 131.723 110.012 100.798
GPRESSAVG: 59000 -329.495 127.07 -38.8083 62.4977 -393.581 10.755 137.377 107.836 100.249
ENERGY:   59000         0.0000         0.0000         0.0000         0.0000          -5545.9105       383.2873         0.0000         0.0000       944.9384          -4217.6848       300.1986     -5162.6232     -4215.0042       302.9200           -171.4562      -141.7650     22681.3476      -207.9722      -207.6089

PRESSURE: 59500 -1296.76 -103.692 106.746 230.498 -1036.82 162.782 586.698 359.682 -717.442
GPRESSURE: 59500 -1366.69 -322.701 134.164 245.955 -874.925 139.035 450.612 158.552 -704.741
PRESSAVG: 59500 -222.451 -61.1645 205.671 8.69487 48.0598 59.9521 483.178 307.487 150.104
GPRESSAVG: 59500 -220.819 -61.1183 208.441 8.95049 47.26 56.4741 476.507 311.104 150.395
ENERGY:   59500         0.0000         0.0000         0.0000         0.0000          -5551.5907       330.8128         0.0000         0.0000       951.7976          -4268.9803       302.3777     -5220.7779     -4266.2820       305.5432          -1017.0077      -982.1201     22681.3476        -8.0957        -7.7211

PRESSURE: 60000 -1369.32 -220.521 259.955 40.3715 -888.56 -57.44 662.74 473.165 -1264
GPRESSURE: 60000 -1312.13 -399.336 156.267 22.2286 -850.169 -301.488 702.989 532.25 -1318.51
PRESSAVG: 60000 -366.47 -146.449 -138.357 -27.8058 -248.36 10.6546 97.5928 230.391 -128.382
GPRESSAVG: 60000 -366.295 -150.333 -139.712 -23.6482 -248.461 13.526 97.1117 229.433 -128.625
TIMING: 60000  CPU: 171.044, 0.00301184/step  Wall: 171.694, 0.00302705/step, 0.201804 hours remaining, 0.407069 MB of memory in use.
PERFORMANCE: 60000  averaging 60.3896 ns/day, 0.00286142 sec/step with standard deviation 5.8352e-05
ETITLE:      TS           BOND          ANGLE          DIHED          IMPRP               ELECT            VDW       BOUNDARY           MISC        KINETIC               TOTAL           TEMP      POTENTIAL         TOTAL3        TEMPAVG            PRESSURE      GPRESSURE         VOLUME       PRESSAVG      GPRESSAVG

ENERGY:   60000         0.0000         0.0000         0.0000         0.0000          -5515.9425       308.6257         0.0000         0.0000       925.2704          -4282.0464       293.9503     -5207.3168     -4279.6827       295.7634          -1173.9593     -1160.2712     22681.3476      -247.7371      -247.7940

WRITING EXTENDED SYSTEM TO RESTART FILE AT STEP 60000
WRITING COORDINATES TO DCD FILE MD.dcd AT STEP 60000
WRITING COORDINATES TO RESTART FILE AT STEP 60000
FINISHED WRITING RESTART COORDINATES
WRITING VELOCITIES TO RESTART FILE AT STEP 60000
FINISHED WRITING RESTART VELOCITIES
LDB: ============= START OF LOAD BALANCING ============== 183.624
LDB: ============== END OF LOAD BALANCING =============== 183.624
Info: useSync: 0 useProxySync: 0
LDB: =============== DONE WITH MIGRATION ================ 183.624
LDB: ============= START OF LOAD BALANCING ============== 183.763
LDB: Largest compute 16 load 0.009401 is 15.8% of average load 0.059505
LDB: Average compute 0.002374 is 4.0% of average load 0.059505
LDB: TIME 183.763 LOAD: AVG 0.0595052 MAX 0.132683  PROXIES: TOTAL 28 MAXPE 3 MAXPATCH 5 None MEM: 0.407069 MB
LDB: TIME 183.763 LOAD: AVG 0.0595052 MAX 0.132683  PROXIES: TOTAL 31 MAXPE 4 MAXPATCH 6 RefineTorusLB MEM: 0.407069 MB
LDB: TIME 183.763 LOAD: AVG 0.0595052 MAX 0.132683  PROXIES: TOTAL 31 MAXPE 4 MAXPATCH 6 RefineTorusLB MEM: 0.407069 MB
LDB: ============== END OF LOAD BALANCING =============== 183.764
Info: useSync: 0 useProxySync: 0
LDB: =============== DONE WITH MIGRATION ================ 183.764
PRESSURE: 60500 194.008 88.9617 440.935 -27.2008 630.947 49.3148 466.272 330.679 -263.729
GPRESSURE: 60500 113.307 176.778 554.417 112.886 685.876 -76.9659 840.928 384.093 -139.309
PRESSAVG: 60500 -542.381 87.5738 -25.5936 135.815 -754.081 -134.008 150.914 393.835 43.422
GPRESSAVG: 60500 -542.648 88.5555 -25.289 134.863 -754.878 -137.674 153.619 395.866 46.152
ENERGY:   60500         0.0000         0.0000         0.0000         0.0000          -5627.7048       425.9025         0.0000         0.0000       900.7175          -4301.0847       286.1500     -5201.8022     -4298.3322       294.4051            187.0755       219.9578     22681.3476      -417.6798      -417.1245

PRESSURE: 61000 159.961 -662.798 -17.8697 -327.097 1062.57 -29.0657 -153.037 -115.96 398.344
GPRESSURE: 61000 162.101 -592.471 27.201 -83.8031 1077.06 81.9931 -149.325 -22.6883 454.93
PRESSAVG: 61000 -157.896 27.1321 -121.995 9.32164 -79.8329 -45.1801 186.941 144.589 362.578
GPRESSAVG: 61000 -155.951 28.6452 -126.744 8.25963 -78.9013 -42.4534 188.249 143.219 360.9
ENERGY:   61000         0.0000         0.0000         0.0000         0.0000          -5699.0120       457.8087         0.0000         0.0000       961.8378          -4279.3654       305.5674     -5241.2033     -4277.2417       298.3956            540.2920       564.6961     22681.3476        41.6165        42.0159

PRESSURE: 61500 -389.762 -98.9734 654.413 -270.216 -36.2255 -111.178 328.362 -554.353 -516.651
GPRESSURE: 61500 -335.601 128.328 558.124 -263.981 19.6979 8.70449 344.77 -474.417 -593.458
PRESSAVG: 61500 153.878 76.867 -146.383 115.926 -158.48 -48.178 185.415 129.968 532.194
GPRESSAVG: 61500 153.634 75.6397 -144.285 119.204 -156.879 -46.628 186.303 131.476 531.489
ENERGY:   61500         0.0000         0.0000         0.0000         0.0000          -5638.5996       392.6947         0.0000         0.0000       936.2579          -4309.6469       297.4409     -5245.9049     -4306.9084       303.9255           -314.2128      -303.1202     22681.3476       175.8639       176.0815

PRESSURE: 62000 253.792 -20.4245 -113.713 -329.81 966.563 -195.734 768.426 181.032 -14.1165
GPRESSURE: 62000 122.748 -52.8508 -251.582 -418.013 959.418 -159.872 896.61 55.7318 182.755
PRESSAVG: 62000 -145.261 108.897 -86.1802 -132.453 -470.923 60.2643 161.249 -22.7279 -23.6293
GPRESSAVG: 62000 -146.37 109.917 -88.6351 -133.603 -473.457 60.2126 159.676 -26.2887 -21.0795
ENERGY:   62000         0.0000         0.0000         0.0000         0.0000          -5664.9044       428.6448         0.0000         0.0000       941.0193          -4295.2403       298.9536     -5236.2597     -4294.6356       296.0301            402.0794       421.6404     22681.3476      -213.2711      -213.6356

LDB: ============= START OF LOAD BALANCING ============== 189.228
LDB: ============== END OF LOAD BALANCING =============== 189.228
Info: useSync: 0 useProxySync: 0
LDB: =============== DONE WITH MIGRATION ================ 189.228
LDB: ============= START OF LOAD BALANCING ============== 189.368
LDB: Largest compute 222 load 0.008153 is 13.6% of average load 0.059835
LDB: Average compute 0.002389 is 4.0% of average load 0.059835
LDB: TIME 189.368 LOAD: AVG 0.0598345 MAX 0.133284  PROXIES: TOTAL 28 MAXPE 3 MAXPATCH 5 None MEM: 0.407069 MB
LDB: TIME 189.368 LOAD: AVG 0.0598345 MAX 0.133284  PROXIES: TOTAL 31 MAXPE 4 MAXPATCH 6 RefineTorusLB MEM: 0.407069 MB
LDB: TIME 189.368 LOAD: AVG 0.0598345 MAX 0.133284  PROXIES: TOTAL 32 MAXPE 4 MAXPATCH 6 RefineTorusLB MEM: 0.407069 MB
LDB: ============== END OF LOAD BALANCING =============== 189.368
Info: useSync: 0 useProxySync: 0
LDB: =============== DONE WITH MIGRATION ================ 189.368
PRESSURE: 62500 -478.894 -469.833 -151.868 -501.415 485.418 -229.089 261.751 -93.971 270.51
GPRESSURE: 62500 -247.41 -327.83 -256.324 -543.443 401.038 -352.256 464.22 -79.7132 139.093
PRESSAVG: 62500 120.589 -286.117 28.505 -301.97 90.4778 -42.5425 604.989 360.748 239.042
GPRESSAVG: 62500 122.587 -284.247 31.4583 -304.285 91.5182 -41.9121 606.367 362.494 237.227
ENERGY:   62500         0.0000         0.0000         0.0000         0.0000          -5604.1558       421.1132         0.0000         0.0000       926.7252          -4256.3174       294.4125     -5183.0426     -4254.9390       300.6571             92.3448        97.5739     22681.3476       150.0362       150.4441

PRESSURE: 63000 -544.674 413.367 -279.069 618.941 -170.789 597.684 -89.302 470.853 1727.27
GPRESSURE: 63000 -415.239 448.419 -672.326 603.494 -81.978 314.484 -4.66077 523.707 1587.27
PRESSAVG: 63000 -142.492 -117.684 143.066 -74.6197 -122.503 44.2037 457.323 287.651 382.478
GPRESSAVG: 63000 -142.191 -121.01 145.75 -71.3219 -123.446 39.839 456.801 287.383 382.807
ENERGY:   63000         0.0000         0.0000         0.0000         0.0000          -5667.1933       425.2902         0.0000         0.0000       952.5385          -4289.3645       302.6131     -5241.9031     -4287.6778       298.8127            337.2680       363.3505     22681.3476        39.1611        39.0566

PRESSURE: 63500 -519.668 -572.945 440.569 -614.527 -1270.83 -212.428 912.805 539.491 27.4651
GPRESSURE: 63500 -575.991 -521.442 620.367 -432.495 -1028.86 -419.586 768.436 916.818 -89.4048
PRESSAVG: 63500 -249.367 29.3921 36.2797 223.167 -470.802 -166.718 341.826 187.601 165.268
GPRESSAVG: 63500 -249.814 32.0909 34.706 218.818 -469.634 -163.615 344.344 188.758 165.687
ENERGY:   63500         0.0000         0.0000         0.0000         0.0000          -5586.0474       359.3992         0.0000         0.0000       953.9370          -4272.7112       303.0574     -5226.6482     -4270.5117       295.6054           -587.6771      -564.7535     22681.3476      -184.9669      -184.5871

PRESSURE: 64000 -1699.74 58.0196 -45.3578 627.174 -455.961 -96.6456 64.7478 247.586 275.063
GPRESSURE: 64000 -1752.86 -16.8484 139.644 742.477 -340.287 -281.565 -99.6052 357.972 273.539
PRESSAVG: 64000 -162.491 -6.08728 112.39 -96.7394 -560.935 -57.1866 383.235 216.319 369.476
GPRESSAVG: 64000 -160.971 -7.90758 112.418 -96.9723 -562.131 -60.232 381.054 217.275 368.697
ENERGY:   64000         0.0000         0.0000         0.0000         0.0000          -5580.6065       359.6523         0.0000         0.0000       932.7281          -4288.2262       296.3195     -5220.9543     -4287.0961       296.2631           -626.8785      -606.5373     22681.3476      -117.9835      -118.1349

LDB: ============= START OF LOAD BALANCING ============== 194.828
LDB: ============== END OF LOAD BALANCING =============== 194.828
Info: useSync: 0 useProxySync: 0
LDB: =============== DONE WITH MIGRATION ================ 194.828
LDB: ============= START OF LOAD BALANCING ============== 194.968
LDB: Largest compute 17 load 0.008584 is 14.3% of average load 0.060078
LDB: Average compute 0.002401 is 4.0% of average load 0.060078
LDB: TIME 194.968 LOAD: AVG 0.060078 MAX 0.133212  PROXIES: TOTAL 28 MAXPE 3 MAXPATCH 5 None MEM: 0.407069 MB
LDB: TIME 194.968 LOAD: AVG 0.060078 MAX 0.133212  PROXIES: TOTAL 32 MAXPE 4 MAXPATCH 6 RefineTorusLB MEM: 0.407069 MB
LDB: TIME 194.968 LOAD: AVG 0.060078 MAX 0.133212  PROXIES: TOTAL 32 MAXPE 4 MAXPATCH 6 RefineTorusLB MEM: 0.407069 MB
LDB: Reverting to original mapping
LDB: ============== END OF LOAD BALANCING =============== 194.968
Info: useSync: 0 useProxySync: 0
LDB: =============== DONE WITH MIGRATION ================ 194.968
PRESSURE: 64500 -1130.68 18.9163 -72.7063 -0.925758 -463.913 -82.8177 -200.504 -254.938 -237.725
GPRESSURE: 64500 -1026.63 -32.7695 70.1913 -173.749 -605.676 -187.747 -636.759 -143.393 -172.561
PRESSAVG: 64500 -201.225 52.2727 224.651 46.0256 -356.597 -121.003 120.293 80.1623 375.982
GPRESSAVG: 64500 -203.671 51.7382 222.667 47.2984 -355.702 -120.022 120.03 78.3839 377.438
ENERGY:   64500         0.0000         0.0000         0.0000         0.0000          -5583.9045       348.8183         0.0000         0.0000       958.0346          -4277.0516       304.3592     -5235.0862     -4274.1411       296.5926           -610.7726      -601.6220     22681.3476       -60.6133       -60.6450

WRITING COORDINATES TO DCD FILE MD.dcd AT STEP 65000
WRITING COORDINATES TO RESTART FILE AT STEP 65000
FINISHED WRITING RESTART COORDINATES
WRITING VELOCITIES TO RESTART FILE AT STEP 65000
FINISHED WRITING RESTART VELOCITIES
PRESSURE: 65000 -1343.97 192.51 141.619 125.996 -699.318 -1.13448 577.723 451.126 83.0281
GPRESSURE: 65000 -1538.94 233.935 45.9112 55.6264 -539.016 148.146 458.957 334.746 210.1
PRESSAVG: 65000 -445.512 167.458 191.588 176.105 -338.555 -15.6871 338.8 139.462 426.104
GPRESSAVG: 65000 -443.237 165.98 193.313 179.055 -338.818 -13.7989 341.038 141.811 424.495
TIMING: 65000  CPU: 184.99, 0.0027892/step  Wall: 185.718, 0.00280479/step, 0.18309 hours remaining, 0.407069 MB of memory in use.
PERFORMANCE: 65000  averaging 60.4817 ns/day, 0.00285706 sec/step with standard deviation 5.80335e-05
ETITLE:      TS           BOND          ANGLE          DIHED          IMPRP               ELECT            VDW       BOUNDARY           MISC        KINETIC               TOTAL           TEMP      POTENTIAL         TOTAL3        TEMPAVG            PRESSURE      GPRESSURE         VOLUME       PRESSAVG      GPRESSAVG

ENERGY:   65000         0.0000         0.0000         0.0000         0.0000          -5582.4494       350.4899         0.0000         0.0000       889.7748          -4342.1848       282.6736     -5231.9595     -4339.5765       297.9059           -653.4200      -622.6202     22681.3476      -119.3209      -119.1866

WRITING EXTENDED SYSTEM TO RESTART FILE AT STEP 65000
PRESSURE: 65500 -311.087 -85.7504 408.917 15.3557 200.515 346.182 300.547 557.59 -793.832
GPRESSURE: 65500 -228.139 -94.8165 294.6 148.584 159.318 300.68 572.815 379.329 -769.95
PRESSAVG: 65500 -184.805 16.4556 -98.1763 -64.9433 -222.022 179.549 176.266 272.46 -77.1991
GPRESSAVG: 65500 -183.405 16.2981 -97.3991 -63.1455 -222.087 175.418 175.54 276.027 -76.8179
ENERGY:   65500         0.0000         0.0000         0.0000         0.0000          -5592.9017       373.9813         0.0000         0.0000       923.2671          -4295.6532       293.3139     -5218.9204     -4292.0157       295.2908           -301.4680      -279.5905     22681.3476      -161.3422      -160.7700

PRESSURE: 66000 -648.645 -897.529 283.549 -886.695 774.262 -47.2235 357.636 216.177 -189.725
GPRESSURE: 66000 -735.031 -899.477 -95.979 -904.685 897.881 -191.316 605.814 368.946 -154.297
PRESSAVG: 66000 -383.733 141.417 -94.7188 117.381 -130.323 148.281 107.814 482.67 140.202
GPRESSAVG: 66000 -385.743 138.341 -95.8595 116.874 -130.237 147.654 109.789 483.107 140.475
ENERGY:   66000         0.0000         0.0000         0.0000         0.0000          -5589.0794       378.1392         0.0000         0.0000       924.6962          -4286.2440       293.7679     -5210.9402     -4284.4246       299.2941            -21.3694         2.8508     22681.3476      -124.6179      -125.1684

LDB: ============= START OF LOAD BALANCING ============== 200.484
LDB: ============== END OF LOAD BALANCING =============== 200.484
Info: useSync: 0 useProxySync: 0
LDB: =============== DONE WITH MIGRATION ================ 200.484
LDB: ============= START OF LOAD BALANCING ============== 200.624
LDB: Largest compute 224 load 0.008292 is 13.8% of average load 0.059940
LDB: Average compute 0.002390 is 4.0% of average load 0.059940
LDB: TIME 200.624 LOAD: AVG 0.0599404 MAX 0.13325  PROXIES: TOTAL 28 MAXPE 3 MAXPATCH 5 None MEM: 0.407069 MB
LDB: TIME 200.624 LOAD: AVG 0.0599404 MAX 0.13325  PROXIES: TOTAL 32 MAXPE 4 MAXPATCH 6 RefineTorusLB MEM: 0.407069 MB
LDB: TIME 200.624 LOAD: AVG 0.0599404 MAX 0.13325  PROXIES: TOTAL 32 MAXPE 4 MAXPATCH 6 RefineTorusLB MEM: 0.407069 MB
LDB: Reverting to original mapping
LDB: ============== END OF LOAD BALANCING =============== 200.624
Info: useSync: 0 useProxySync: 0
LDB: =============== DONE WITH MIGRATION ================ 200.624
PRESSURE: 66500 182.993 -297.46 264.291 -212.984 -759.94 589.568 351.335 796.644 410.804
GPRESSURE: 66500 150.239 -318.258 98.1122 26.1437 -590.938 621.833 479.292 934.296 331.619
PRESSAVG: 66500 -252.591 6.0148 -66.957 38.4946 -363.819 -91.4254 173.957 331.392 220.788
GPRESSAVG: 66500 -253.941 10.6306 -67.0267 36.7714 -360.612 -87.6851 171.1 326.883 218.929
ENERGY:   66500         0.0000         0.0000         0.0000         0.0000          -5656.6000       416.9576         0.0000         0.0000       940.1803          -4299.4621       298.6870     -5239.6424     -4298.3029       295.3359            -55.3809       -36.3597     22681.3476      -131.8739      -131.8745

PRESSURE: 67000 -1455.94 -135.745 -437.284 148.353 -456.516 23.1781 1070.68 587.821 1483.84
GPRESSURE: 67000 -1471.12 -258.513 -117.924 328.599 -308.846 270.083 851.473 110.342 1431.49
PRESSAVG: 67000 -413.407 -75.9877 104.88 29.5364 -273.027 -30.8429 316.903 320.85 154.497
GPRESSAVG: 67000 -411.673 -74.8662 105.349 30.7977 -276.247 -30.0577 319.469 323.768 156.411
ENERGY:   67000         0.0000         0.0000         0.0000         0.0000          -5613.0286       378.9836         0.0000         0.0000       912.8341          -4321.2108       289.9994     -5234.0450     -4318.7287       291.8722           -142.8710      -116.1616     22681.3476      -177.3122      -177.1697

PRESSURE: 67500 -404.739 151.055 -47.05 -201.303 -491.153 -28.5914 -204.684 408.023 550.15
GPRESSURE: 67500 -285.766 44.1298 -221.089 -340.669 -398.728 54.2155 -89.0441 459.432 419.247
PRESSAVG: 67500 -158.582 229.455 -181.297 133.784 -164.256 140.187 323.283 385.942 453.066
GPRESSAVG: 67500 -159.252 226.152 -181.544 130.348 -161.245 143.137 323.776 384.311 451.706
ENERGY:   67500         0.0000         0.0000         0.0000         0.0000          -5613.5920       390.9380         0.0000         0.0000       933.1138          -4289.5402       296.4420     -5222.6540     -4287.8274       297.1189           -115.2474       -88.4156     22681.3476        43.4092        43.7364

PRESSURE: 68000 887.405 1056.16 123.719 641.358 -64.6314 374.129 859.029 766.606 1361.55
GPRESSURE: 68000 903.391 1191.41 140.276 231.279 -196.755 227.774 882.477 887.58 1517.17
PRESSAVG: 68000 -455.314 58.4362 2.26966 -26.2843 -182.566 125.067 358.098 429.633 432.832
GPRESSAVG: 68000 -455.274 59.7288 8.7517 -25.9748 -183.296 122.966 354.167 430.227 434.057
ENERGY:   68000         0.0000         0.0000         0.0000         0.0000          -5639.8400       447.6993         0.0000         0.0000       930.5687          -4261.5720       295.6335     -5192.1407     -4259.3158       296.4402            728.1087       741.2700     22681.3476       -68.3493       -68.1711

LDB: ============= START OF LOAD BALANCING ============== 206.122
LDB: ============== END OF LOAD BALANCING =============== 206.122
Info: useSync: 0 useProxySync: 0
LDB: =============== DONE WITH MIGRATION ================ 206.122
LDB: ============= START OF LOAD BALANCING ============== 206.261
LDB: Largest compute 16 load 0.008433 is 14.0% of average load 0.060200
LDB: Average compute 0.002409 is 4.0% of average load 0.060200
LDB: TIME 206.261 LOAD: AVG 0.0601996 MAX 0.132979  PROXIES: TOTAL 28 MAXPE 3 MAXPATCH 5 None MEM: 0.407069 MB
LDB: TIME 206.261 LOAD: AVG 0.0601996 MAX 0.132979  PROXIES: TOTAL 32 MAXPE 4 MAXPATCH 6 RefineTorusLB MEM: 0.407069 MB
LDB: TIME 206.261 LOAD: AVG 0.0601996 MAX 0.132979  PROXIES: TOTAL 32 MAXPE 4 MAXPATCH 6 RefineTorusLB MEM: 0.407069 MB
LDB: ============== END OF LOAD BALANCING =============== 206.262
Info: useSync: 0 useProxySync: 0
LDB: =============== DONE WITH MIGRATION ================ 206.262
PRESSURE: 68500 -1110.69 -84.9678 -580.574 -276.279 -831.501 -370.082 -346.992 -281.95 261.59
GPRESSURE: 68500 -1177.77 2.12047 -840.829 -433.149 -813.221 -205.006 -64.7576 -311.732 352.867
PRESSAVG: 68500 -582.18 188.253 -165.388 149.689 -480.643 -46.3856 248.388 279.583 130.804
GPRESSAVG: 68500 -581.581 187.888 -168.365 149.317 -482.399 -51.2519 250.534 284.223 130.996
ENERGY:   68500         0.0000         0.0000         0.0000         0.0000          -5570.8640       340.5461         0.0000         0.0000       939.5904          -4290.7274       298.4996     -5230.3178     -4288.1479       296.7010           -560.2021      -546.0423     22681.3476      -310.6726      -310.9947

PRESSURE: 69000 -631.077 395.307 42.2541 584.811 -382.829 497.699 246.13 835.801 -21.6792
GPRESSURE: 69000 -648.847 254.761 160.259 559.907 -305.754 710.339 93.2465 869.066 11.57
PRESSAVG: 69000 -427.318 -104.968 -105.277 -85.9248 -422.966 21.997 148.285 152.325 196.721
GPRESSAVG: 69000 -424.685 -100.504 -107.586 -86.8496 -423.411 22.4643 148.78 151.118 196.21
ENERGY:   69000         0.0000         0.0000         0.0000         0.0000          -5550.6163       378.3366         0.0000         0.0000       913.0293          -4259.2503       290.0614     -5172.2796     -4257.1620       298.4797           -345.1951      -314.3439     22681.3476      -217.8544      -217.2953

PRESSURE: 69500 -209.863 190.641 -67.3362 446.414 -184.09 32.2798 496.621 -11.6318 466.978
GPRESSURE: 69500 -185.384 222.167 394.012 644.034 -124.487 167.367 377.796 -127.213 444.329
PRESSAVG: 69500 -403.932 85.8654 -33.1177 137.19 -381.309 7.62389 142.211 217.577 119.097
GPRESSAVG: 69500 -407.485 82.5414 -29.6298 136.976 -379.253 10.2019 142.143 215.964 119.235
ENERGY:   69500         0.0000         0.0000         0.0000         0.0000          -5596.2320       400.5575         0.0000         0.0000       925.5765          -4270.0980       294.0475     -5195.6745     -4267.2955       298.0299             24.3416        44.8193     22681.3476      -222.0480      -222.5013

WRITING COORDINATES TO DCD FILE MD.dcd AT STEP 70000
WRITING COORDINATES TO RESTART FILE AT STEP 70000
FINISHED WRITING RESTART COORDINATES
WRITING VELOCITIES TO RESTART FILE AT STEP 70000
FINISHED WRITING RESTART VELOCITIES
PRESSURE: 70000 -1310.9 284.367 52.3512 47.9809 -62.8936 628.403 214.48 286.814 -71.2456
GPRESSURE: 70000 -1268.35 281.456 -106.443 -146.719 -113.512 319.168 359.374 679.258 -4.29221
PRESSAVG: 70000 -417.246 -16.0194 -274.886 -27.5063 -355.843 -162.938 -157.734 -173.83 528.734
GPRESSAVG: 70000 -416.807 -17.4185 -274.836 -25.4032 -357.491 -162.031 -159.012 -175.766 529.112
TIMING: 70000  CPU: 199.064, 0.0028149/step  Wall: 199.895, 0.0028354/step, 0.181151 hours remaining, 0.407069 MB of memory in use.
PERFORMANCE: 70000  averaging 60.5145 ns/day, 0.00285552 sec/step with standard deviation 5.60565e-05
ETITLE:      TS           BOND          ANGLE          DIHED          IMPRP               ELECT            VDW       BOUNDARY           MISC        KINETIC               TOTAL           TEMP      POTENTIAL         TOTAL3        TEMPAVG            PRESSURE      GPRESSURE         VOLUME       PRESSAVG      GPRESSAVG

ENERGY:   70000         0.0000         0.0000         0.0000         0.0000          -5545.7677       357.9936         0.0000         0.0000       939.0412          -4248.7329       298.3251     -5187.7741     -4245.4804       300.7805           -481.6810      -462.0527     22681.3476       -81.4516       -81.7286

WRITING EXTENDED SYSTEM TO RESTART FILE AT STEP 70000
LDB: ============= START OF LOAD BALANCING ============== 211.817
LDB: ============== END OF LOAD BALANCING =============== 211.817
Info: useSync: 0 useProxySync: 0
LDB: =============== DONE WITH MIGRATION ================ 211.817
LDB: ============= START OF LOAD BALANCING ============== 211.958
LDB: Largest compute 16 load 0.008360 is 14.0% of average load 0.059893
LDB: Average compute 0.002379 is 4.0% of average load 0.059893
LDB: TIME 211.958 LOAD: AVG 0.0598932 MAX 0.134294  PROXIES: TOTAL 28 MAXPE 3 MAXPATCH 5 None MEM: 0.407069 MB
LDB: TIME 211.958 LOAD: AVG 0.0598932 MAX 0.134294  PROXIES: TOTAL 32 MAXPE 4 MAXPATCH 6 RefineTorusLB MEM: 0.407069 MB
LDB: TIME 211.958 LOAD: AVG 0.0598932 MAX 0.134294  PROXIES: TOTAL 32 MAXPE 4 MAXPATCH 6 RefineTorusLB MEM: 0.407069 MB
LDB: Reverting to original mapping
LDB: ============== END OF LOAD BALANCING =============== 211.958
Info: useSync: 0 useProxySync: 0
LDB: =============== DONE WITH MIGRATION ================ 211.958
PRESSURE: 70500 -85.3301 -481.235 5.629 -234.527 207.293 113.314 -27.8319 13.4442 -441.495
GPRESSURE: 70500 -13.6851 -428.869 95.0724 -303.352 343.141 213.439 -227.056 -141.38 -548.191
PRESSAVG: 70500 -116.514 71.07 -131.019 33.4043 -20.863 -88.654 -121.363 -226.428 730.097
GPRESSAVG: 70500 -116.762 69.806 -129.063 32.2071 -20.2488 -90.4684 -123.268 -223.87 729.502
ENERGY:   70500         0.0000         0.0000         0.0000         0.0000          -5549.0342       375.1416         0.0000         0.0000       944.4778          -4229.4147       300.0523     -5173.8925     -4227.3116       301.4561           -106.5108       -72.9117     22681.3476       197.5733       197.4969

PRESSURE: 71000 -476.793 251.359 -847.364 382.335 313.414 831.835 -222.029 1222.35 1826.15
GPRESSURE: 71000 -312.514 322.644 -750.161 468.21 463.249 952.46 -312.133 1313.64 1577.78
PRESSAVG: 71000 -335.729 -170.874 -158.073 -111.271 -6.17765 -123.404 281.074 81.5621 693.499
GPRESSAVG: 71000 -336.225 -172.29 -161.627 -107.36 -7.29703 -122.503 284.483 80.7681 694.758
ENERGY:   71000         0.0000         0.0000         0.0000         0.0000          -5546.8007       405.9578         0.0000         0.0000       940.3359          -4200.5070       298.7365     -5140.8429     -4198.2165       302.4700            554.2559       576.1703     22681.3476       117.1976       117.0786

PRESSURE: 71500 -702.021 -302.29 151.235 -118.792 -501.439 -5.27474 410.602 129.571 1266.86
GPRESSURE: 71500 -705.763 -359.702 -148.622 229.732 -360.239 118.472 612.094 -41.4735 1162.86
PRESSAVG: 71500 -501.185 -21.088 -89.9834 -30.0736 -231.473 -78.0814 204.66 229.691 560.794
GPRESSAVG: 71500 -500.499 -19.9325 -86.5748 -31.7293 -230.551 -77.5757 202.951 226.792 558.685
ENERGY:   71500         0.0000         0.0000         0.0000         0.0000          -5523.0355       380.1705         0.0000         0.0000       942.5351          -4200.3298       299.4351     -5142.8650     -4199.6373       303.0125             21.1331        32.2844     22681.3476       -57.2880       -57.4554

PRESSURE: 72000 -1272.65 51.808 -521.271 104.376 -478.39 748.779 -167.48 598.748 177.314
GPRESSURE: 72000 -1236.14 192.799 -608.47 -70.6366 -453.164 449.614 75.4144 522.459 193.146
PRESSAVG: 72000 -441.391 38.8518 -135.77 98.9253 -433.754 -213.578 306.67 17.2183 436.466
GPRESSAVG: 72000 -442.148 39.1535 -136.064 99.4565 -436.398 -214.054 308.194 18.5455 439.399
ENERGY:   72000         0.0000         0.0000         0.0000         0.0000          -5497.9490       339.5031         0.0000         0.0000       961.6279          -4196.8180       305.5007     -5158.4459     -4195.1042       306.7778           -524.5757      -498.7206     22681.3476      -146.2264      -146.3822

LDB: ============= START OF LOAD BALANCING ============== 217.502
LDB: ============== END OF LOAD BALANCING =============== 217.502
Info: useSync: 0 useProxySync: 0
LDB: =============== DONE WITH MIGRATION ================ 217.503
LDB: ============= START OF LOAD BALANCING ============== 217.644
LDB: Largest compute 17 load 0.008306 is 13.8% of average load 0.060225
LDB: Average compute 0.002395 is 4.0% of average load 0.060225
LDB: TIME 217.644 LOAD: AVG 0.0602245 MAX 0.134873  PROXIES: TOTAL 28 MAXPE 3 MAXPATCH 5 None MEM: 0.407069 MB
LDB: TIME 217.644 LOAD: AVG 0.0602245 MAX 0.134873  PROXIES: TOTAL 32 MAXPE 4 MAXPATCH 6 RefineTorusLB MEM: 0.407069 MB
LDB: TIME 217.644 LOAD: AVG 0.0602245 MAX 0.134873  PROXIES: TOTAL 32 MAXPE 4 MAXPATCH 6 RefineTorusLB MEM: 0.407069 MB
LDB: Reverting to original mapping
LDB: ============== END OF LOAD BALANCING =============== 217.644
Info: useSync: 0 useProxySync: 0
LDB: =============== DONE WITH MIGRATION ================ 217.644
PRESSURE: 72500 -716.845 408.306 -928.92 323.005 -1105.82 -269.959 -301.759 -0.623866 -658.667
GPRESSURE: 72500 -742.823 442.23 -929.466 146.011 -1134.53 -56.3159 -387.051 21.882 -564.658
PRESSAVG: 72500 -244.768 -72.6983 -216.752 52.0267 -405.722 24.267 187.08 85.0445 595.436
GPRESSAVG: 72500 -241.383 -69.9245 -219.69 50.7919 -404.805 24.2376 189.259 86.7064 591.197
ENERGY:   72500         0.0000         0.0000         0.0000         0.0000          -5450.8929       298.1579         0.0000         0.0000       927.3647          -4225.3702       294.6156     -5152.7350     -4221.6196       303.1754           -827.1110      -814.0050     22681.3476       -18.3512       -18.3303

PRESSURE: 73000 651.749 -257.87 -56.1832 -346.224 -801.5 -250.4 397.37 14.2806 -21.4868
GPRESSURE: 73000 548.049 -130.631 60.2232 -517.971 -610.962 -143.218 174.124 -357.743 -71.0772
PRESSAVG: 73000 -382.708 -4.09481 -114.324 -37.9425 -705.185 118.684 285.496 52.4733 -271.846
GPRESSAVG: 73000 -384.961 -7.55789 -110.968 -37.6804 -701.514 116.943 280.909 54.707 -271.64
ENERGY:   73000         0.0000         0.0000         0.0000         0.0000          -5515.6017       363.8979         0.0000         0.0000       968.4591          -4183.2448       307.6709     -5151.7039     -4181.0615       304.0122            -57.0794       -44.6632     22681.3476      -453.2462      -452.7048

PRESSURE: 73500 -242.439 -131.848 594.885 -53.8236 -189.407 65.7948 478.723 467.298 -599.244
GPRESSURE: 73500 -85.7862 -43.4401 522.288 -36.7029 -271.794 -132.65 615.445 651.815 -612.834
PRESSAVG: 73500 -156.207 -98.5858 166.068 -82.8368 -159.793 -122.278 325.388 97.4727 204.565
GPRESSAVG: 73500 -155.124 -98.227 165.239 -83.1528 -160.988 -120.8 325.454 96.0626 205.312
ENERGY:   73500         0.0000         0.0000         0.0000         0.0000          -5539.1723       348.7370         0.0000         0.0000       996.2636          -4194.1717       316.5042     -5190.4353     -4191.9934       308.2188           -343.6965      -323.4716     22681.3476       -37.1451       -36.9332

PRESSURE: 74000 -322.997 135.143 -440.74 -52.5301 -488.16 394.866 -205.43 227.252 -378.317
GPRESSURE: 74000 -336.727 -5.24174 -309.217 304.288 -343.655 189.254 -479.662 288.304 -454.856
PRESSAVG: 74000 185.923 -34.4065 -47.5101 109.305 165.188 -82.4728 288.734 260.992 540.629
GPRESSAVG: 74000 185.28 -38.3093 -47.5931 109.586 164.887 -82.204 289.231 259.815 540.921
ENERGY:   74000         0.0000         0.0000         0.0000         0.0000          -5551.5346       365.6921         0.0000         0.0000       964.0958          -4221.7467       306.2848     -5185.8425     -4218.5408       306.6550           -396.4912      -378.4125     22681.3476       297.2469       297.0295

LDB: ============= START OF LOAD BALANCING ============== 223.179
LDB: ============== END OF LOAD BALANCING =============== 223.179
Info: useSync: 0 useProxySync: 0
LDB: =============== DONE WITH MIGRATION ================ 223.179
LDB: ============= START OF LOAD BALANCING ============== 223.32
LDB: Largest compute 16 load 0.007966 is 13.2% of average load 0.060228
LDB: Average compute 0.002395 is 4.0% of average load 0.060228
LDB: TIME 223.32 LOAD: AVG 0.0602278 MAX 0.134553  PROXIES: TOTAL 28 MAXPE 3 MAXPATCH 5 None MEM: 0.407069 MB
LDB: TIME 223.32 LOAD: AVG 0.0602278 MAX 0.134553  PROXIES: TOTAL 32 MAXPE 4 MAXPATCH 6 RefineTorusLB MEM: 0.407069 MB
LDB: TIME 223.321 LOAD: AVG 0.0602278 MAX 0.134553  PROXIES: TOTAL 32 MAXPE 4 MAXPATCH 6 RefineTorusLB MEM: 0.407069 MB
LDB: Reverting to original mapping
LDB: ============== END OF LOAD BALANCING =============== 223.321
Info: useSync: 0 useProxySync: 0
LDB: =============== DONE WITH MIGRATION ================ 223.321
PRESSURE: 74500 -613.831 -326.99 -74.12 -242.914 -941.838 32.7103 168.982 522.483 69.9826
GPRESSURE: 74500 -586.076 -110.602 -405.837 -235.376 -864.316 -166.495 449.67 652.518 47.4987
PRESSAVG: 74500 -221.85 13.8819 -52.5486 -126.849 -326.643 3.34726 187.308 239.127 234.572
GPRESSAVG: 74500 -224.099 15.2899 -50.7483 -126.446 -326.801 4.78114 186.004 238.648 235.838
ENERGY:   74500         0.0000         0.0000         0.0000         0.0000          -5502.8896       352.7140         0.0000         0.0000       973.5609          -4176.6148       309.2917     -5150.1757     -4174.6952       306.2709           -495.2287      -467.6311     22681.3476      -104.6403      -105.0207

WRITING COORDINATES TO DCD FILE MD.dcd AT STEP 75000
WRITING COORDINATES TO RESTART FILE AT STEP 75000
FINISHED WRITING RESTART COORDINATES
PRESSURE: 75000 13.8868 -354.074 111.341 -351.862 -569.032 -532.258 792.25 -120.034 1319.49
GPRESSURE: 75000 -63.7056 -431.306 -81.992 -371.498 -332.996 -448.035 766.364 80.6767 1231.2
PRESSAVG: 75000 -211.027 -46.4883 69.8804 60.7277 -343.887 -40.0203 71.7927 145.701 655.587
GPRESSAVG: 75000 -209.8 -43.771 64.2526 57.4931 -344.355 -43.3835 73.8583 145.672 654.737
TIMING: 75000  CPU: 213.229, 0.00283304/step  Wall: 214.1, 0.00284109/step, 0.177568 hours remaining, 0.407069 MB of memory in use.
PERFORMANCE: 75000  averaging 60.5348 ns/day, 0.00285455 sec/step with standard deviation 5.41456e-05
ETITLE:      TS           BOND          ANGLE          DIHED          IMPRP               ELECT            VDW       BOUNDARY           MISC        KINETIC               TOTAL           TEMP      POTENTIAL         TOTAL3        TEMPAVG            PRESSURE      GPRESSURE         VOLUME       PRESSAVG      GPRESSAVG

ENERGY:   75000         0.0000         0.0000         0.0000         0.0000          -5521.4943       378.8147         0.0000         0.0000       970.9165          -4171.7631       308.4516     -5142.6796     -4169.5097       309.6736            254.7814       278.1667     22681.3476        33.5576        33.5276

WRITING EXTENDED SYSTEM TO RESTART FILE AT STEP 75000
WRITING VELOCITIES TO RESTART FILE AT STEP 75000
FINISHED WRITING RESTART VELOCITIES
PRESSURE: 75500 392.335 -672.655 -598.357 -662.222 963.54 611.064 -111.804 534.327 692.336
GPRESSURE: 75500 370.371 -624.144 -180.719 -742.58 1086.17 403.217 -312.506 728.338 595.824
PRESSAVG: 75500 -43.8297 -137.887 -48.2351 -84.1054 321.917 -44.1353 11.7089 67.5973 1048.1
GPRESSAVG: 75500 -44.6307 -137.258 -48.708 -82.447 322.857 -45.4426 12.6049 67.3819 1047.41
ENERGY:   75500         0.0000         0.0000         0.0000         0.0000          -5623.5658       451.3336         0.0000         0.0000       958.7580          -4213.4742       304.5890     -5172.2322     -4211.7904       307.5134            682.7370       684.1206     22681.3476       442.0635       441.8781

PRESSURE: 76000 -943.851 155.094 -451.999 161.184 -1053.26 647.297 758.862 759.286 266.06
GPRESSURE: 76000 -792.553 202.853 -680.721 425.271 -1103.55 622.528 852.837 684.3 279.714
PRESSAVG: 76000 -247.706 57.9218 68.2262 5.77917 -107.9 118.759 280.757 182.821 262.041
GPRESSAVG: 76000 -247.065 57.0071 69.4635 6.5551 -106.997 120.882 279.299 182.714 261.181
ENERGY:   76000         0.0000         0.0000         0.0000         0.0000          -5491.7041       347.2230         0.0000         0.0000       919.4733          -4225.0077       292.1086     -5144.4810     -4222.4268       305.8424           -577.0163      -538.7970     22681.3476       -31.1887       -30.9604

LDB: ============= START OF LOAD BALANCING ============== 228.889
LDB: ============== END OF LOAD BALANCING =============== 228.889
Info: useSync: 0 useProxySync: 0
LDB: =============== DONE WITH MIGRATION ================ 228.889
LDB: ============= START OF LOAD BALANCING ============== 229.03
LDB: Largest compute 222 load 0.008171 is 13.6% of average load 0.060112
LDB: Average compute 0.002388 is 4.0% of average load 0.060112
LDB: TIME 229.03 LOAD: AVG 0.0601118 MAX 0.134925  PROXIES: TOTAL 28 MAXPE 3 MAXPATCH 5 None MEM: 0.407069 MB
LDB: TIME 229.03 LOAD: AVG 0.0601118 MAX 0.134925  PROXIES: TOTAL 32 MAXPE 4 MAXPATCH 6 RefineTorusLB MEM: 0.407069 MB
LDB: TIME 229.031 LOAD: AVG 0.0601118 MAX 0.134925  PROXIES: TOTAL 32 MAXPE 4 MAXPATCH 6 RefineTorusLB MEM: 0.407069 MB
LDB: Reverting to original mapping
LDB: ============== END OF LOAD BALANCING =============== 229.031
Info: useSync: 0 useProxySync: 0
LDB: =============== DONE WITH MIGRATION ================ 229.031
PRESSURE: 76500 -363.149 11.593 416.929 -126.268 -1278.34 -606.516 909.093 11.675 1534.19
GPRESSURE: 76500 -295.964 -196.033 478.691 76.6707 -1136.66 -517.217 877.813 151.173 1335.63
PRESSAVG: 76500 -374.641 -125.583 151.901 -27.2458 -471.805 -11.4752 337.808 221.912 524.393
GPRESSAVG: 76500 -373.747 -123.833 153.384 -31.1485 -473.121 -11.6783 337.634 221.701 525.826
ENERGY:   76500         0.0000         0.0000         0.0000         0.0000          -5629.8097       397.7690         0.0000         0.0000       974.6743          -4257.3664       309.6455     -5232.0407     -4254.3464       304.7772            -35.7655       -32.3331     22681.3476      -107.3510      -107.0139

PRESSURE: 77000 514.655 -598.352 -172.805 -230.884 -24.7515 -150.583 -287.708 -528.324 -139.111
GPRESSURE: 77000 440.583 -481.064 -137.099 -7.19684 -14.6207 -500.425 -99.9236 -211.828 -38.186
PRESSAVG: 77000 -275.052 -27.5656 87.6216 -10.2862 -412.787 -123.257 122.416 -16.4826 433.97
GPRESSAVG: 77000 -274.928 -28.0088 88.9049 -7.44252 -414.687 -123.034 121.382 -14.6799 435.531
ENERGY:   77000         0.0000         0.0000         0.0000         0.0000          -5573.3274       391.0845         0.0000         0.0000       933.0937          -4249.1491       296.4357     -5182.2428     -4246.2199       303.8340            116.9311       129.2587     22681.3476       -84.6229       -84.6946

PRESSURE: 77500 -538.872 773.451 -466.331 71.0743 58.4158 49.9554 56.764 300.191 -136.542
GPRESSURE: 77500 -599.927 751.877 -475.479 -138.615 69.1174 337.999 91.1759 421.549 -3.58346
PRESSAVG: 77500 88.4387 86.9221 23.429 53.3801 -29.2681 220.991 225.757 77.0466 877.674
GPRESSAVG: 77500 87.4115 86.3705 22.3627 54.7885 -26.7024 219.366 227.786 80.177 875.826
ENERGY:   77500         0.0000         0.0000         0.0000         0.0000          -5575.1602       372.7863         0.0000         0.0000       954.3363          -4248.0376       303.1843     -5202.3739     -4245.0804       305.3524           -205.6660      -178.1310     22681.3476       312.2815       312.1783

PRESSURE: 78000 -129.6 -2.1637 -838.524 281.421 -1103.14 6.10929 -538.738 73.4054 83.6757
GPRESSURE: 78000 -278.704 143.997 -835.094 -16.739 -918.998 -303.355 -261.185 370.761 115.8
PRESSAVG: 78000 -257.407 31.963 -170.787 143.341 -139.158 65.7942 175.548 -16.851 536.698
GPRESSAVG: 78000 -257.168 31.5854 -169.992 140.923 -138.976 68.3264 175.045 -19.5061 535.294
ENERGY:   78000         0.0000         0.0000         0.0000         0.0000          -5535.8068       356.2490         0.0000         0.0000       912.0394          -4267.5183       289.7469     -5179.5578     -4266.3605       302.4967           -383.0207      -360.6341     22681.3476        46.7110        46.3831

LDB: ============= START OF LOAD BALANCING ============== 234.65
LDB: ============== END OF LOAD BALANCING =============== 234.65
Info: useSync: 0 useProxySync: 0
LDB: =============== DONE WITH MIGRATION ================ 234.65
LDB: ============= START OF LOAD BALANCING ============== 234.795
LDB: Largest compute 17 load 0.007756 is 12.8% of average load 0.060525
LDB: Average compute 0.002390 is 3.9% of average load 0.060525
LDB: TIME 234.796 LOAD: AVG 0.0605247 MAX 0.139229  PROXIES: TOTAL 28 MAXPE 3 MAXPATCH 5 None MEM: 0.407069 MB
LDB: TIME 234.796 LOAD: AVG 0.0605247 MAX 0.139229  PROXIES: TOTAL 32 MAXPE 4 MAXPATCH 6 RefineTorusLB MEM: 0.407069 MB
LDB: TIME 234.796 LOAD: AVG 0.0605247 MAX 0.139229  PROXIES: TOTAL 32 MAXPE 4 MAXPATCH 6 RefineTorusLB MEM: 0.407069 MB
LDB: ============== END OF LOAD BALANCING =============== 234.796
Info: useSync: 0 useProxySync: 0
LDB: =============== DONE WITH MIGRATION ================ 234.796
PRESSURE: 78500 -879.074 482.704 175.861 595.184 -909.742 385.114 268.975 453.366 -234.922
GPRESSURE: 78500 -775.319 464.078 272.077 655.122 -1033.19 888.15 408.461 115.183 -156.788
PRESSAVG: 78500 -700.463 31.2417 -154.432 57.3963 -568.101 -40.1211 179.621 -86.3329 -121.355
GPRESSAVG: 78500 -701.706 32.5809 -155.009 58.8454 -567.704 -41.8273 177.293 -84.5481 -122.238
ENERGY:   78500         0.0000         0.0000         0.0000         0.0000          -5539.7280       353.9655         0.0000         0.0000       905.2009          -4280.5616       287.5744     -5185.7625     -4278.0238       299.3359           -674.5794      -655.0998     22681.3476      -463.3065      -463.8825

PRESSURE: 79000 327.28 373.424 91.3989 401.918 105.512 122.15 91.6336 12.3619 853.311
GPRESSURE: 79000 208.406 161.021 -226.783 697.757 121.465 385.109 312.685 -87.5737 1072.55
PRESSAVG: 79000 -194.107 -147.914 124.359 -138.588 -0.589352 -62.9145 185.712 -74.8775 689.478
GPRESSAVG: 79000 -194.425 -150.788 127.086 -138.178 -1.63309 -63.4782 186.79 -76.9345 690.143
ENERGY:   79000         0.0000         0.0000         0.0000         0.0000          -5626.9794       420.9776         0.0000         0.0000       932.5018          -4273.5000       296.2476     -5206.0018     -4272.1405       297.1617            428.7010       467.4722     22681.3476       164.9273       164.6948

PRESSURE: 79500 -615.283 285.903 343.748 -174.598 -424.436 420.055 472.524 -103.505 1432.49
GPRESSURE: 79500 -683.033 165.258 265.398 -325.301 -273.397 263.902 262.293 52.5777 1446.33
PRESSAVG: 79500 -436.029 -110.452 42.0676 -23.3932 -222.191 113.514 133.285 217.656 418.433
GPRESSAVG: 79500 -436.475 -108.726 36.9857 -23.2516 -223.308 116.775 136.364 217.443 419.014
ENERGY:   79500         0.0000         0.0000         0.0000         0.0000          -5685.3561       440.8864         0.0000         0.0000       966.6892          -4277.7805       307.1087     -5244.4697     -4275.2546       297.6949            130.9248       163.2991     22681.3476       -79.9288       -80.2565

WRITING COORDINATES TO DCD FILE MD.dcd AT STEP 80000
WRITING COORDINATES TO RESTART FILE AT STEP 80000
FINISHED WRITING RESTART COORDINATES
WRITING VELOCITIES TO RESTART FILE AT STEP 80000
FINISHED WRITING RESTART VELOCITIES
PRESSURE: 80000 287.318 -643.741 32.398 88.2424 361.291 -140.367 455.354 86.6959 219.486
GPRESSURE: 80000 289.089 -715.812 88.5904 52.4595 425.989 -19.2288 393.551 -33.8914 189.575
PRESSAVG: 80000 -203.065 111.191 -147.663 256.507 18.2556 19.8074 257.96 290.584 643.236
GPRESSAVG: 80000 -202.672 112.887 -142.478 255.51 20.1643 20.0539 252.552 289.78 642.215
TIMING: 80000  CPU: 227.66, 0.0028861/step  Wall: 228.579, 0.00289583/step, 0.176967 hours remaining, 0.407069 MB of memory in use.
PERFORMANCE: 80000  averaging 60.4802 ns/day, 0.00285713 sec/step with standard deviation 5.33177e-05
ETITLE:      TS           BOND          ANGLE          DIHED          IMPRP               ELECT            VDW       BOUNDARY           MISC        KINETIC               TOTAL           TEMP      POTENTIAL         TOTAL3        TEMPAVG            PRESSURE      GPRESSURE         VOLUME       PRESSAVG      GPRESSAVG

ENERGY:   80000         0.0000         0.0000         0.0000         0.0000          -5678.1958       456.5058         0.0000         0.0000       957.0520          -4264.6380       304.0470     -5221.6900     -4262.4197       300.1001            289.3651       301.5508     22681.3476       152.8087       153.2357

WRITING EXTENDED SYSTEM TO RESTART FILE AT STEP 80000
LDB: ============= START OF LOAD BALANCING ============== 240.525
LDB: ============== END OF LOAD BALANCING =============== 240.525
Info: useSync: 0 useProxySync: 0
LDB: =============== DONE WITH MIGRATION ================ 240.525
LDB: ============= START OF LOAD BALANCING ============== 240.672
LDB: Largest compute 220 load 0.007865 is 13.0% of average load 0.060499
LDB: Average compute 0.002388 is 3.9% of average load 0.060499
LDB: TIME 240.672 LOAD: AVG 0.0604985 MAX 0.139694  PROXIES: TOTAL 28 MAXPE 3 MAXPATCH 5 None MEM: 0.407069 MB
LDB: TIME 240.672 LOAD: AVG 0.0604985 MAX 0.139694  PROXIES: TOTAL 32 MAXPE 4 MAXPATCH 6 RefineTorusLB MEM: 0.407069 MB
LDB: TIME 240.672 LOAD: AVG 0.0604985 MAX 0.139694  PROXIES: TOTAL 32 MAXPE 4 MAXPATCH 6 RefineTorusLB MEM: 0.407069 MB
LDB: ============== END OF LOAD BALANCING =============== 240.672
Info: useSync: 0 useProxySync: 0
LDB: =============== DONE WITH MIGRATION ================ 240.672
PRESSURE: 80500 422.79 -329.951 -72.0091 -361.195 -319.543 105.151 56.7063 395.224 -538.315
GPRESSURE: 80500 408.457 -622.249 -149.066 -482.128 -212.67 124.827 309.377 296.916 -567.058
PRESSAVG: 80500 -45.7876 -124.123 -73.3758 -59.1051 168.353 172.514 -22.1015 261.936 793.828
GPRESSAVG: 80500 -45.0621 -124.511 -74.8314 -59.5422 167.18 171.933 -20.5684 263.393 793.608
ENERGY:   80500         0.0000         0.0000         0.0000         0.0000          -5593.6341       381.0114         0.0000         0.0000       911.1620          -4301.4608       289.4682     -5212.6228     -4297.5611       295.6773           -145.0230      -123.7574     22681.3476       305.4644       305.2419

PRESSURE: 81000 873.854 342.053 396.589 340.086 950.302 -432.173 393.017 -153.259 1122.08
GPRESSURE: 81000 1077.65 184.17 229.635 202.916 794.191 -535.002 496.687 -109.71 1083
PRESSAVG: 81000 -271.609 -118.111 -61.0643 -11.1266 183.852 24.391 -81.0165 36.5479 977.11
GPRESSAVG: 81000 -274.684 -122.103 -61.1765 -7.0187 182.768 25.5164 -77.8878 36.6666 979.686
ENERGY:   81000         0.0000         0.0000         0.0000         0.0000          -5727.3590       480.3682         0.0000         0.0000       964.8828          -4282.1081       306.5348     -5246.9909     -4280.7402       296.4751            982.0774       984.9461     22681.3476       296.4512       295.9234

PRESSURE: 81500 -969.765 -288.47 64.3376 -398.861 517.099 -131.95 144.79 -325.737 237.443
GPRESSURE: 81500 -860.675 -360.097 -199.098 -199.387 419.578 -44.7478 334.759 -264.061 262.528
PRESSAVG: 81500 -125.62 11.802 -141.093 -18.1954 31.6151 107.731 189.234 328.114 498.026
GPRESSAVG: 81500 -122.873 17.9703 -140.562 -23.0373 32.5033 105.671 187.074 327.853 495.27
ENERGY:   81500         0.0000         0.0000         0.0000         0.0000          -5642.3811       403.4683         0.0000         0.0000       937.7061          -4301.2068       297.9010     -5238.9129     -4297.9526       297.4670            -71.7411       -59.5228     22681.3476       134.6735       134.9667

PRESSURE: 82000 -46.7027 458.99 127.184 469.106 -301.477 -465.998 312.357 -770.177 362.359
GPRESSURE: 82000 6.78589 562.838 411.335 451.592 -314.466 -464.289 319.603 -716.749 341.06
PRESSAVG: 82000 -386.613 -21.2061 -226.412 90.4553 -150.111 38.8129 -75.0692 152.71 320.895
GPRESSAVG: 82000 -389.416 -21.4675 -228.028 92.0451 -149.08 38.9898 -75.1195 154.066 322.7
ENERGY:   82000         0.0000         0.0000         0.0000         0.0000          -5622.9048       414.8316         0.0000         0.0000       908.4014          -4299.6719       288.5911     -5208.0733     -4297.5809       294.8927              4.7265        11.1265     22681.3476       -71.9429       -71.9320

LDB: ============= START OF LOAD BALANCING ============== 246.41
LDB: ============== END OF LOAD BALANCING =============== 246.41
Info: useSync: 0 useProxySync: 0
LDB: =============== DONE WITH MIGRATION ================ 246.41
LDB: ============= START OF LOAD BALANCING ============== 246.556
LDB: Largest compute 224 load 0.007835 is 12.9% of average load 0.060628
LDB: Average compute 0.002399 is 4.0% of average load 0.060628
LDB: TIME 246.556 LOAD: AVG 0.0606278 MAX 0.139161  PROXIES: TOTAL 28 MAXPE 3 MAXPATCH 5 None MEM: 0.407069 MB
LDB: TIME 246.556 LOAD: AVG 0.0606278 MAX 0.139161  PROXIES: TOTAL 32 MAXPE 4 MAXPATCH 6 RefineTorusLB MEM: 0.407069 MB
LDB: TIME 246.556 LOAD: AVG 0.0606278 MAX 0.139161  PROXIES: TOTAL 32 MAXPE 4 MAXPATCH 6 RefineTorusLB MEM: 0.407069 MB
LDB: ============== END OF LOAD BALANCING =============== 246.556
Info: useSync: 0 useProxySync: 0
LDB: =============== DONE WITH MIGRATION ================ 246.556
PRESSURE: 82500 -243.71 -584.04 583.783 -787.306 -498.055 202.421 -15.6763 2.9704 99.45
GPRESSURE: 82500 -194.732 -448.513 433.035 -791.607 -397.31 322.82 32.1489 -235.247 -1.9484
PRESSAVG: 82500 -361.973 127.377 -63.5675 70.6721 -315.982 -175.905 -189.766 50.6218 449.255
GPRESSAVG: 82500 -359.963 123.328 -64.728 71.5523 -317.459 -177.628 -190.424 49.7921 447.522
ENERGY:   82500         0.0000         0.0000         0.0000         0.0000          -5629.0196       395.2299         0.0000         0.0000       932.9804          -4300.8093       296.3997     -5233.7897     -4297.5309       294.7049           -214.1049      -197.9971     22681.3476       -76.2333       -76.6332

PRESSURE: 83000 520.808 735.208 -8.41243 946.296 1042.43 -442.349 87.7831 26.6971 506.731
GPRESSURE: 83000 416.374 898.709 176.413 901.007 1154.58 -239.17 -87.9199 -182.748 553.559
PRESSAVG: 83000 -573.542 204.688 20.7321 175.754 -238.107 12.7955 131.416 190.598 63.0821
GPRESSAVG: 83000 -575.933 206.145 21.4935 174.625 -237.97 13.8 133.56 189.08 65.7021
ENERGY:   83000         0.0000         0.0000         0.0000         0.0000          -5654.5447       460.9301         0.0000         0.0000       922.1470          -4271.4677       292.9580     -5193.6146     -4270.3093       296.2740            689.9887       708.1715     22681.3476      -249.5222      -249.4003

PRESSURE: 83500 -297.324 46.6565 -185.024 373.391 301.932 610.054 -47.7676 711.264 -282.897
GPRESSURE: 83500 -102.708 36.0008 -341.941 453.969 240.985 522.715 112.111 662.597 -362.047
PRESSAVG: 83500 -306.471 67.8384 -5.0652 118.25 -196.663 -33.9872 251.361 241.234 535.806
GPRESSAVG: 83500 -304.175 68.9702 -3.59129 120.303 -197.033 -35.9772 250.675 244.662 534.042
ENERGY:   83500         0.0000         0.0000         0.0000         0.0000          -5589.3826       387.9990         0.0000         0.0000       946.5005          -4254.8831       300.6949     -5201.3836     -4252.8650       303.5431            -92.7630       -74.5901     22681.3476        10.8907        10.9448

PRESSURE: 84000 -3.38667 546.786 -95.8729 141.792 73.1071 -363.504 93.6588 -193.108 -136.735
GPRESSURE: 84000 37.5937 440.971 38.7014 145.491 189.391 -344.839 370.544 -168.215 -180.491
PRESSAVG: 84000 -587.661 35.0227 -193.963 13.0342 -155.197 -49.1828 -50.2788 6.95145 -142.267
GPRESSAVG: 84000 -587.486 33.6155 -193.288 14.6228 -154.869 -47.728 -52.7634 4.65733 -140.38
ENERGY:   84000         0.0000         0.0000         0.0000         0.0000          -5555.1911       380.1509         0.0000         0.0000       915.7609          -4259.2793       290.9292     -5175.0402     -4257.2358       300.2501            -22.3383        15.4980     22681.3476      -295.0417      -294.2452

LDB: ============= START OF LOAD BALANCING ============== 252.249
LDB: ============== END OF LOAD BALANCING =============== 252.249
Info: useSync: 0 useProxySync: 0
LDB: =============== DONE WITH MIGRATION ================ 252.249
LDB: ============= START OF LOAD BALANCING ============== 252.395
LDB: Largest compute 13 load 0.007549 is 12.4% of average load 0.061028
LDB: Average compute 0.002416 is 4.0% of average load 0.061028
LDB: TIME 252.395 LOAD: AVG 0.0610281 MAX 0.139611  PROXIES: TOTAL 28 MAXPE 3 MAXPATCH 5 None MEM: 0.407069 MB
LDB: TIME 252.395 LOAD: AVG 0.0610281 MAX 0.139611  PROXIES: TOTAL 32 MAXPE 4 MAXPATCH 6 RefineTorusLB MEM: 0.407069 MB
LDB: TIME 252.395 LOAD: AVG 0.0610281 MAX 0.139611  PROXIES: TOTAL 32 MAXPE 4 MAXPATCH 6 RefineTorusLB MEM: 0.407069 MB
LDB: Reverting to original mapping
LDB: ============== END OF LOAD BALANCING =============== 252.395
Info: useSync: 0 useProxySync: 0
LDB: =============== DONE WITH MIGRATION ================ 252.395
PRESSURE: 84500 -14.4231 -119.055 291.269 405.933 -169.337 -590.77 399.089 -551.252 -502.066
GPRESSURE: 84500 -51.1369 -528.322 -72.3036 517.76 -169.69 -449.355 425.002 -779.348 -409.028
PRESSAVG: 84500 -398.545 64.6658 157.66 87.3163 -340.171 -111.025 247.306 113.554 471.857
GPRESSAVG: 84500 -399.965 66.3847 156.942 85.8283 -339.06 -109.454 249.501 114.917 472.347
ENERGY:   84500         0.0000         0.0000         0.0000         0.0000          -5631.9980       394.2923         0.0000         0.0000       971.9717          -4265.7341       308.7869     -5237.7057     -4263.9144       302.6551           -228.6088      -209.9516     22681.3476       -88.9530       -88.8927

PRESSURE: 85000 -1287.14 29.4077 -797.013 -75.2074 -573.787 48.9467 -376.292 255.916 236.566
GPRESSURE: 85000 -1243.43 -30.1795 -602.024 -50.6512 -456.033 -131.036 -312.286 327.354 158.783
PRESSAVG: 85000 -496.485 186.56 -22.1949 244.913 -694.645 -74.0663 47.0565 48.9694 319.164
GPRESSAVG: 85000 -494.672 185.846 -23.4035 245.554 -694.671 -75.8289 46.9512 48.871 319.14
TIMING: 85000  CPU: 242.282, 0.00292436/step  Wall: 243.231, 0.0029304/step, 0.17501 hours remaining, 0.407069 MB of memory in use.
PERFORMANCE: 85000  averaging 60.3891 ns/day, 0.00286144 sec/step with standard deviation 5.45975e-05
ETITLE:      TS           BOND          ANGLE          DIHED          IMPRP               ELECT            VDW       BOUNDARY           MISC        KINETIC               TOTAL           TEMP      POTENTIAL         TOTAL3        TEMPAVG            PRESSURE      GPRESSURE         VOLUME       PRESSAVG      GPRESSAVG

ENERGY:   85000         0.0000         0.0000         0.0000         0.0000          -5607.5947       373.4293         0.0000         0.0000       939.8581          -4294.3073       298.5847     -5234.1655     -4292.1300       295.4893           -541.4526      -513.5594     22681.3476      -290.6553      -290.0676

WRITING EXTENDED SYSTEM TO RESTART FILE AT STEP 85000
WRITING COORDINATES TO DCD FILE MD.dcd AT STEP 85000
WRITING COORDINATES TO RESTART FILE AT STEP 85000
FINISHED WRITING RESTART COORDINATES
WRITING VELOCITIES TO RESTART FILE AT STEP 85000
FINISHED WRITING RESTART VELOCITIES
PRESSURE: 85500 -1147.56 -256.504 -234.757 -53.7731 -676.381 375.698 -15.0686 139.791 874.042
GPRESSURE: 85500 -1299.73 -339.635 -234.607 -50.9515 -615.884 345.902 134.463 -58.5459 1008.94
PRESSAVG: 85500 -605.052 113.223 51.0857 -6.25463 -524.837 279.164 200.405 394.915 423.003
GPRESSAVG: 85500 -605.737 116.784 51.6274 -6.32041 -524.965 280.147 199.682 391.057 422.724
ENERGY:   85500         0.0000         0.0000         0.0000         0.0000          -5560.8130       356.0397         0.0000         0.0000       894.2121          -4310.5612       284.0833     -5204.7733     -4308.4316       290.8053           -316.6320      -302.2262     22681.3476      -235.6286      -235.9929

PRESSURE: 86000 103.126 -474.272 24.3032 -313.872 144.604 153.81 33.6978 108.176 180.682
GPRESSURE: 86000 86.1776 -370.862 -296.956 -470.209 73.1294 -34.2007 275.029 -40.2404 360.003
PRESSAVG: 86000 -102.38 -16.8265 -94.6308 -4.92347 -519.531 52.4003 110.764 212.023 356.013
GPRESSAVG: 86000 -101.838 -21.8999 -95.8144 -6.00159 -520.391 51.1952 108.416 211.893 356.859
ENERGY:   86000         0.0000         0.0000         0.0000         0.0000          -5642.0632       426.2603         0.0000         0.0000       886.1514          -4329.6515       281.5225     -5215.8029     -4327.3621       292.4141            142.8039       173.1034     22681.3476       -88.6330       -88.4565

LDB: ============= START OF LOAD BALANCING ============== 258.141
LDB: ============== END OF LOAD BALANCING =============== 258.141
Info: useSync: 0 useProxySync: 0
LDB: =============== DONE WITH MIGRATION ================ 258.141
LDB: ============= START OF LOAD BALANCING ============== 258.287
LDB: Largest compute 16 load 0.008186 is 13.4% of average load 0.061114
LDB: Average compute 0.002424 is 4.0% of average load 0.061114
LDB: TIME 258.287 LOAD: AVG 0.0611137 MAX 0.139221  PROXIES: TOTAL 28 MAXPE 3 MAXPATCH 5 None MEM: 0.407069 MB
LDB: TIME 258.287 LOAD: AVG 0.0611137 MAX 0.139221  PROXIES: TOTAL 32 MAXPE 4 MAXPATCH 6 RefineTorusLB MEM: 0.407069 MB
LDB: TIME 258.287 LOAD: AVG 0.0611137 MAX 0.139221  PROXIES: TOTAL 32 MAXPE 4 MAXPATCH 6 RefineTorusLB MEM: 0.407069 MB
LDB: ============== END OF LOAD BALANCING =============== 258.287
Info: useSync: 0 useProxySync: 0
LDB: =============== DONE WITH MIGRATION ================ 258.288
PRESSURE: 86500 -435.503 212.528 -88.0447 206.437 388.709 797.385 930.764 1443.22 -75.0248
GPRESSURE: 86500 -437.447 496.952 99.4636 195.482 428.908 660.082 788.254 1497.2 -80.8267
PRESSAVG: 86500 -377.76 80.8721 84.4881 -59.4482 -493.482 200.624 252.562 396.6 94.2804
GPRESSAVG: 86500 -378.194 82.2404 82.1563 -60.0647 -493.362 199.572 255.565 396.963 93.6736
ENERGY:   86500         0.0000         0.0000         0.0000         0.0000          -5613.3295       407.7395         0.0000         0.0000       913.1566          -4292.4334       290.1018     -5205.5900     -4290.3823       292.5100            -40.6060       -29.7886     22681.3476      -258.9871      -259.2943

PRESSURE: 87000 -972.419 370.78 -32.2969 145.73 -753.029 438.423 -623.168 -70.7734 -795.697
GPRESSURE: 87000 -1044.98 340.24 -23.9945 242.943 -463.893 565.307 -544.161 -26.6468 -963.531
PRESSAVG: 87000 -84.1221 61.8447 41.2365 -71.3777 -374.208 197.376 263.418 232.905 738.291
GPRESSAVG: 87000 -83.722 62.6803 45.0204 -74.3048 -373.541 200.099 258.02 231.629 737.816
ENERGY:   87000         0.0000         0.0000         0.0000         0.0000          -5557.4544       328.2122         0.0000         0.0000       926.5060          -4302.7362       294.3428     -5229.2423     -4301.2654       297.3511           -840.3816      -824.1341     22681.3476        93.3203        93.5177

PRESSURE: 87500 -722.519 1.13328 475.333 377.851 750.556 811.863 964.745 1233.05 1366.31
GPRESSURE: 87500 -682.01 90.8756 485.319 514.208 701.854 822.656 636.464 1345.58 1485.66
PRESSAVG: 87500 -416.083 214.516 182.005 163.259 -303.37 68.2783 174.89 128.923 594.138
GPRESSAVG: 87500 -417.022 214.966 183.472 168.806 -303.296 68.0709 175.974 131.675 595.757
ENERGY:   87500         0.0000         0.0000         0.0000         0.0000          -5690.6822       448.2279         0.0000         0.0000       936.8018          -4305.6525       297.6137     -5242.4543     -4302.3545       296.0270            464.7815       501.8336     22681.3476       -41.7716       -41.5202

PRESSURE: 88000 108.034 -603.504 -83.4576 -627.403 -72.5741 262.779 311.67 883.106 214.426
GPRESSURE: 88000 150.489 -476.314 -21.117 -842.25 16.5105 -2.19919 537.272 1212.62 186.108
PRESSAVG: 88000 -442.542 -37.7303 -25.0049 -109.458 -199.064 43.1025 169.585 421.838 356.189
GPRESSAVG: 88000 -440.827 -35.9996 -26.0054 -115.639 -198.256 39.5614 174.258 422.947 354.433
ENERGY:   88000         0.0000         0.0000         0.0000         0.0000          -5588.7753       406.6998         0.0000         0.0000       951.1768          -4230.8988       302.1805     -5182.0755     -4228.5226       300.5838             83.2954       117.7025     22681.3476       -95.1391       -94.8834

LDB: ============= START OF LOAD BALANCING ============== 263.99
LDB: ============== END OF LOAD BALANCING =============== 263.99
Info: useSync: 0 useProxySync: 0
LDB: =============== DONE WITH MIGRATION ================ 263.99
LDB: ============= START OF LOAD BALANCING ============== 264.135
LDB: Largest compute 222 load 0.008349 is 13.7% of average load 0.061107
LDB: Average compute 0.002431 is 4.0% of average load 0.061107
LDB: TIME 264.135 LOAD: AVG 0.0611068 MAX 0.139115  PROXIES: TOTAL 28 MAXPE 3 MAXPATCH 5 None MEM: 0.407069 MB
LDB: TIME 264.135 LOAD: AVG 0.0611068 MAX 0.139115  PROXIES: TOTAL 32 MAXPE 4 MAXPATCH 6 RefineTorusLB MEM: 0.407069 MB
LDB: TIME 264.135 LOAD: AVG 0.0611068 MAX 0.139115  PROXIES: TOTAL 32 MAXPE 4 MAXPATCH 6 RefineTorusLB MEM: 0.407069 MB
LDB: Reverting to original mapping
LDB: ============== END OF LOAD BALANCING =============== 264.136
Info: useSync: 0 useProxySync: 0
LDB: =============== DONE WITH MIGRATION ================ 264.136
PRESSURE: 88500 -145.579 -37.2901 98.8173 507.949 -111.147 809.465 -30.4729 472.828 715.392
GPRESSURE: 88500 48.3457 60.387 80.4451 386.354 -258.354 695.713 -141.773 272.501 731.717
PRESSAVG: 88500 -360.977 -172.018 -81.0714 -75.9343 -360.649 167.682 -30.2347 275.51 621.319
GPRESSAVG: 88500 -361.128 -173.198 -82.6459 -73.195 -362.625 171.039 -34.2914 273.46 624.028
ENERGY:   88500         0.0000         0.0000         0.0000         0.0000          -5539.0223       360.8559         0.0000         0.0000       952.8916          -4225.2748       302.7253     -5178.1664     -4223.6825       306.5877            152.8890       173.9030     22681.3476       -33.4360       -33.2416

PRESSURE: 89000 -379.624 74.2075 136.014 150.576 -1496.99 -110.629 480.556 -272.341 -55.939
GPRESSURE: 89000 -124.027 332.791 144.83 -286.852 -1575.9 -78.9914 270.977 -402.07 -158.928
PRESSAVG: 89000 163.652 -13.2419 14.5974 37.4537 -478.542 59.4778 69.5794 -0.63984 686.6
GPRESSAVG: 89000 163.911 -15.0143 13.6013 35.373 -476.581 59.721 69.6713 0.502634 684.437
ENERGY:   89000         0.0000         0.0000         0.0000         0.0000          -5509.9021       323.9907         0.0000         0.0000       923.0480          -4262.8634       293.2442     -5185.9114     -4259.7325       301.6887           -644.1841      -619.6168     22681.3476       123.9034       123.9225

PRESSURE: 89500 -161.621 384.156 229.315 9.2801 -204.897 327.923 -67.5543 58.8339 -238.966
GPRESSURE: 89500 -26.3228 340.12 311.704 202.268 -392.213 385.897 -402.814 250.695 -72.8939
PRESSAVG: 89500 -294.996 122.473 -213.529 28.9797 -341.737 -104.893 29.1731 68.9621 374.159
GPRESSAVG: 89500 -292.813 121.392 -213.633 31.4747 -344.168 -105.636 30.0615 66.1965 374.317
ENERGY:   89500         0.0000         0.0000         0.0000         0.0000          -5596.1391       356.2392         0.0000         0.0000       974.2934          -4265.6066       309.5245     -5239.9000     -4263.1599       303.8030           -201.8280      -163.8098     22681.3476       -87.5247       -87.5549

WRITING COORDINATES TO DCD FILE MD.dcd AT STEP 90000
WRITING COORDINATES TO RESTART FILE AT STEP 90000
FINISHED WRITING RESTART COORDINATES
WRITING VELOCITIES TO RESTART FILE AT STEP 90000
FINISHED WRITING RESTART VELOCITIES
PRESSURE: 90000 -96.7666 -592.63 -246.667 -475.776 89.2706 217.939 243.606 258.156 1271.73
GPRESSURE: 90000 -254.179 -711.178 -230.352 -413.406 192.555 194.647 505.917 344.059 1390.06
PRESSAVG: 90000 -364.77 -197.652 85.359 -123.085 -107.724 19.602 217.466 -170.644 682.968
GPRESSAVG: 90000 -369.917 -194.516 85.9354 -127.913 -105.133 17.7246 215.266 -170.632 685.058
TIMING: 90000  CPU: 256.918, 0.00292726/step  Wall: 257.949, 0.00294347/step, 0.171703 hours remaining, 0.407069 MB of memory in use.
PERFORMANCE: 90000  averaging 60.2931 ns/day, 0.002866 sec/step with standard deviation 5.6386e-05
ETITLE:      TS           BOND          ANGLE          DIHED          IMPRP               ELECT            VDW       BOUNDARY           MISC        KINETIC               TOTAL           TEMP      POTENTIAL         TOTAL3        TEMPAVG            PRESSURE      GPRESSURE         VOLUME       PRESSAVG      GPRESSAVG

ENERGY:   90000         0.0000         0.0000         0.0000         0.0000          -5662.9317       444.3689         0.0000         0.0000       932.5506          -4286.0121       296.2631     -5218.5627     -4283.0165       302.3548            421.4124       442.8110     22681.3476        70.1578        70.0028

WRITING EXTENDED SYSTEM TO RESTART FILE AT STEP 90000
LDB: ============= START OF LOAD BALANCING ============== 269.88
LDB: ============== END OF LOAD BALANCING =============== 269.88
Info: useSync: 0 useProxySync: 0
LDB: =============== DONE WITH MIGRATION ================ 269.88
LDB: ============= START OF LOAD BALANCING ============== 270.026
LDB: Largest compute 224 load 0.007885 is 12.9% of average load 0.060902
LDB: Average compute 0.002420 is 4.0% of average load 0.060902
LDB: TIME 270.026 LOAD: AVG 0.0609019 MAX 0.139086  PROXIES: TOTAL 28 MAXPE 3 MAXPATCH 5 None MEM: 0.407069 MB
LDB: TIME 270.026 LOAD: AVG 0.0609019 MAX 0.139086  PROXIES: TOTAL 32 MAXPE 4 MAXPATCH 6 RefineTorusLB MEM: 0.407069 MB
LDB: TIME 270.026 LOAD: AVG 0.0609019 MAX 0.139086  PROXIES: TOTAL 32 MAXPE 4 MAXPATCH 6 RefineTorusLB MEM: 0.407069 MB
LDB: Reverting to original mapping
LDB: ============== END OF LOAD BALANCING =============== 270.026
Info: useSync: 0 useProxySync: 0
LDB: =============== DONE WITH MIGRATION ================ 270.026
PRESSURE: 90500 -114.694 -389.265 -18.9419 -140.63 -869.577 -197.153 568.745 214.713 -36.1042
GPRESSURE: 90500 -187.704 -567.565 -199.876 -272.209 -784.561 -451.468 481.09 659.758 7.02183
PRESSAVG: 90500 -297.107 5.34793 44.9057 37.1051 -380.616 -121.154 226.608 60.7731 136.879
GPRESSAVG: 90500 -296.215 2.82724 43.947 39.0003 -382.945 -119.994 226.916 61.8292 139.761
ENERGY:   90500         0.0000         0.0000         0.0000         0.0000          -5611.1558       383.7272         0.0000         0.0000       955.0812          -4272.3474       303.4209     -5227.4285     -4269.8761       299.7986           -340.1252      -321.7478     22681.3476      -180.2813      -179.7995

PRESSURE: 91000 308.449 326.441 -13.9067 472.229 867.212 -314.92 826.621 200.892 1133.86
GPRESSURE: 91000 307.294 165.239 -22.281 552.579 816.294 -242.947 908.831 -171.044 1214.21
PRESSAVG: 91000 -166.144 -114.883 97.1635 15.0367 -185.349 -110.317 437.251 300.684 1034.37
GPRESSAVG: 91000 -163.901 -116.081 99.1456 16.9229 -183.143 -108.769 438.118 299.675 1029.86
ENERGY:   91000         0.0000         0.0000         0.0000         0.0000          -5684.6650       472.9769         0.0000         0.0000       962.8796          -4248.8085       305.8984     -5211.6881     -4246.3279       303.2787            769.8410       779.2660     22681.3476       227.6257       227.6042

PRESSURE: 91500 0.91658 525.321 29.6002 -15.5039 -982.741 -144.773 -326.665 -786.205 223.812
GPRESSURE: 91500 -198.021 699.208 -103.189 -373.755 -870.508 -278.934 184.267 -688.715 348.4
PRESSAVG: 91500 -313.015 9.27975 113.89 -40.7119 -160.15 -152.704 333.617 71.6249 946.788
GPRESSAVG: 91500 -311.746 9.85105 113.699 -42.9198 -161.023 -154.435 330.553 73.6626 946.932
ENERGY:   91500         0.0000         0.0000         0.0000         0.0000          -5559.7508       344.4559         0.0000         0.0000       937.9544          -4277.3405       297.9799     -5215.2949     -4275.1411       303.1907           -252.6709      -240.0433     22681.3476       157.8740       158.0542

PRESSURE: 92000 648.336 -465.811 -508.169 -286.382 163.942 205.589 43.1316 187.71 730.615
GPRESSURE: 92000 634.264 -179.357 -342.8 -206.116 208.903 21.5845 -229.245 99.9747 756.932
PRESSAVG: 92000 -75.6923 -39.847 20.134 111.063 -160.034 68.509 378.555 106.706 405.927
GPRESSAVG: 92000 -77.7844 -38.8703 18.589 113.242 -159.353 71.3967 381.175 106.281 406.024
ENERGY:   92000         0.0000         0.0000         0.0000         0.0000          -5670.8537       438.6567         0.0000         0.0000       948.5515          -4283.6455       301.3465     -5232.1970     -4282.0820       296.3677            514.2979       533.3662     22681.3476        56.7336        56.2955

LDB: ============= START OF LOAD BALANCING ============== 275.721
LDB: ============== END OF LOAD BALANCING =============== 275.721
Info: useSync: 0 useProxySync: 0
LDB: =============== DONE WITH MIGRATION ================ 275.721
LDB: ============= START OF LOAD BALANCING ============== 275.867
LDB: Largest compute 16 load 0.007943 is 13.0% of average load 0.061208
LDB: Average compute 0.002434 is 4.0% of average load 0.061208
LDB: TIME 275.867 LOAD: AVG 0.0612076 MAX 0.139417  PROXIES: TOTAL 28 MAXPE 3 MAXPATCH 5 None MEM: 0.407069 MB
LDB: TIME 275.867 LOAD: AVG 0.0612076 MAX 0.139417  PROXIES: TOTAL 32 MAXPE 4 MAXPATCH 6 RefineTorusLB MEM: 0.407069 MB
LDB: TIME 275.867 LOAD: AVG 0.0612076 MAX 0.139417  PROXIES: TOTAL 32 MAXPE 4 MAXPATCH 6 RefineTorusLB MEM: 0.407069 MB
LDB: ============== END OF LOAD BALANCING =============== 275.867
Info: useSync: 0 useProxySync: 0
LDB: =============== DONE WITH MIGRATION ================ 275.868
PRESSURE: 92500 274.028 236.053 -318.499 301.027 -1507.95 -331.454 -256.725 -111.199 480.788
GPRESSURE: 92500 269.328 441.306 -238.459 3.59955 -1417.2 -276.574 -523.927 -98.8997 498.135
PRESSAVG: 92500 -487.704 69.274 90.457 90.9478 -488.556 -32.7363 128.675 -43.2567 485.154
GPRESSAVG: 92500 -487.066 68.1985 90.9632 89.7713 -489.387 -35.6222 126.882 -43.4678 486.467
ENERGY:   92500         0.0000         0.0000         0.0000         0.0000          -5596.6066       385.3785         0.0000         0.0000       938.0597          -4273.1683       298.0133     -5211.2281     -4272.0692       294.2851           -251.0465      -216.5786     22681.3476      -163.7017      -163.3289

PRESSURE: 93000 -140.294 -377.507 -211.024 -123.548 -579.244 -576.431 260.015 -51.387 335.36
GPRESSURE: 93000 -196.942 -208.751 -117.898 -199.293 -646.342 -814.029 420.586 19.2426 498.982
PRESSAVG: 93000 -513.359 -91.1674 20.2207 71.1282 -670.252 -215.765 263.13 -29.5104 328.596
GPRESSAVG: 93000 -512.848 -89.8266 19.4519 71.3121 -671.675 -214.381 264.67 -33.1314 328.561
ENERGY:   93000         0.0000         0.0000         0.0000         0.0000          -5604.4363       388.7545         0.0000         0.0000       925.7412          -4289.9405       294.0999     -5215.6818     -4287.2814       298.0384           -128.0595      -114.7675     22681.3476      -285.0052      -285.3208

PRESSURE: 93500 -267.443 58.6797 264.101 184.464 514.654 430.336 13.3893 220.74 1060.81
GPRESSURE: 93500 -299.7 -179.602 109.999 375.977 464.729 29.0156 -111.651 511.059 1180.67
PRESSAVG: 93500 -422.96 24.2017 98.1667 -102.457 -348.009 -162.578 398.082 -25.8043 637.913
GPRESSAVG: 93500 -424.376 24.3039 95.4265 -105.198 -347.812 -161.159 398.656 -24.2602 637.255
ENERGY:   93500         0.0000         0.0000         0.0000         0.0000          -5588.3995       417.8936         0.0000         0.0000       920.4342          -4250.0716       292.4139     -5170.5058     -4248.3275       296.5855            436.0079       448.5659     22681.3476       -44.3522       -44.9775

PRESSURE: 94000 117.185 -388.773 421.144 -673.061 -485.456 165.144 1111.16 154.6 548.943
GPRESSURE: 94000 145.144 -174.751 713.035 -712.611 -412.978 109.758 652.225 -43.6596 488.763
PRESSAVG: 94000 -491.656 -83.6972 -194.8 -121.112 -520.667 64.2565 -98.4674 247.035 692.906
GPRESSAVG: 94000 -494.717 -85.895 -190.303 -118.221 -520.281 63.5905 -99.6919 244.999 695.331
ENERGY:   94000         0.0000         0.0000         0.0000         0.0000          -5615.1902       402.4101         0.0000         0.0000       939.4430          -4273.3371       298.4528     -5212.7801     -4270.8513       301.2541             60.2240        73.6429     22681.3476      -106.4724      -106.5557

LDB: ============= START OF LOAD BALANCING ============== 291.616
LDB: ============== END OF LOAD BALANCING =============== 291.619
Info: useSync: 0 useProxySync: 0
LDB: =============== DONE WITH MIGRATION ================ 291.631
LDB: ============= START OF LOAD BALANCING ============== 292.005
LDB: Largest compute 231 load 0.008593 is 14.1% of average load 0.060865
LDB: Average compute 0.002343 is 3.8% of average load 0.060865
LDB: TIME 292.012 LOAD: AVG 0.0608646 MAX 0.134645  PROXIES: TOTAL 28 MAXPE 3 MAXPATCH 5 None MEM: 0.407069 MB
LDB: TIME 292.012 LOAD: AVG 0.0608646 MAX 0.134645  PROXIES: TOTAL 32 MAXPE 4 MAXPATCH 6 RefineTorusLB MEM: 0.407069 MB
LDB: TIME 292.012 LOAD: AVG 0.0608646 MAX 0.134645  PROXIES: TOTAL 32 MAXPE 4 MAXPATCH 6 RefineTorusLB MEM: 0.407069 MB
LDB: Reverting to original mapping
LDB: ============== END OF LOAD BALANCING =============== 292.018
Info: useSync: 0 useProxySync: 0
LDB: =============== DONE WITH MIGRATION ================ 292.065
PRESSURE: 94500 -611.178 -445.404 124.307 -32.3823 -559.366 117.063 464.73 536.882 1148.33
GPRESSURE: 94500 -717.211 -352.874 139.424 -95.6869 -515.424 -60.7111 414.511 585.817 1254.53
PRESSAVG: 94500 -455.524 74.9999 31.0304 124.866 -232.433 -1.47477 301.041 44.5139 607.708
GPRESSAVG: 94500 -452.943 76.4309 27.9137 125.509 -232.148 -2.59627 305.895 46.924 606.039
ENERGY:   94500         0.0000         0.0000         0.0000         0.0000          -5576.9381       390.6642         0.0000         0.0000       889.2209          -4297.0530       282.4977     -5186.2739     -4294.0031       299.4427             -7.4059         7.2984     22681.3476       -26.7496       -26.3505

PRESSURE: 95000 -287.377 -288.165 404.824 -122.399 -1334.48 400.727 673.921 831.821 740.876
GPRESSURE: 95000 -322.557 -149.296 455.788 -430.984 -1336.44 280.962 627.614 660.416 826.279
PRESSAVG: 95000 -460.449 -39.8307 12.1736 73.2513 -462.019 125.927 192.938 351.945 281.259
GPRESSAVG: 95000 -459.827 -39.4319 15.7072 69.1062 -461.981 125.975 189.634 353.55 280.634
TIMING: 95000  CPU: 284.449, 0.00550613/step  Wall: 286.961, 0.0058024/step, 0.330415 hours remaining, 0.407069 MB of memory in use.
PERFORMANCE: 95000  averaging 57.2082 ns/day, 0.00302055 sec/step with standard deviation 0.000675882
ETITLE:      TS           BOND          ANGLE          DIHED          IMPRP               ELECT            VDW       BOUNDARY           MISC        KINETIC               TOTAL           TEMP      POTENTIAL         TOTAL3        TEMPAVG            PRESSURE      GPRESSURE         VOLUME       PRESSAVG      GPRESSAVG

ENERGY:   95000         0.0000         0.0000         0.0000         0.0000          -5575.8620       377.0600         0.0000         0.0000       926.0456          -4272.7564       294.1966     -5198.8020     -4270.0588       294.6405           -293.6618      -277.5736     22681.3476      -213.7361      -213.7249

WRITING EXTENDED SYSTEM TO RESTART FILE AT STEP 95000
WRITING COORDINATES TO DCD FILE MD.dcd AT STEP 95000
WRITING COORDINATES TO RESTART FILE AT STEP 95000
FINISHED WRITING RESTART COORDINATES
WRITING VELOCITIES TO RESTART FILE AT STEP 95000
FINISHED WRITING RESTART VELOCITIES
PRESSURE: 95500 -470.036 297.829 239.906 280.839 773.427 188.332 814.279 552.568 -147.976
GPRESSURE: 95500 -470.576 122.821 216.926 530.2 635.628 281.579 870.688 705.161 8.18393
PRESSAVG: 95500 -239.464 -131.099 37.6449 -145.868 -110.961 155.928 282.099 260.381 539.265
GPRESSAVG: 95500 -240.332 -129.752 36.4158 -147.352 -111.434 154.982 284.988 259.395 541.568
ENERGY:   95500         0.0000         0.0000         0.0000         0.0000          -5661.7374       407.6726         0.0000         0.0000       937.8171          -4316.2477       297.9363     -5254.0648     -4313.9488       295.0648             51.8047        57.7454     22681.3476        62.9466        63.2672

PRESSURE: 96000 141.323 -297.934 497.467 -35.1434 -302.498 249.65 454.526 596.656 -323.573
GPRESSURE: 96000 221.235 -224.754 657.386 107.546 -253.765 423.401 157.32 389.179 -409.324
PRESSAVG: 96000 85.7325 133.903 145.634 228.444 -102.572 -20.2816 207.645 156.632 637.049
GPRESSAVG: 96000 88.2038 128.652 145.857 230.761 -101.843 -21.8486 206.165 154.638 634.113
ENERGY:   96000         0.0000         0.0000         0.0000         0.0000          -5630.4620       396.1181         0.0000         0.0000       959.3421          -4275.0018       304.7745     -5234.3439     -4272.8896       299.4972           -161.5829      -147.2845     22681.3476       206.7367       206.8248

LDB: ============= START OF LOAD BALANCING ============== 307.428
LDB: ============== END OF LOAD BALANCING =============== 307.429
Info: useSync: 0 useProxySync: 0
LDB: =============== DONE WITH MIGRATION ================ 307.439
LDB: ============= START OF LOAD BALANCING ============== 307.806
LDB: Largest compute 97 load 0.016121 is 24.8% of average load 0.065084
LDB: Average compute 0.002411 is 3.7% of average load 0.065084
LDB: TIME 307.813 LOAD: AVG 0.0650841 MAX 0.154768  PROXIES: TOTAL 28 MAXPE 3 MAXPATCH 5 None MEM: 0.407069 MB
LDB: TIME 307.813 LOAD: AVG 0.0650841 MAX 0.154768  PROXIES: TOTAL 32 MAXPE 4 MAXPATCH 6 RefineTorusLB MEM: 0.407069 MB
LDB: TIME 307.813 LOAD: AVG 0.0650841 MAX 0.154768  PROXIES: TOTAL 32 MAXPE 4 MAXPATCH 6 RefineTorusLB MEM: 0.407069 MB
LDB: Reverting to original mapping
LDB: ============== END OF LOAD BALANCING =============== 307.819
Info: useSync: 0 useProxySync: 0
LDB: =============== DONE WITH MIGRATION ================ 307.868
PRESSURE: 96500 -755.271 -44.3573 -304.724 -77.7927 -984.035 299.655 -214.884 694.104 1266.21
GPRESSURE: 96500 -922.588 -57.4935 -125.999 -141.597 -797.327 85.9055 -52.479 703.647 1342.63
PRESSAVG: 96500 4.58407 74.4557 27.725 -6.72815 -355.111 81.5353 212.643 226.354 533.697
GPRESSAVG: 96500 4.08929 75.5411 28.0214 -5.53952 -355.864 85.3263 211.794 224.218 533.714
ENERGY:   96500         0.0000         0.0000         0.0000         0.0000          -5605.3850       382.0652         0.0000         0.0000       941.8479          -4281.4718       299.2168     -5223.3197     -4279.1678       299.1490           -157.6984      -125.7618     22681.3476        61.0565        60.6464

PRESSURE: 97000 417.937 -115.449 -96.475 225.355 80.0484 -63.1503 205.562 146.064 1348.38
GPRESSURE: 97000 533.541 184.52 -182.892 430.695 43.0954 -2.27841 152.932 527.223 1319.01
PRESSAVG: 97000 -182.027 -156.809 -92.3168 -257.581 -373.429 69.9992 359.66 322.789 1210.68
GPRESSAVG: 97000 -181.409 -150.827 -92.5086 -262.248 -375.318 66.0291 359.03 326.457 1212.49
ENERGY:   97000         0.0000         0.0000         0.0000         0.0000          -5684.6487       441.2971         0.0000         0.0000       963.6368          -4279.7149       306.1389     -5243.3517     -4278.1942       300.0766            615.4558       631.8818     22681.3476       218.4070       218.5883

PRESSURE: 97500 -490.312 145.013 113.76 -64.8752 -672.31 -163.774 625.254 302.637 769.251
GPRESSURE: 97500 -411.519 74.815 68.1539 -464.92 -569.702 -215.988 614.079 361.7 654.082
PRESSAVG: 97500 -227.641 -148.383 64.954 -55.0877 -461.066 51.1249 422.414 214.669 530.077
GPRESSAVG: 97500 -226.777 -149.42 64.7268 -53.8411 -460.575 53.3978 422.817 215.354 529.145
ENERGY:   97500         0.0000         0.0000         0.0000         0.0000          -5584.0001       395.2593         0.0000         0.0000       929.9389          -4258.8019       295.4334     -5188.7408     -4255.3047       301.9078           -131.1234      -109.0465     22681.3476       -52.8767       -52.7358

PRESSURE: 98000 -643.333 -124.036 -332.817 -246.5 154.33 380.061 -98.7259 755.082 983.848
GPRESSURE: 98000 -617.916 -89.4676 -303.036 -279.897 352.081 684.25 -114.758 491.172 842.637
PRESSAVG: 98000 -404.612 -17.8238 -132.248 -2.81655 -367.041 70.0536 328.328 176.332 379.762
GPRESSAVG: 98000 -405.877 -20.985 -132.937 1.67429 -366.091 72.2964 325.901 170.318 379.79
ENERGY:   98000         0.0000         0.0000         0.0000         0.0000          -5584.7796       407.1096         0.0000         0.0000       915.0421          -4262.6279       290.7008     -5177.6700     -4261.4995       297.2483            164.9485       192.2671     22681.3476      -130.6301      -130.7258

LDB: ============= START OF LOAD BALANCING ============== 322.544
LDB: ============== END OF LOAD BALANCING =============== 322.553
Info: useSync: 0 useProxySync: 0
LDB: =============== DONE WITH MIGRATION ================ 322.573
LDB: ============= START OF LOAD BALANCING ============== 322.989
LDB: Largest compute 62 load 0.010145 is 15.3% of average load 0.066305
LDB: Average compute 0.002408 is 3.6% of average load 0.066305
LDB: TIME 322.995 LOAD: AVG 0.0663047 MAX 0.164094  PROXIES: TOTAL 28 MAXPE 3 MAXPATCH 5 None MEM: 0.407069 MB
LDB: TIME 322.995 LOAD: AVG 0.0663047 MAX 0.164094  PROXIES: TOTAL 32 MAXPE 4 MAXPATCH 6 RefineTorusLB MEM: 0.407069 MB
LDB: TIME 322.995 LOAD: AVG 0.0663047 MAX 0.164094  PROXIES: TOTAL 32 MAXPE 4 MAXPATCH 6 RefineTorusLB MEM: 0.407069 MB
LDB: Reverting to original mapping
LDB: ============== END OF LOAD BALANCING =============== 323.001
Info: useSync: 0 useProxySync: 0
LDB: =============== DONE WITH MIGRATION ================ 323.045
PRESSURE: 98500 -1362.69 -268.285 622.736 514.179 -10.0627 -1308.48 603.561 -912.672 334.733
GPRESSURE: 98500 -1231.07 -534.803 956.497 629.161 -38.952 -1061.01 543.544 -1382.24 295.003
PRESSAVG: 98500 -397.792 9.33913 119.347 37.6251 -265.115 -89.5447 270.857 141.39 448.375
GPRESSAVG: 98500 -397.266 7.39542 120.472 35.2254 -265.901 -91.7772 275.223 143.701 448.469
ENERGY:   98500         0.0000         0.0000         0.0000         0.0000          -5575.1183       370.7138         0.0000         0.0000       921.9347          -4282.4698       292.8906     -5204.4045     -4280.7377       298.5299           -346.0067      -325.0058     22681.3476       -71.5105       -71.5659

PRESSURE: 99000 -1219.64 -284.663 497.285 291.883 346.928 -98.1401 88.038 272.483 680.515
GPRESSURE: 99000 -1233.84 -358.388 455.61 251.967 500.543 -162.114 22.116 90.1133 563.38
PRESSAVG: 99000 -434.992 168.282 35.4344 70.2596 -498.85 133.64 341.391 345.431 174.534
GPRESSAVG: 99000 -436.744 169.989 33.6974 68.2457 -497.661 129.471 341.009 349.035 174.11
ENERGY:   99000         0.0000         0.0000         0.0000         0.0000          -5641.9586       404.3335         0.0000         0.0000       898.0412          -4339.5839       285.2998     -5237.6251     -4337.2569       296.8691            -64.0664       -56.6381     22681.3476      -253.1025      -253.4315

PRESSURE: 99500 47.2869 830.414 236.903 115.721 -3.46693 -912.082 -354.827 -1122.48 1641.55
GPRESSURE: 99500 -50.1236 798.563 181.49 409.343 163.184 -802.421 -108.715 -1536.23 1606.22
PRESSAVG: 99500 -408.209 26.0203 -28.6931 48.2429 -255.143 -152.068 104.851 240.111 641.783
GPRESSAVG: 99500 -408.357 28.7083 -28.9847 49.3917 -254.372 -146.424 102.234 238.691 641.876
ENERGY:   99500         0.0000         0.0000         0.0000         0.0000          -5682.9255       432.7441         0.0000         0.0000       951.0630          -4299.1184       302.1444     -5250.1814     -4297.7012       296.6732            561.7901       573.0918     22681.3476        -7.1895        -6.9509

WRITING COORDINATES TO DCD FILE MD.dcd AT STEP 100000
WRITING COORDINATES TO RESTART FILE AT STEP 100000
FINISHED WRITING RESTART COORDINATES
WRITING VELOCITIES TO RESTART FILE AT STEP 100000
FINISHED WRITING RESTART VELOCITIES
PRESSURE: 100000 991.594 -320.74 5.78492 -89.8897 807.296 681.917 1175.26 583.344 944.665
GPRESSURE: 100000 947.077 -128.572 35.7057 64.3385 969.178 320.818 1059.84 938.211 884.536
PRESSAVG: 100000 72.9557 63.1479 67.9691 96.6217 93.217 -120.137 166.321 125.321 1034.62
GPRESSAVG: 100000 74.582 62.596 67.5342 96.3379 90.0307 -121.082 165.521 124.493 1035.61
TIMING: 100000  CPU: 318.578, 0.00682583/step  Wall: 323.832, 0.00737421/step, 0.409678 hours remaining, 0.407069 MB of memory in use.
PERFORMANCE: 100000  averaging 53.3625 ns/day, 0.00323823 sec/step with standard deviation 0.00117494
ETITLE:      TS           BOND          ANGLE          DIHED          IMPRP               ELECT            VDW       BOUNDARY           MISC        KINETIC               TOTAL           TEMP      POTENTIAL         TOTAL3        TEMPAVG            PRESSURE      GPRESSURE         VOLUME       PRESSAVG      GPRESSAVG

ENERGY:  100000         0.0000         0.0000         0.0000         0.0000          -5617.2355       421.9804         0.0000         0.0000       926.0910          -4269.1641       294.2110     -5195.2551     -4267.4165       297.8707            914.5186       933.5968     22681.3476       400.2628       400.0728

WRITING EXTENDED SYSTEM TO RESTART FILE AT STEP 100000
LDB: ============= START OF LOAD BALANCING ============== 335.751
LDB: ============== END OF LOAD BALANCING =============== 335.751
Info: useSync: 0 useProxySync: 0
LDB: =============== DONE WITH MIGRATION ================ 335.751
LDB: ============= START OF LOAD BALANCING ============== 335.892
LDB: Largest compute 16 load 0.009404 is 15.4% of average load 0.060956
LDB: Average compute 0.002439 is 4.0% of average load 0.060956
LDB: TIME 335.892 LOAD: AVG 0.0609562 MAX 0.134521  PROXIES: TOTAL 28 MAXPE 3 MAXPATCH 5 None MEM: 0.407069 MB
LDB: TIME 335.892 LOAD: AVG 0.0609562 MAX 0.134521  PROXIES: TOTAL 32 MAXPE 4 MAXPATCH 6 RefineTorusLB MEM: 0.407069 MB
LDB: TIME 335.892 LOAD: AVG 0.0609562 MAX 0.134521  PROXIES: TOTAL 32 MAXPE 4 MAXPATCH 6 RefineTorusLB MEM: 0.407069 MB
LDB: Reverting to original mapping
LDB: ============== END OF LOAD BALANCING =============== 335.892
Info: useSync: 0 useProxySync: 0
LDB: =============== DONE WITH MIGRATION ================ 335.893
PRESSURE: 100500 -1214.95 -23.7301 752.533 -106.01 -595.027 573.108 -127.12 350.784 950.187
GPRESSURE: 100500 -968.081 -303.619 717.138 -232.038 -538.263 673.338 -65.0328 94.4075 745.242
PRESSAVG: 100500 -511.874 -26.371 -4.25077 32.9781 -311.481 102.444 564.908 319.695 354.577
GPRESSAVG: 100500 -513.844 -31.6136 -5.36912 35.0187 -309.601 102.082 566.826 320.074 354.076
ENERGY:  100500         0.0000         0.0000         0.0000         0.0000          -5674.7918       404.2982         0.0000         0.0000       959.7180          -4310.7756       304.8940     -5270.4936     -4309.4406       296.8238           -286.5964      -253.7004     22681.3476      -156.2591      -156.4564

PRESSURE: 101000 675.601 312.775 45.2469 244.491 37.7072 21.2629 400.162 74.4056 143.514
GPRESSURE: 101000 860.978 408.436 131.228 -47.763 67.9165 -73.8762 388.681 127.539 -14.8449
PRESSAVG: 101000 -466.649 19.977 142.668 212.597 -429.83 -228.285 482.909 -35.2285 586.881
GPRESSAVG: 101000 -465.808 19.8463 145.998 211.704 -430.66 -227.664 482.268 -34.9053 585.925
ENERGY:  101000         0.0000         0.0000         0.0000         0.0000          -5669.9390       431.2879         0.0000         0.0000       926.5830          -4312.0681       294.3673     -5238.6511     -4310.0385       296.1836            285.6076       304.6832     22681.3476      -103.1992      -103.5143

PRESSURE: 101500 -244.579 169.203 -479.975 359.475 -1114.26 656.587 -272.882 578.177 -113.924
GPRESSURE: 101500 -284.689 19.1727 -458.978 846.799 -1020.15 550.509 -512.321 851.963 -119.41
PRESSAVG: 101500 21.2394 135.607 67.2354 231.828 -307.873 -100.796 122.09 41.1739 400.831
GPRESSAVG: 101500 21.5208 135.966 68.2212 230.578 -307.202 -100.646 121.865 39.6454 400.083
ENERGY:  101500         0.0000         0.0000         0.0000         0.0000          -5613.3899       363.1970         0.0000         0.0000       924.7532          -4325.4397       293.7860     -5250.1929     -4323.5974       295.8175           -490.9222      -474.7486     22681.3476        38.0657        38.1338

PRESSURE: 102000 537.898 -15.3594 -378.66 -176.772 245.801 472.214 -475.581 292.455 1204.97
GPRESSURE: 102000 738.207 -301.282 -419.557 389.972 132.56 662.673 -197.885 -162.245 1162.63
PRESSAVG: 102000 -325.433 25.54 21.1131 154.119 -403.87 223.557 208.27 95.9637 430.451
GPRESSAVG: 102000 -324.989 24.459 21.3588 157.418 -406.531 222.93 204.255 97.3392 431.504
ENERGY:  102000         0.0000         0.0000         0.0000         0.0000          -5654.4362       446.7620         0.0000         0.0000       908.4629          -4299.2113       288.6107     -5207.6742     -4298.3771       296.8881            662.8885       677.7997     22681.3476       -99.6177      -100.0052

LDB: ============= START OF LOAD BALANCING ============== 341.452
LDB: ============== END OF LOAD BALANCING =============== 341.453
Info: useSync: 0 useProxySync: 0
LDB: =============== DONE WITH MIGRATION ================ 341.453
LDB: ============= START OF LOAD BALANCING ============== 341.594
LDB: Largest compute 16 load 0.008774 is 14.5% of average load 0.060477
LDB: Average compute 0.002408 is 4.0% of average load 0.060477
LDB: TIME 341.594 LOAD: AVG 0.0604773 MAX 0.134766  PROXIES: TOTAL 28 MAXPE 3 MAXPATCH 5 None MEM: 0.407069 MB
LDB: TIME 341.594 LOAD: AVG 0.0604773 MAX 0.134766  PROXIES: TOTAL 32 MAXPE 4 MAXPATCH 6 RefineTorusLB MEM: 0.407069 MB
LDB: TIME 341.594 LOAD: AVG 0.0604773 MAX 0.134766  PROXIES: TOTAL 32 MAXPE 4 MAXPATCH 6 RefineTorusLB MEM: 0.407069 MB
LDB: ============== END OF LOAD BALANCING =============== 341.594
Info: useSync: 0 useProxySync: 0
LDB: =============== DONE WITH MIGRATION ================ 341.594
PRESSURE: 102500 -1314.05 -69.803 49.6074 79.8587 336.642 1048.2 32.6741 599.847 -62.417
GPRESSURE: 102500 -1208.17 -584.435 185.52 304.859 284.792 1100.23 -100.914 412.821 -78.3248
PRESSAVG: 102500 -342.071 -88.9796 -203.748 -19.3937 -512.499 238.916 143.58 260.213 758.446
GPRESSAVG: 102500 -343.173 -85.0272 -204.905 -23.9075 -512.466 240.465 145.576 260.106 758.505
ENERGY:  102500         0.0000         0.0000         0.0000         0.0000          -5580.4862       366.3590         0.0000         0.0000       949.6842          -4264.4431       301.7063     -5214.1272     -4262.1204       295.0469           -346.6092      -333.9026     22681.3476       -32.0413       -32.3778

PRESSURE: 103000 49.2619 -161.936 423.697 130.205 478.61 240.217 703.275 381.172 1239.48
GPRESSURE: 103000 63.3174 -255.057 413.36 216.712 516.737 46.2841 995.422 537.822 1301.59
PRESSAVG: 103000 -287.921 143.469 38.1635 117.82 -94.4612 112.567 217.557 412.022 652.025
GPRESSAVG: 103000 -289.367 141.945 39.425 118.079 -91.6165 110.85 215.75 411.757 651.42
ENERGY:  103000         0.0000         0.0000         0.0000         0.0000          -5583.8939       412.6437         0.0000         0.0000       924.4681          -4246.7822       293.6954     -5171.2502     -4245.1678       301.4788            589.1182       627.2145     22681.3476        89.8809        90.1456

PRESSURE: 103500 -670.168 -711.979 488.698 -732.063 -407.008 -133.008 477.349 486.748 723.871
GPRESSURE: 103500 -710.63 -351.692 358.724 -923.047 -444.47 -87.9 544.997 181.012 857.593
PRESSAVG: 103500 -493.198 -55.4014 103.68 -66.7018 -527.402 -37.8841 414.477 99.2961 659.708
GPRESSAVG: 103500 -493.333 -54.784 99.5725 -67.7908 -529.06 -35.6071 419.409 99.6414 660.551
ENERGY:  103500         0.0000         0.0000         0.0000         0.0000          -5622.3403       397.6498         0.0000         0.0000       918.0323          -4306.6582       291.6508     -5224.6905     -4304.6039       299.4379           -117.7682       -99.1690     22681.3476      -120.2976      -120.6141

PRESSURE: 104000 -469.295 558.221 -541.029 474.374 -553.512 -149.766 -57.9438 53.5974 -460.709
GPRESSURE: 104000 -464.795 742.15 -516.495 67.5308 -719.271 -181.421 3.8008 140.412 -231.319
PRESSAVG: 104000 -110.799 -31.7448 13.2038 -85.605 -237.926 -203.019 20.594 151.616 799.203
GPRESSAVG: 104000 -109.788 -32.2604 16.7357 -85.192 -240.338 -204.538 18.7679 149.679 800.676
ENERGY:  104000         0.0000         0.0000         0.0000         0.0000          -5591.9952       370.7313         0.0000         0.0000       927.8851          -4293.3788       294.7809     -5221.2639     -4292.1143       297.2270           -494.5053      -471.7948     22681.3476       150.1594       150.1833

LDB: ============= START OF LOAD BALANCING ============== 347.154
LDB: ============== END OF LOAD BALANCING =============== 347.154
Info: useSync: 0 useProxySync: 0
LDB: =============== DONE WITH MIGRATION ================ 347.154
LDB: ============= START OF LOAD BALANCING ============== 347.296
LDB: Largest compute 221 load 0.008355 is 13.8% of average load 0.060449
LDB: Average compute 0.002406 is 4.0% of average load 0.060449
LDB: TIME 347.296 LOAD: AVG 0.0604492 MAX 0.135435  PROXIES: TOTAL 28 MAXPE 3 MAXPATCH 5 None MEM: 0.407069 MB
LDB: TIME 347.296 LOAD: AVG 0.0604492 MAX 0.135435  PROXIES: TOTAL 32 MAXPE 4 MAXPATCH 6 RefineTorusLB MEM: 0.407069 MB
LDB: TIME 347.296 LOAD: AVG 0.0604492 MAX 0.135435  PROXIES: TOTAL 32 MAXPE 4 MAXPATCH 6 RefineTorusLB MEM: 0.407069 MB
LDB: ============== END OF LOAD BALANCING =============== 347.296
Info: useSync: 0 useProxySync: 0
LDB: =============== DONE WITH MIGRATION ================ 347.297
PRESSURE: 104500 -1032.35 -481.823 768.493 -158.762 30.7204 797.822 1122.09 220.197 1243.72
GPRESSURE: 104500 -805.105 -576.62 591.09 -12.9156 -61.338 739.571 1205.95 99.7536 1188.44
PRESSAVG: 104500 -301.532 -79.9726 152.159 112.004 -179.783 39.8206 355.507 121.413 734.192
GPRESSAVG: 104500 -302.019 -77.4783 151.81 114.481 -177.208 40.057 353.424 121.417 732.587
ENERGY:  104500         0.0000         0.0000         0.0000         0.0000          -5621.1085       382.7408         0.0000         0.0000       924.5265          -4313.8413       293.7139     -5238.3678     -4312.5402       294.4031             80.6944       107.3330     22681.3476        84.2924        84.4534

WRITING COORDINATES TO DCD FILE MD.dcd AT STEP 105000
WRITING COORDINATES TO RESTART FILE AT STEP 105000
FINISHED WRITING RESTART COORDINATES
WRITING VELOCITIES TO RESTART FILE AT STEP 105000
FINISHED WRITING RESTART VELOCITIES
PRESSURE: 105000 167.375 459.027 464.906 660.151 -224.157 -137.863 -171.195 -101.943 498.324
GPRESSURE: 105000 148.247 751.444 455.396 597.026 -105.59 167.713 -190.25 -107.819 489.025
PRESSAVG: 105000 -603.14 43.0594 179.075 22.139 -550.626 -28.824 191.916 137.042 651.729
GPRESSAVG: 105000 -601.62 41.7528 178.398 20.9359 -552.333 -31.3671 194.135 139.792 652.543
TIMING: 105000  CPU: 333.8, 0.00304442/step  Wall: 339.327, 0.00309908/step, 0.167867 hours remaining, 0.407069 MB of memory in use.
PERFORMANCE: 105000  averaging 53.4719 ns/day, 0.00323161 sec/step with standard deviation 0.00114559
ETITLE:      TS           BOND          ANGLE          DIHED          IMPRP               ELECT            VDW       BOUNDARY           MISC        KINETIC               TOTAL           TEMP      POTENTIAL         TOTAL3        TEMPAVG            PRESSURE      GPRESSURE         VOLUME       PRESSAVG      GPRESSAVG

ENERGY:  105000         0.0000         0.0000         0.0000         0.0000          -5668.0796       422.8728         0.0000         0.0000       919.5193          -4325.6875       292.1232     -5245.2068     -4324.4758       289.0252            147.1810       177.2272     22681.3476      -167.3455      -167.1368

WRITING EXTENDED SYSTEM TO RESTART FILE AT STEP 105000
PRESSURE: 105500 -430.302 -142.496 -900.761 286.313 80.622 -333.193 -397.328 130.785 394.336
GPRESSURE: 105500 -452.584 -429.305 -1259.94 188.935 -24.1608 -632.972 -307.524 133.359 560.485
PRESSAVG: 105500 65.4709 143.29 78.7775 130.042 -36.0851 -127.077 330.949 122.913 864.613
GPRESSAVG: 105500 65.0787 145.091 75.7318 131.045 -36.2392 -125.309 335.118 122.691 864.347
ENERGY:  105500         0.0000         0.0000         0.0000         0.0000          -5653.1583       400.1928         0.0000         0.0000       930.8856          -4322.0799       295.7342     -5252.9655     -4320.7808       295.8397             14.8853        27.9135     22681.3476       297.9996       297.7288

PRESSURE: 106000 -189.394 47.768 198.228 517.666 320.542 389.203 519.655 288.58 321.066
GPRESSURE: 106000 -214.53 249.683 188.578 282.189 372.792 332.857 599.396 559.062 328.764
PRESSAVG: 106000 -297.131 -9.30763 10.2866 63.2767 -43.4355 83.2015 362.74 278.071 500.977
GPRESSAVG: 106000 -296.662 -10.3716 12.0563 64.6696 -42.6094 82.5961 357.933 278.205 498.93
ENERGY:  106000         0.0000         0.0000         0.0000         0.0000          -5654.6951       408.5498         0.0000         0.0000       914.5174          -4331.6280       290.5342     -5246.1454     -4329.8805       291.0291            150.7380       162.3422     22681.3476        53.4700        53.2194

LDB: ============= START OF LOAD BALANCING ============== 354.206
LDB: ============== END OF LOAD BALANCING =============== 354.206
Info: useSync: 0 useProxySync: 0
LDB: =============== DONE WITH MIGRATION ================ 354.206
LDB: ============= START OF LOAD BALANCING ============== 354.347
LDB: Largest compute 224 load 0.008360 is 14.0% of average load 0.059889
LDB: Average compute 0.002392 is 4.0% of average load 0.059889
LDB: TIME 354.347 LOAD: AVG 0.0598887 MAX 0.135655  PROXIES: TOTAL 28 MAXPE 3 MAXPATCH 5 None MEM: 0.407069 MB
LDB: TIME 354.347 LOAD: AVG 0.0598887 MAX 0.135655  PROXIES: TOTAL 32 MAXPE 4 MAXPATCH 6 RefineTorusLB MEM: 0.407069 MB
LDB: TIME 354.347 LOAD: AVG 0.0598887 MAX 0.135655  PROXIES: TOTAL 32 MAXPE 4 MAXPATCH 6 RefineTorusLB MEM: 0.407069 MB
LDB: Reverting to original mapping
LDB: ============== END OF LOAD BALANCING =============== 354.347
Info: useSync: 0 useProxySync: 0
LDB: =============== DONE WITH MIGRATION ================ 354.348
PRESSURE: 106500 -360.329 -337.284 419.681 -260.438 -219.986 9.43323 119.065 204.077 129.827
GPRESSURE: 106500 -302.588 -564.732 116.776 -23.8611 -49.5588 -90.9371 176.535 209.709 3.90536
PRESSAVG: 106500 -149.926 6.9903 150.157 107.21 -149.842 116.645 234.796 215.747 470.707
GPRESSAVG: 106500 -148.937 7.86008 151.257 108.951 -152.335 116.058 236.411 216.904 471.994
ENERGY:  106500         0.0000         0.0000         0.0000         0.0000          -5654.3114       391.6887         0.0000         0.0000       962.3551          -4300.2675       305.7318     -5262.6227     -4297.2772       294.8698           -150.1625      -116.0805     22681.3476        56.9796        56.9072

PRESSURE: 107000 477.141 363.71 510.959 135.684 -1000.49 -581.336 5.22186 -214.274 343.411
GPRESSURE: 107000 488.864 95.2755 156.454 307.865 -970.846 -630.899 398.648 -358.805 344.623
PRESSAVG: 107000 -421.022 129.562 -9.71445 140.289 -452.763 -37.0657 124.764 98.3854 331.328
GPRESSAVG: 107000 -421.519 127.567 -6.50428 138.901 -452.304 -34.2268 124.96 96.1323 331.071
ENERGY:  107000         0.0000         0.0000         0.0000         0.0000          -5597.2818       388.0603         0.0000         0.0000       912.6683          -4296.5532       289.9467     -5209.2215     -4294.5207       292.6622            -59.9787       -45.7864     22681.3476      -180.8190      -180.9174

PRESSURE: 107500 359.869 -559.832 0.557786 -821.814 -403.111 720.576 604.058 1183.05 508.276
GPRESSURE: 107500 295.929 -627.426 -73.5241 -922.552 -261.684 736.117 806.759 1260.84 462.727
PRESSAVG: 107500 -668.794 95.226 61.4361 83.5015 -474.165 -218.781 172.974 31.6826 441.06
GPRESSAVG: 107500 -668.569 94.1061 59.0721 81.3671 -474.415 -219.957 171.775 32.4319 440.104
ENERGY:  107500         0.0000         0.0000         0.0000         0.0000          -5627.9098       407.9286         0.0000         0.0000       961.6714          -4258.3099       305.5146     -5219.9812     -4256.2381       299.7831            155.0112       165.6571     22681.3476      -233.9663      -234.2933

PRESSURE: 108000 323.78 114.817 -661.63 367.739 30.392 511.747 -521.49 364.461 59.5755
GPRESSURE: 108000 424.588 120.742 -392.748 193.603 239.097 909.929 -888.568 96.8615 -148.41
PRESSAVG: 108000 -325.087 39.3453 -60.3917 77.1556 -411.405 95.5654 175.578 246.515 425.448
GPRESSAVG: 108000 -326.863 40.3818 -61.165 75.4719 -409.793 91.9861 174.083 243.522 427.15
ENERGY:  108000         0.0000         0.0000         0.0000         0.0000          -5608.6102       393.7739         0.0000         0.0000       988.9497          -4225.8866       314.1806     -5214.8363     -4222.3814       304.1111            137.9160       171.7583     22681.3476      -103.6812      -103.1686

LDB: ============= START OF LOAD BALANCING ============== 360.744
LDB: ============== END OF LOAD BALANCING =============== 360.744
Info: useSync: 0 useProxySync: 0
LDB: =============== DONE WITH MIGRATION ================ 360.744
LDB: ============= START OF LOAD BALANCING ============== 360.886
LDB: Largest compute 223 load 0.008151 is 13.6% of average load 0.060077
LDB: Average compute 0.002388 is 4.0% of average load 0.060077
LDB: TIME 360.886 LOAD: AVG 0.0600772 MAX 0.135879  PROXIES: TOTAL 28 MAXPE 3 MAXPATCH 5 None MEM: 0.407069 MB
LDB: TIME 360.886 LOAD: AVG 0.0600772 MAX 0.135879  PROXIES: TOTAL 32 MAXPE 4 MAXPATCH 6 RefineTorusLB MEM: 0.407069 MB
LDB: TIME 360.886 LOAD: AVG 0.0600772 MAX 0.135879  PROXIES: TOTAL 32 MAXPE 4 MAXPATCH 6 RefineTorusLB MEM: 0.407069 MB
LDB: Reverting to original mapping
LDB: ============== END OF LOAD BALANCING =============== 360.886
Info: useSync: 0 useProxySync: 0
LDB: =============== DONE WITH MIGRATION ================ 360.887
PRESSURE: 108500 -901.999 -173.343 -453.188 -93.3668 -875.876 -379.774 -318.638 -284.954 -236.365
GPRESSURE: 108500 -944.979 20.8146 -546.784 -310.795 -775.399 -350.109 116.501 -375.76 -203.785
PRESSAVG: 108500 -250.602 -51.5928 88.5271 -21.0265 -587.36 49.7516 389.97 194.717 520.16
GPRESSAVG: 108500 -250.817 -48.8735 90.8824 -21.9809 -587.843 53.7296 394.253 196.502 522.305
ENERGY:  108500         0.0000         0.0000         0.0000         0.0000          -5539.4691       351.3508         0.0000         0.0000       941.9462          -4246.1721       299.2480     -5188.1183     -4244.0147       301.4961           -671.4133      -641.3876     22681.3476      -105.9339      -105.4518

PRESSURE: 109000 -113.964 435.192 -335.135 98.9983 85.2657 -672.011 31.2164 -451.726 1500.31
GPRESSURE: 109000 -116.293 491.482 -497.399 -124.711 164.461 -651.133 3.43001 -343.744 1529.94
PRESSAVG: 109000 -494.156 6.3818 46.7698 -38.5733 -221.268 -119.213 530.552 -6.09202 412.165
GPRESSAVG: 109000 -494.539 5.56925 46.9216 -38.1141 -219.752 -118.787 527.15 -9.16819 410.431
ENERGY:  109000         0.0000         0.0000         0.0000         0.0000          -5665.3863       442.1035         0.0000         0.0000       933.0054          -4290.2774       296.4076     -5223.2828     -4288.2343       296.5218            490.5389       526.0359     22681.3476      -101.0864      -101.2868

PRESSURE: 109500 -650.628 -307.565 -109.614 -584.887 -959.067 -126.039 423.752 -121.351 696.921
GPRESSURE: 109500 -854.989 -720.067 -190.831 -312.749 -672.397 55.8532 629.746 -632.151 683.443
PRESSAVG: 109500 -389.909 -3.67253 155.314 -130.297 -568.777 -55.5538 211.94 -110.851 439.219
GPRESSAVG: 109500 -388.812 -6.56363 154.425 -126.894 -570.208 -57.1331 218.392 -109.864 440.522
ENERGY:  109500         0.0000         0.0000         0.0000         0.0000          -5611.5989       373.9826         0.0000         0.0000       927.2762          -4310.3401       294.5875     -5237.6163     -4308.8104       297.2691           -304.2581      -281.3144     22681.3476      -173.1554      -172.8324

PRESSURE: 110000 -1148.35 88.2642 -203.043 362.643 -310.815 -283.052 -25.507 96.7921 1798.09
GPRESSURE: 110000 -1070.36 157.985 -212.616 563.07 -102.181 -509.466 102.191 685.556 1579.58
PRESSAVG: 110000 -150.295 -31.0336 69.1286 -67.0551 -212.007 6.07523 400.409 192.029 829.45
GPRESSAVG: 110000 -149.755 -30.9338 69.4827 -65.5957 -211.569 7.95281 397.903 192.701 828.654
TIMING: 110000  CPU: 348.893, 0.00301872/step  Wall: 354.503, 0.00303523/step, 0.160193 hours remaining, 0.407069 MB of memory in use.
PERFORMANCE: 110000  averaging 53.62 ns/day, 0.00322268 sec/step with standard deviation 0.00111877
ETITLE:      TS           BOND          ANGLE          DIHED          IMPRP               ELECT            VDW       BOUNDARY           MISC        KINETIC               TOTAL           TEMP      POTENTIAL         TOTAL3        TEMPAVG            PRESSURE      GPRESSURE         VOLUME       PRESSAVG      GPRESSAVG

ENERGY:  110000         0.0000         0.0000         0.0000         0.0000          -5614.4496       398.0165         0.0000         0.0000       913.7049          -4302.7282       290.2760     -5216.4331     -4299.1344       293.5436            112.9731       135.6797     22681.3476       155.7162       155.7767

WRITING EXTENDED SYSTEM TO RESTART FILE AT STEP 110000
WRITING COORDINATES TO DCD FILE MD.dcd AT STEP 110000
WRITING COORDINATES TO RESTART FILE AT STEP 110000
FINISHED WRITING RESTART COORDINATES
WRITING VELOCITIES TO RESTART FILE AT STEP 110000
FINISHED WRITING RESTART VELOCITIES
LDB: ============= START OF LOAD BALANCING ============== 366.437
LDB: ============== END OF LOAD BALANCING =============== 366.437
Info: useSync: 0 useProxySync: 0
LDB: =============== DONE WITH MIGRATION ================ 366.437
LDB: ============= START OF LOAD BALANCING ============== 366.585
LDB: Largest compute 17 load 0.009600 is 15.7% of average load 0.061304
LDB: Average compute 0.002426 is 4.0% of average load 0.061304
LDB: TIME 366.589 LOAD: AVG 0.0613039 MAX 0.133857  PROXIES: TOTAL 28 MAXPE 3 MAXPATCH 5 None MEM: 0.407069 MB
LDB: TIME 366.589 LOAD: AVG 0.0613039 MAX 0.133857  PROXIES: TOTAL 32 MAXPE 4 MAXPATCH 6 RefineTorusLB MEM: 0.407069 MB
LDB: TIME 366.589 LOAD: AVG 0.0613039 MAX 0.133857  PROXIES: TOTAL 32 MAXPE 4 MAXPATCH 6 RefineTorusLB MEM: 0.407069 MB
LDB: Reverting to original mapping
LDB: ============== END OF LOAD BALANCING =============== 366.596
Info: useSync: 0 useProxySync: 0
LDB: =============== DONE WITH MIGRATION ================ 366.611
PRESSURE: 110500 -16.0955 629.003 -524.21 846.846 -584.985 -379.858 -14.0947 211.406 275.634
GPRESSURE: 110500 79.1314 458.228 -830.097 923.92 -395.743 -388.411 -44.182 504.243 80.9285
PRESSAVG: 110500 -472.673 -25.3827 -11.8665 49.7469 -387.834 -47.1006 212.927 251.761 691.349
GPRESSAVG: 110500 -474.774 -23.4721 -11.5156 49.7992 -386.725 -46.8981 213.437 254.385 693.506
ENERGY:  110500         0.0000         0.0000         0.0000         0.0000          -5611.7010       395.2033         0.0000         0.0000       900.0960          -4316.4017       285.9526     -5216.4977     -4314.1789       290.6169           -108.4822       -78.5611     22681.3476       -56.3859       -55.9975

PRESSURE: 111000 -1246.02 -674.844 -633.651 -663.226 158.345 -367.719 -548.483 -34.3961 1361.9
GPRESSURE: 111000 -1232.42 -783.947 -314.943 -433.183 74.946 -425.831 -669.819 -96.7724 1464.94
PRESSAVG: 111000 -381.938 34.2704 -90.0382 45.6262 -642.281 106.572 162.811 287.156 567.012
GPRESSAVG: 111000 -381.514 36.9321 -93.6047 44.7643 -641.848 106.732 160.512 287.274 567.202
ENERGY:  111000         0.0000         0.0000         0.0000         0.0000          -5576.4268       388.4855         0.0000         0.0000       908.7029          -4279.2384       288.6869     -5187.9413     -4278.2007       296.7892             91.4094       102.4887     22681.3476      -152.4026      -152.0536

PRESSURE: 111500 -463.428 -189.63 471.798 -138.525 -1166.3 -436.484 475.025 -170.008 2050.18
GPRESSURE: 111500 -349.44 136.694 125.331 -388.065 -1085.8 -293.937 346.211 -512.197 1995.07
PRESSAVG: 111500 -266.822 -242.158 -8.51247 -148.722 -276.073 -45.3644 190.118 291.709 454.172
GPRESSAVG: 111500 -266.205 -242.13 -7.76768 -150.402 -276.121 -45.1457 189.915 289.555 453.196
ENERGY:  111500         0.0000         0.0000         0.0000         0.0000          -5563.2199       380.7673         0.0000         0.0000       895.3476          -4287.1050       284.4441     -5182.4526     -4284.9608       292.9819            140.1521       186.6081     22681.3476       -29.5744       -29.7099

PRESSURE: 112000 674.84 250.279 154.561 165.896 72.9285 46.7805 33.2666 287.118 -148.375
GPRESSURE: 112000 707.577 225.034 100.163 350.843 153.632 -62.3335 -344.276 -49.6177 -225.318
PRESSAVG: 112000 -261.715 17.2906 -9.52089 102.511 -295.339 -56.2203 150.53 76.688 985.983
GPRESSAVG: 112000 -262.012 16.0395 -6.83049 104.858 -294.412 -55.9165 150.101 78.4775 984.165
ENERGY:  112000         0.0000         0.0000         0.0000         0.0000          -5673.3922       423.2092         0.0000         0.0000       928.2318          -4321.9513       294.8911     -5250.1830     -4319.6883       296.3690            199.7978       211.9635     22681.3476       142.9764       142.5803

LDB: ============= START OF LOAD BALANCING ============== 372.081
LDB: ============== END OF LOAD BALANCING =============== 372.081
Info: useSync: 0 useProxySync: 0
LDB: =============== DONE WITH MIGRATION ================ 372.081
LDB: ============= START OF LOAD BALANCING ============== 372.22
LDB: Largest compute 224 load 0.008084 is 13.4% of average load 0.060548
LDB: Average compute 0.002420 is 4.0% of average load 0.060548
LDB: TIME 372.22 LOAD: AVG 0.0605482 MAX 0.133282  PROXIES: TOTAL 28 MAXPE 3 MAXPATCH 5 None MEM: 0.407069 MB
LDB: TIME 372.221 LOAD: AVG 0.0605482 MAX 0.133282  PROXIES: TOTAL 32 MAXPE 4 MAXPATCH 6 RefineTorusLB MEM: 0.407069 MB
LDB: TIME 372.221 LOAD: AVG 0.0605482 MAX 0.133282  PROXIES: TOTAL 32 MAXPE 4 MAXPATCH 6 RefineTorusLB MEM: 0.407069 MB
LDB: ============== END OF LOAD BALANCING =============== 372.221
Info: useSync: 0 useProxySync: 0
LDB: =============== DONE WITH MIGRATION ================ 372.221
PRESSURE: 112500 -141.458 145.106 -178.552 100.415 -334.464 -93.9781 245.491 160.029 422.479
GPRESSURE: 112500 -181.674 -273.265 16.9389 139.515 -191.77 12.6364 -229.607 284.022 349.713
PRESSAVG: 112500 -96.5568 0.101699 157.2 109.034 -29.1947 -65.87 113.616 81.1805 400.946
GPRESSAVG: 112500 -95.114 0.320687 156.17 107.731 -29.121 -63.7691 113.551 81.1002 401.891
ENERGY:  112500         0.0000         0.0000         0.0000         0.0000          -5612.1844       396.5879         0.0000         0.0000       957.2320          -4258.3644       304.1042     -5215.5965     -4255.8143       296.4881            -17.8143        -7.9103     22681.3476        91.7315        92.5522

PRESSURE: 113000 -670.947 240.881 -75.9208 89.0413 -549.466 266.274 86.5805 584.108 81.7271
GPRESSURE: 113000 -803.408 132.43 -349.338 150.51 -438.861 239.691 197.713 407.552 237.349
PRESSAVG: 113000 -121.871 90.9681 -47.4579 97.0453 -456.581 128.543 280.407 179.927 538.389
GPRESSAVG: 113000 -122.049 87.1539 -51.0716 99.7945 -455.716 125.765 283.244 182.478 536.433
ENERGY:  113000         0.0000         0.0000         0.0000         0.0000          -5541.2748       350.3056         0.0000         0.0000       926.1191          -4264.8501       294.2199     -5190.9692     -4263.9739       301.4718           -379.5622      -334.9735     22681.3476       -13.3544       -13.7770

PRESSURE: 113500 -1088.64 -211.337 460.581 33.9492 8.55387 248.747 -239.052 192.173 1438.33
GPRESSURE: 113500 -1008.6 -410.088 219.626 -69.0795 -119.406 -63.3265 -178.252 344.664 1534.6
PRESSAVG: 113500 -144.592 37.0892 -95.7442 -11.9832 -58.6235 138.275 -19.0416 170.021 812.899
GPRESSAVG: 113500 -146.239 40.3895 -94.0709 -14.9924 -58.6401 136.088 -21.1049 170.51 814.16
ENERGY:  113500         0.0000         0.0000         0.0000         0.0000          -5607.2702       407.7644         0.0000         0.0000       937.1492          -4262.3566       297.7241     -5199.5058     -4259.7762       301.9225            119.4142       135.5310     22681.3476       203.2280       203.0937

PRESSURE: 114000 817.956 178.609 -386.085 95.5735 -261.363 -243.892 318.636 112.427 187.317
GPRESSURE: 114000 770.686 125.176 -573.683 51.2038 -301.792 -302.551 430.017 262.244 315.011
PRESSAVG: 114000 -475.056 42.1419 -7.70634 -122.094 -183.702 -63.6613 557.364 252.005 658.998
GPRESSAVG: 114000 -475.519 39.2835 -7.42255 -121.4 -183.108 -60.5044 558.046 248.932 658.5
ENERGY:  114000         0.0000         0.0000         0.0000         0.0000          -5669.6930       427.4139         0.0000         0.0000       977.2333          -4265.0458       310.4584     -5242.2791     -4261.7371       298.3546            247.9702       261.3020     22681.3476         0.0802        -0.0424

LDB: ============= START OF LOAD BALANCING ============== 377.67
LDB: ============== END OF LOAD BALANCING =============== 377.671
Info: useSync: 0 useProxySync: 0
LDB: =============== DONE WITH MIGRATION ================ 377.671
LDB: ============= START OF LOAD BALANCING ============== 377.816
LDB: Largest compute 128 load 0.008605 is 14.0% of average load 0.061399
LDB: Average compute 0.002450 is 4.0% of average load 0.061399
LDB: TIME 377.82 LOAD: AVG 0.0613991 MAX 0.133123  PROXIES: TOTAL 28 MAXPE 3 MAXPATCH 5 None MEM: 0.407069 MB
LDB: TIME 377.82 LOAD: AVG 0.0613991 MAX 0.133123  PROXIES: TOTAL 32 MAXPE 4 MAXPATCH 6 RefineTorusLB MEM: 0.407069 MB
LDB: TIME 377.82 LOAD: AVG 0.0613991 MAX 0.133123  PROXIES: TOTAL 32 MAXPE 4 MAXPATCH 6 RefineTorusLB MEM: 0.407069 MB
LDB: ============== END OF LOAD BALANCING =============== 377.822
Info: useSync: 0 useProxySync: 0
LDB: =============== DONE WITH MIGRATION ================ 377.822
PRESSURE: 114500 -918.114 958.493 817.105 305.658 -709.438 362.668 940.937 383.487 1250.96
GPRESSURE: 114500 -937.108 1064.14 933.145 211.667 -568.229 460.528 777.721 499.343 1221.46
PRESSAVG: 114500 -96.4468 41.6174 -65.9096 -30.4008 -129.922 -181.445 259.534 216.089 644.445
GPRESSAVG: 114500 -98.6751 42.7191 -67.3066 -33.6947 -130.647 -180.424 260.973 219.492 647.385
ENERGY:  114500         0.0000         0.0000         0.0000         0.0000          -5612.8137       394.0374         0.0000         0.0000       954.7664          -4264.0099       303.3209     -5218.7763     -4260.3961       299.2061           -125.5307       -94.6253     22681.3476       139.3586       139.3545

WRITING COORDINATES TO DCD FILE MD.dcd AT STEP 115000
WRITING COORDINATES TO RESTART FILE AT STEP 115000
FINISHED WRITING RESTART COORDINATES
WRITING VELOCITIES TO RESTART FILE AT STEP 115000
FINISHED WRITING RESTART VELOCITIES
PRESSURE: 115000 246.998 97.57 -37.6815 317.656 -418.614 196.563 545.852 262.761 1205.64
GPRESSURE: 115000 348.705 243.948 -152.334 -108.349 -357.47 186.309 713.445 395.304 1103.53
PRESSAVG: 115000 -298.626 152.923 78.2283 250.571 -401.813 14.1488 350.975 120.394 622.3
GPRESSAVG: 115000 -294.784 154.522 78.6604 251.404 -402.712 13.139 351.417 118.13 618.962
TIMING: 115000  CPU: 362.931, 0.00280755/step  Wall: 368.583, 0.00281605/step, 0.144714 hours remaining, 0.407069 MB of memory in use.
PERFORMANCE: 115000  averaging 53.9158 ns/day, 0.003205 sec/step with standard deviation 0.00109633
ETITLE:      TS           BOND          ANGLE          DIHED          IMPRP               ELECT            VDW       BOUNDARY           MISC        KINETIC               TOTAL           TEMP      POTENTIAL         TOTAL3        TEMPAVG            PRESSURE      GPRESSURE         VOLUME       PRESSAVG      GPRESSAVG

ENERGY:  115000         0.0000         0.0000         0.0000         0.0000          -5643.2984       440.9505         0.0000         0.0000       940.8633          -4261.4846       298.9040     -5202.3479     -4258.5226       299.3850            344.6750       364.9208     22681.3476       -26.0466       -26.1780

WRITING EXTENDED SYSTEM TO RESTART FILE AT STEP 115000
PRESSURE: 115500 937.23 485.804 -161.254 368.402 -278.671 -102.015 488.694 263.509 970.813
GPRESSURE: 115500 1137.4 432.722 108.087 321.434 -427.311 -304.451 437.22 472.571 987.495
PRESSAVG: 115500 -314.02 64.2825 55.2616 204.343 -185.271 411.043 377.993 294.761 470.384
GPRESSAVG: 115500 -315.929 63.2678 57.0517 205.654 -184.828 408.221 375.587 296.915 471.69
ENERGY:  115500         0.0000         0.0000         0.0000         0.0000          -5672.0676       457.0277         0.0000         0.0000       960.0267          -4255.0132       304.9921     -5215.0399     -4251.9103       302.0654            543.1242       565.8596     22681.3476        -9.6357        -9.6889

PRESSURE: 116000 861.942 -236.224 -952.586 147.558 -847.43 -372.737 -157.563 107.873 585.826
GPRESSURE: 116000 974.858 -213.464 -1114.29 -35.8105 -1003.28 -379.521 -109.705 -135.073 667.487
PRESSAVG: 116000 -164.309 -87.2411 -43.8278 -112.043 -441.322 -51.2306 350.514 124.076 630.886
GPRESSAVG: 116000 -162.64 -87.93 -44.0306 -112.518 -441.69 -48.8873 351.769 126.276 630.84
ENERGY:  116000         0.0000         0.0000         0.0000         0.0000          -5577.4552       404.0658         0.0000         0.0000       920.6649          -4252.7244       292.4872     -5173.3893     -4251.3732       301.5143            200.1125       213.0213     22681.3476         8.4183         8.8366

LDB: ============= START OF LOAD BALANCING ============== 383.379
LDB: ============== END OF LOAD BALANCING =============== 383.379
Info: useSync: 0 useProxySync: 0
LDB: =============== DONE WITH MIGRATION ================ 383.379
LDB: ============= START OF LOAD BALANCING ============== 383.52
LDB: Largest compute 215 load 0.008039 is 13.3% of average load 0.060291
LDB: Average compute 0.002395 is 4.0% of average load 0.060291
LDB: TIME 383.52 LOAD: AVG 0.0602911 MAX 0.135291  PROXIES: TOTAL 28 MAXPE 3 MAXPATCH 5 None MEM: 0.407069 MB
LDB: TIME 383.521 LOAD: AVG 0.0602911 MAX 0.135291  PROXIES: TOTAL 32 MAXPE 4 MAXPATCH 6 RefineTorusLB MEM: 0.407069 MB
LDB: TIME 383.521 LOAD: AVG 0.0602911 MAX 0.135291  PROXIES: TOTAL 32 MAXPE 4 MAXPATCH 6 RefineTorusLB MEM: 0.407069 MB
LDB: Reverting to original mapping
LDB: ============== END OF LOAD BALANCING =============== 383.521
Info: useSync: 0 useProxySync: 0
LDB: =============== DONE WITH MIGRATION ================ 383.521
PRESSURE: 116500 -711.92 707.788 -59.2394 479.276 -681.369 226.805 165.582 1136.45 383.67
GPRESSURE: 116500 -656.039 759.949 -123.405 367.95 -550.461 307.335 150.119 914.639 267.06
PRESSAVG: 116500 -321.426 76.4429 -57.6565 66.9108 -252.939 -38.4365 321.442 254.886 603.202
GPRESSAVG: 116500 -322.686 77.2151 -56.5433 66.485 -252.201 -37.1108 323.133 251.733 604.831
ENERGY:  116500         0.0000         0.0000         0.0000         0.0000          -5505.8085       332.1240         0.0000         0.0000       941.1233          -4232.5612       298.9866     -5173.6845     -4230.5222       304.8337           -336.5399      -313.1468     22681.3476         9.6124         9.9814

PRESSURE: 117000 -155.206 116.594 -303.574 500.973 597.762 32.96 378.517 112.884 252.119
GPRESSURE: 117000 -135.822 234.218 -403.446 437.932 621.912 2.81923 310.467 259.125 296.219
PRESSAVG: 117000 -93.739 -77.9257 -82.0695 -25.3427 -362.689 -94.4497 180.641 34.3442 737.444
GPRESSAVG: 117000 -93.1276 -78.03 -83.8894 -26.5064 -362.873 -97.0356 178.066 36.2353 737.347
ENERGY:  117000         0.0000         0.0000         0.0000         0.0000          -5683.0582       447.7637         0.0000         0.0000       977.9343          -4257.3602       310.6811     -5235.2945     -4253.4927       300.7321            231.5582       260.7694     22681.3476        93.6722        93.7821

PRESSURE: 117500 -24.3438 -66.6049 -306.295 64.3584 -462.75 -49.9394 -487.706 598.971 1777.68
GPRESSURE: 117500 198.276 -205.891 -445.383 27.572 -526.48 -206.345 -499.173 590.735 1692
PRESSAVG: 117500 -82.6939 -99.5162 83.259 -61.9931 -64.5184 107.86 40.5798 141.842 891.86
GPRESSAVG: 117500 -82.2296 -100.2 84.0308 -59.4972 -63.6216 107.241 38.79 137.553 890.931
ENERGY:  117500         0.0000         0.0000         0.0000         0.0000          -5634.7611       429.3303         0.0000         0.0000       924.6206          -4280.8102       293.7438     -5205.4308     -4279.8358       300.3902            430.1961       454.5976     22681.3476       248.2160       248.3598

PRESSURE: 118000 -341.12 -492.743 -119.959 -492.789 317.272 -126.442 603.398 -66.8789 1449.17
GPRESSURE: 118000 -374.249 -462.363 -408.006 -544.932 343.854 -378.919 552.289 61.2103 1534.41
PRESSAVG: 118000 -318.519 -206.856 67.2063 -178.915 44.7884 -112.661 -21.9512 3.32832 758.558
GPRESSAVG: 118000 -317.151 -207.846 67.1185 -178.491 44.1664 -111.597 -21.6235 7.74404 759.189
ENERGY:  118000         0.0000         0.0000         0.0000         0.0000          -5625.6606       428.6431         0.0000         0.0000       934.0903          -4262.9272       296.7523     -5197.0174     -4261.4399       298.8615            475.1077       501.3376     22681.3476       161.6090       162.0683

LDB: ============= START OF LOAD BALANCING ============== 389.1
LDB: ============== END OF LOAD BALANCING =============== 389.1
Info: useSync: 0 useProxySync: 0
LDB: =============== DONE WITH MIGRATION ================ 389.1
LDB: ============= START OF LOAD BALANCING ============== 389.241
LDB: Largest compute 220 load 0.008157 is 13.6% of average load 0.059789
LDB: Average compute 0.002372 is 4.0% of average load 0.059789
LDB: TIME 389.242 LOAD: AVG 0.059789 MAX 0.134549  PROXIES: TOTAL 28 MAXPE 3 MAXPATCH 5 None MEM: 0.407069 MB
LDB: TIME 389.242 LOAD: AVG 0.059789 MAX 0.134549  PROXIES: TOTAL 32 MAXPE 4 MAXPATCH 6 RefineTorusLB MEM: 0.407069 MB
LDB: TIME 389.242 LOAD: AVG 0.059789 MAX 0.134549  PROXIES: TOTAL 32 MAXPE 4 MAXPATCH 6 RefineTorusLB MEM: 0.407069 MB
LDB: ============== END OF LOAD BALANCING =============== 389.242
Info: useSync: 0 useProxySync: 0
LDB: =============== DONE WITH MIGRATION ================ 389.242
PRESSURE: 118500 73.5078 365.127 -36.4375 130.298 18.7212 310.936 243.471 510.062 634.01
GPRESSURE: 118500 137.614 351.716 46.2188 150.101 128.626 297.417 -201.843 727.367 520.127
PRESSAVG: 118500 -171.757 72.0145 -217.56 -25.9951 -107.933 -61.162 -49.4136 20.7921 366.021
GPRESSAVG: 118500 -173.531 73.4231 -215.389 -26.0663 -107.548 -57.1919 -47.157 19.5347 366.597
ENERGY:  118500         0.0000         0.0000         0.0000         0.0000          -5569.9122       382.5610         0.0000         0.0000       965.9219          -4221.4293       306.8649     -5187.3512     -4217.9217       301.4378            242.0796       262.1225     22681.3476        28.7770        28.5061

PRESSURE: 119000 -1206.96 -43.8767 -80.0149 74.1833 -118.432 -45.4361 386.526 724.137 836.91
GPRESSURE: 119000 -1309.13 184.238 -154.752 34.3041 -90.463 -190.683 265.095 679.019 993.93
PRESSAVG: 119000 -88.6482 69.7326 202.758 96.3284 -107.673 2.38373 285.577 256.976 771.475
GPRESSAVG: 119000 -88.3287 72.2932 202.574 94.1193 -106.966 -0.628954 288.263 253.929 770.846
ENERGY:  119000         0.0000         0.0000         0.0000         0.0000          -5568.3131       376.6272         0.0000         0.0000       939.7238          -4251.9620       298.5420     -5191.6859     -4249.5889       304.9051           -162.8259      -135.2220     22681.3476       191.7180       191.8506

PRESSURE: 119500 -797.713 -281.999 466.853 51.5917 474.619 -550.648 587.144 -392.872 984.169
GPRESSURE: 119500 -727.156 -171.297 349.819 -266.095 490.808 -218.547 615.144 -634.94 921.923
PRESSAVG: 119500 -134.393 -139.417 59.2198 -130.995 -369.387 157.531 158.815 215.819 1028.51
GPRESSAVG: 119500 -133.417 -141.309 58.5213 -130.152 -371.453 156.621 156.616 214.921 1029.17
ENERGY:  119500         0.0000         0.0000         0.0000         0.0000          -5598.3662       405.8296         0.0000         0.0000       935.3705          -4257.1661       297.1590     -5192.5366     -4254.9269       302.4958            220.3581       228.5249     22681.3476       174.9092       174.7657

WRITING COORDINATES TO DCD FILE MD.dcd AT STEP 120000
WRITING COORDINATES TO RESTART FILE AT STEP 120000
FINISHED WRITING RESTART COORDINATES
WRITING VELOCITIES TO RESTART FILE AT STEP 120000
FINISHED WRITING RESTART VELOCITIES
PRESSURE: 120000 -1073.12 -195.051 637.271 -249.816 -694.047 124.308 57.4815 289.07 1088.61
GPRESSURE: 120000 -1132.29 -108.35 864.646 -162.231 -663.732 435.926 107.864 209.644 1138.81
PRESSAVG: 120000 -134.778 168.941 -20.3384 -21.8504 -126.877 78.9814 122.878 397.933 1178.59
GPRESSAVG: 120000 -135.471 167.747 -20.401 -21.2324 -124.674 76.5757 122.139 403.456 1177.81
TIMING: 120000  CPU: 377.174, 0.00284866/step  Wall: 382.86, 0.00285524/step, 0.142762 hours remaining, 0.407069 MB of memory in use.
PERFORMANCE: 120000  averaging 54.162 ns/day, 0.00319043 sec/step with standard deviation 0.00107461
ETITLE:      TS           BOND          ANGLE          DIHED          IMPRP               ELECT            VDW       BOUNDARY           MISC        KINETIC               TOTAL           TEMP      POTENTIAL         TOTAL3        TEMPAVG            PRESSURE      GPRESSURE         VOLUME       PRESSAVG      GPRESSAVG

ENERGY:  120000         0.0000         0.0000         0.0000         0.0000          -5589.4181       384.2760         0.0000         0.0000       932.4682          -4272.6739       296.2370     -5205.1421     -4270.0511       303.7699           -226.1851      -219.0733     22681.3476       305.6437       305.8882

WRITING EXTENDED SYSTEM TO RESTART FILE AT STEP 120000
LDB: ============= START OF LOAD BALANCING ============== 394.785
LDB: ============== END OF LOAD BALANCING =============== 394.785
Info: useSync: 0 useProxySync: 0
LDB: =============== DONE WITH MIGRATION ================ 394.785
LDB: ============= START OF LOAD BALANCING ============== 394.927
LDB: Largest compute 16 load 0.008591 is 14.3% of average load 0.060033
LDB: Average compute 0.002395 is 4.0% of average load 0.060033
LDB: TIME 394.927 LOAD: AVG 0.0600333 MAX 0.135792  PROXIES: TOTAL 28 MAXPE 3 MAXPATCH 5 None MEM: 0.407069 MB
LDB: TIME 394.927 LOAD: AVG 0.0600333 MAX 0.135792  PROXIES: TOTAL 32 MAXPE 4 MAXPATCH 6 RefineTorusLB MEM: 0.407069 MB
LDB: TIME 394.927 LOAD: AVG 0.0600333 MAX 0.135792  PROXIES: TOTAL 32 MAXPE 4 MAXPATCH 6 RefineTorusLB MEM: 0.407069 MB
LDB: ============== END OF LOAD BALANCING =============== 394.928
Info: useSync: 0 useProxySync: 0
LDB: =============== DONE WITH MIGRATION ================ 394.928
PRESSURE: 120500 576.103 -60.5635 217.862 -486.495 -696.893 532.478 10.6135 537.757 1531.53
GPRESSURE: 120500 598.104 -175.712 -44.7898 -174.556 -607.664 660.919 116.175 103.818 1465.79
PRESSAVG: 120500 -602.038 42.3755 70.7304 -14.1543 -514.642 -77.1617 104.815 -87.3432 453.303
GPRESSAVG: 120500 -603.386 42.1738 70.2733 -12.4247 -514.756 -75.8715 106.752 -93.5789 453.914
ENERGY:  120500         0.0000         0.0000         0.0000         0.0000          -5592.5470       416.8100         0.0000         0.0000       906.9789          -4268.7580       288.1392     -5175.7370     -4267.5523       302.3916            470.2455       485.4088     22681.3476      -221.1260      -221.4095

PRESSURE: 121000 -1166.57 -445.407 542.43 -407.308 -216.944 -540.571 483.333 -75.4361 1197.37
GPRESSURE: 121000 -989.283 -266.424 722.329 -736.217 -417.244 -571.269 404.742 172.086 1273.34
PRESSAVG: 121000 -578.897 -79.7398 77.4411 -110.855 -270.363 85.5847 194.824 221.664 744.385
GPRESSAVG: 121000 -578.998 -77.9106 78.9066 -116.005 -268.631 86.5198 194.015 223.982 742.504
ENERGY:  121000         0.0000         0.0000         0.0000         0.0000          -5582.1977       380.3402         0.0000         0.0000       907.6613          -4294.1962       288.3560     -5201.8575     -4291.7247       292.8348            -62.0503       -44.3960     22681.3476       -34.9583       -35.0414

PRESSURE: 121500 -22.4151 -316.728 -125.326 -205.513 234.528 158.646 30.5453 452.397 711.056
GPRESSURE: 121500 209.507 -382.399 -417.784 -73.999 171.328 -250.497 -132.581 624.695 603.492
PRESSAVG: 121500 -169.506 74.9868 146.938 121.738 -100.497 -103.647 403.817 139.65 991.772
GPRESSAVG: 121500 -166.786 72.4941 146.876 124.003 -103.385 -102.915 403.276 138.155 991.933
ENERGY:  121500         0.0000         0.0000         0.0000         0.0000          -5591.6556       410.8508         0.0000         0.0000       946.5602          -4234.2447       300.7139     -5180.8049     -4231.4220       298.0704            307.7231       328.1091     22681.3476       240.5898       240.5875

PRESSURE: 122000 -630.808 -107.69 -559.238 -260.404 -16.3122 486.942 -631.167 615.125 243.038
GPRESSURE: 122000 -529.451 -325.329 -373.81 -256.49 47.7471 518.897 -895.495 661.252 166.503
PRESSAVG: 122000 -213.718 35.7622 -29.7729 11.0839 -299.674 16.3699 184.28 131.044 676.707
GPRESSAVG: 122000 -215.627 36.6455 -30.6244 13.4258 -297.351 14.5673 183.734 133.638 676.717
ENERGY:  122000         0.0000         0.0000         0.0000         0.0000          -5583.4472       379.3951         0.0000         0.0000       941.1184          -4262.9337       298.9850     -5204.0521     -4260.2299       298.8664           -134.6939      -105.0668     22681.3476        54.4384        54.5796

LDB: ============= START OF LOAD BALANCING ============== 400.491
LDB: ============== END OF LOAD BALANCING =============== 400.491
Info: useSync: 0 useProxySync: 0
LDB: =============== DONE WITH MIGRATION ================ 400.491
LDB: ============= START OF LOAD BALANCING ============== 400.633
LDB: Largest compute 223 load 0.008285 is 13.8% of average load 0.059822
LDB: Average compute 0.002384 is 4.0% of average load 0.059822
LDB: TIME 400.633 LOAD: AVG 0.059822 MAX 0.135278  PROXIES: TOTAL 28 MAXPE 3 MAXPATCH 5 None MEM: 0.407069 MB
LDB: TIME 400.633 LOAD: AVG 0.059822 MAX 0.135278  PROXIES: TOTAL 32 MAXPE 4 MAXPATCH 6 RefineTorusLB MEM: 0.407069 MB
LDB: TIME 400.633 LOAD: AVG 0.059822 MAX 0.135278  PROXIES: TOTAL 32 MAXPE 4 MAXPATCH 6 RefineTorusLB MEM: 0.407069 MB
LDB: ============== END OF LOAD BALANCING =============== 400.633
Info: useSync: 0 useProxySync: 0
LDB: =============== DONE WITH MIGRATION ================ 400.633
PRESSURE: 122500 -857.082 -535.493 -194.66 -495.712 -1.18832 266.464 -83.2612 142.204 -494.497
GPRESSURE: 122500 -833.663 -480.533 -521.815 -260.646 37.7029 321.099 90.1869 -243.616 -500.555
PRESSAVG: 122500 -366.628 176.66 -8.29127 150.005 -460.491 214.749 -115.13 164.376 727.602
GPRESSAVG: 122500 -366.695 180.66 -7.43724 148.019 -460.686 215.753 -115.665 161.362 727.581
ENERGY:  122500         0.0000         0.0000         0.0000         0.0000          -5572.7975       376.5336         0.0000         0.0000       934.2324          -4262.0315       296.7974     -5196.2639     -4259.4566       297.9069           -450.9226      -432.1717     22681.3476       -33.1722       -33.2667

PRESSURE: 123000 -557.423 -453.312 -482.44 -199.379 594.003 -288.932 -562.262 -130.462 -414.827
GPRESSURE: 123000 -683.695 -519.853 -447.108 60.4425 590.137 -291.131 -665.488 -148.4 -270.652
PRESSAVG: 123000 -433.648 -136.244 -74.7735 -57.2341 -52.7817 -71.4531 41.2649 52.8716 517.194
GPRESSAVG: 123000 -434.109 -137.969 -76.6555 -54.9151 -50.0879 -70.2093 42.5431 55.6738 516.179
ENERGY:  123000         0.0000         0.0000         0.0000         0.0000          -5562.0799       376.1486         0.0000         0.0000       973.5824          -4212.3489       309.2986     -5185.9312     -4209.0666       300.7515           -126.0824      -121.4035     22681.3476        10.2547        10.6609

PRESSURE: 123500 431.976 -193.889 341.309 -183.342 219.32 -872.779 381.843 -734.186 359.706
GPRESSURE: 123500 495.043 -263.187 359.903 -222.779 144.663 -1310.24 232.228 -506.88 407.647
PRESSAVG: 123500 -247.765 26.3811 -3.15476 55.6609 -167.784 -158.098 216.006 -52.5227 592.551
GPRESSAVG: 123500 -249.897 26.1208 -2.62898 57.1265 -167.041 -159.551 216.64 -56.1214 593.576
ENERGY:  123500         0.0000         0.0000         0.0000         0.0000          -5673.9716       429.0030         0.0000         0.0000       959.3506          -4285.6180       304.7773     -5244.9686     -4281.9040       300.6479            337.0007       349.1177     22681.3476        59.0007        58.8791

PRESSURE: 124000 210 362.888 125.347 167.546 -98.6829 -233.808 -138.163 488.446 1028.26
GPRESSURE: 124000 242.65 615.9 73.502 482.194 -180.431 169.971 36.2984 119.114 1144.67
PRESSAVG: 124000 -503.715 -4.61527 248.518 -77.8829 -193.833 -55.1726 294.349 172.046 848.985
GPRESSAVG: 124000 -502.178 -2.2037 247.119 -81.4555 -196.887 -56.0479 293.224 173.302 849.726
ENERGY:  124000         0.0000         0.0000         0.0000         0.0000          -5627.9950       426.3694         0.0000         0.0000       948.4854          -4253.1402       301.3255     -5201.6256     -4251.5715       300.3532            379.8589       402.2960     22681.3476        50.4789        50.2204

LDB: ============= START OF LOAD BALANCING ============== 406.162
LDB: ============== END OF LOAD BALANCING =============== 406.162
Info: useSync: 0 useProxySync: 0
LDB: =============== DONE WITH MIGRATION ================ 406.162
LDB: ============= START OF LOAD BALANCING ============== 406.303
LDB: Largest compute 223 load 0.008039 is 13.4% of average load 0.059968
LDB: Average compute 0.002392 is 4.0% of average load 0.059968
LDB: TIME 406.303 LOAD: AVG 0.0599683 MAX 0.135305  PROXIES: TOTAL 28 MAXPE 3 MAXPATCH 5 None MEM: 0.407069 MB
LDB: TIME 406.303 LOAD: AVG 0.0599683 MAX 0.135305  PROXIES: TOTAL 32 MAXPE 4 MAXPATCH 6 RefineTorusLB MEM: 0.407069 MB
LDB: TIME 406.303 LOAD: AVG 0.0599683 MAX 0.135305  PROXIES: TOTAL 32 MAXPE 4 MAXPATCH 6 RefineTorusLB MEM: 0.407069 MB
LDB: ============== END OF LOAD BALANCING =============== 406.303
Info: useSync: 0 useProxySync: 0
LDB: =============== DONE WITH MIGRATION ================ 406.304
PRESSURE: 124500 -391.755 435.8 -789.721 869.907 -127.938 -470.127 -600.524 -387.937 878.936
GPRESSURE: 124500 -313.043 662.019 -778.154 863.113 -223.52 -613.799 -660.177 -559.556 939.507
PRESSAVG: 124500 -189.515 -69.551 75.2651 55.5701 -152.585 -110.352 245.852 -43.1871 1000.46
GPRESSAVG: 124500 -191.333 -71.6038 75.8578 54.7003 -150.692 -109.328 245.584 -43.8145 999.571
ENERGY:  124500         0.0000         0.0000         0.0000         0.0000          -5615.5200       407.0600         0.0000         0.0000       985.1248          -4223.3351       312.9655     -5208.4599     -4220.9385       303.3880            119.7477       134.3147     22681.3476       219.4527       219.1820

WRITING COORDINATES TO DCD FILE MD.dcd AT STEP 125000
WRITING COORDINATES TO RESTART FILE AT STEP 125000
FINISHED WRITING RESTART COORDINATES
WRITING VELOCITIES TO RESTART FILE AT STEP 125000
FINISHED WRITING RESTART VELOCITIES
PRESSURE: 125000 -663.21 -55.9616 -65.8777 235.846 -233.679 -69.9374 -546.946 -347.653 432.049
GPRESSURE: 125000 -749.686 140.498 -156.94 96.7575 -86.8722 -131.459 -507.738 -297.615 453.15
PRESSAVG: 125000 -229.967 -150.561 -117.776 -102.583 -205.381 194.21 -178.482 203.073 836.191
GPRESSAVG: 125000 -229.113 -152.862 -114.624 -100.494 -204.453 188.59 -179.077 207.26 835.17
TIMING: 125000  CPU: 391.344, 0.00283399/step  Wall: 397.095, 0.00284698/step, 0.138395 hours remaining, 0.407069 MB of memory in use.
PERFORMANCE: 125000  averaging 54.3963 ns/day, 0.00317669 sec/step with standard deviation 0.00105422
ETITLE:      TS           BOND          ANGLE          DIHED          IMPRP               ELECT            VDW       BOUNDARY           MISC        KINETIC               TOTAL           TEMP      POTENTIAL         TOTAL3        TEMPAVG            PRESSURE      GPRESSURE         VOLUME       PRESSAVG      GPRESSAVG

ENERGY:  125000         0.0000         0.0000         0.0000         0.0000          -5577.6566       381.9053         0.0000         0.0000       943.0660          -4252.6853       299.6038     -5195.7513     -4250.1948       303.5116           -154.9468      -127.8026     22681.3476       133.6143       133.8680

WRITING EXTENDED SYSTEM TO RESTART FILE AT STEP 125000
PRESSURE: 125500 265.774 335.528 -176.898 528.244 341.425 111.053 587.163 843.919 823.404
GPRESSURE: 125500 231.793 292.656 -256.255 649.973 430.143 -280.036 734.463 1018.11 795.703
PRESSAVG: 125500 -406.851 -98.8829 -13.7105 -71.3644 -306.483 -49.087 -43.3058 -20.1279 1107.55
GPRESSAVG: 125500 -404.007 -96.7683 -15.1583 -74.4774 -308.712 -43.469 -44.0794 -26.8399 1108.88
ENERGY:  125500         0.0000         0.0000         0.0000         0.0000          -5682.0385       441.2538         0.0000         0.0000       959.5104          -4281.2743       304.8280     -5240.7847     -4278.2159       299.1452            476.8677       485.8798     22681.3476       131.4050       132.0520

PRESSURE: 126000 -423.907 -107.363 117.384 -257.436 -685.864 -226.218 252.467 -278.253 1147.76
GPRESSURE: 126000 -436.233 44.7153 -223.723 -647.869 -664.672 -113.113 355.098 -411.565 1213.09
PRESSAVG: 126000 -405.955 113.755 -198.604 170.663 -46.7396 -172.04 -33.7037 41.9282 840.085
GPRESSAVG: 126000 -405.918 112.431 -202.02 172.01 -46.5448 -174.74 -34.4554 43.4792 839.634
ENERGY:  126000         0.0000         0.0000         0.0000         0.0000          -5659.0757       415.0524         0.0000         0.0000       949.8665          -4294.1569       301.7643     -5244.0234     -4292.7575       297.7694             12.6630        37.3962     22681.3476       129.1300       129.0570

LDB: ============= START OF LOAD BALANCING ============== 411.916
LDB: ============== END OF LOAD BALANCING =============== 411.916
Info: useSync: 0 useProxySync: 0
LDB: =============== DONE WITH MIGRATION ================ 411.916
LDB: ============= START OF LOAD BALANCING ============== 412.057
LDB: Largest compute 16 load 0.008286 is 13.8% of average load 0.059937
LDB: Average compute 0.002391 is 4.0% of average load 0.059937
LDB: TIME 412.058 LOAD: AVG 0.0599372 MAX 0.135604  PROXIES: TOTAL 28 MAXPE 3 MAXPATCH 5 None MEM: 0.407069 MB
LDB: TIME 412.058 LOAD: AVG 0.0599372 MAX 0.135604  PROXIES: TOTAL 32 MAXPE 4 MAXPATCH 6 RefineTorusLB MEM: 0.407069 MB
LDB: TIME 412.058 LOAD: AVG 0.0599372 MAX 0.135604  PROXIES: TOTAL 32 MAXPE 4 MAXPATCH 6 RefineTorusLB MEM: 0.407069 MB
LDB: Reverting to original mapping
LDB: ============== END OF LOAD BALANCING =============== 412.065
Info: useSync: 0 useProxySync: 0
LDB: =============== DONE WITH MIGRATION ================ 412.066
PRESSURE: 126500 -412.939 -166.382 -396.399 -464.938 -350.08 -423.36 234.018 406.494 432.142
GPRESSURE: 126500 -473.605 214.441 -338.826 -309.026 -203.496 -580.963 358.472 648.387 419.873
PRESSAVG: 126500 -544.122 28.4352 -220.059 58.2297 -380.574 -135.668 52.9087 40.9983 302.192
GPRESSAVG: 126500 -545.854 30.2081 -222.111 57.4031 -378.689 -135.533 54.1455 40.4119 302.803
ENERGY:  126500         0.0000         0.0000         0.0000         0.0000          -5602.1405       383.0208         0.0000         0.0000       943.7132          -4275.4065       299.8094     -5219.1197     -4274.2145       298.8634           -110.2924       -85.7426     22681.3476      -207.5013      -207.2466

PRESSURE: 127000 -18.0686 252.087 498.622 689.58 -553.75 157.015 708.967 410.465 60.1918
GPRESSURE: 127000 -39.4699 339.861 432.853 779.9 -468.33 148.518 1023.78 452.55 86.089
PRESSAVG: 127000 -327.774 103.866 0.729926 168.161 -347.099 -59.8425 261.322 163.66 161.485
GPRESSAVG: 127000 -327.346 102.168 7.09732 171.474 -349.546 -55.0423 258.299 162.243 162.352
ENERGY:  127000         0.0000         0.0000         0.0000         0.0000          -5613.0472       393.7647         0.0000         0.0000       946.0016          -4273.2809       300.5364     -5219.2826     -4270.4371       299.8332           -170.5423      -140.5703     22681.3476      -171.1296      -171.5135

PRESSURE: 127500 -1125.95 557.303 279.792 436.212 -152.578 614.425 258.609 836.951 292.228
GPRESSURE: 127500 -1228.16 514.213 114.87 217.67 -197.596 553.404 574.895 468.389 520.881
PRESSAVG: 127500 -259.74 130.641 192.885 195.647 -7.51649 -196.646 157.584 18.9387 786.927
GPRESSAVG: 127500 -260.029 132.948 193.859 192.691 -5.89235 -196.722 159.371 20.4695 784.355
ENERGY:  127500         0.0000         0.0000         0.0000         0.0000          -5598.0251       368.8594         0.0000         0.0000       919.0040          -4310.1617       291.9595     -5229.1657     -4308.6458       297.5661           -328.7678      -301.6252     22681.3476       173.2235       172.8110

PRESSURE: 128000 -1203.76 492.903 42.694 418.309 -898.701 -12.0483 276.069 73.772 340.395
GPRESSURE: 128000 -1077.46 616.525 -123.086 157.718 -1016.47 -270.04 149.125 219.969 389.618
PRESSAVG: 128000 -184.639 189.197 147.467 59.0131 -49.0624 120.258 403.349 420.076 684.75
GPRESSAVG: 128000 -184.739 185.7 142.61 58.0154 -48.4922 115.219 406.778 421.142 684.359
ENERGY:  128000         0.0000         0.0000         0.0000         0.0000          -5626.3813       362.5363         0.0000         0.0000       926.5915          -4337.2534       294.3700     -5263.8450     -4333.9906       292.9469           -587.3560      -568.1048     22681.3476       150.3497       150.3762

LDB: ============= START OF LOAD BALANCING ============== 417.697
LDB: ============== END OF LOAD BALANCING =============== 417.698
Info: useSync: 0 useProxySync: 0
LDB: =============== DONE WITH MIGRATION ================ 417.698
LDB: ============= START OF LOAD BALANCING ============== 417.839
LDB: Largest compute 17 load 0.008213 is 13.7% of average load 0.059901
LDB: Average compute 0.002390 is 4.0% of average load 0.059901
LDB: TIME 417.839 LOAD: AVG 0.0599008 MAX 0.135382  PROXIES: TOTAL 28 MAXPE 3 MAXPATCH 5 None MEM: 0.407069 MB
LDB: TIME 417.839 LOAD: AVG 0.0599008 MAX 0.135382  PROXIES: TOTAL 32 MAXPE 4 MAXPATCH 6 RefineTorusLB MEM: 0.407069 MB
LDB: TIME 417.839 LOAD: AVG 0.0599008 MAX 0.135382  PROXIES: TOTAL 32 MAXPE 4 MAXPATCH 6 RefineTorusLB MEM: 0.407069 MB
LDB: ============== END OF LOAD BALANCING =============== 417.839
Info: useSync: 0 useProxySync: 0
LDB: =============== DONE WITH MIGRATION ================ 417.84
PRESSURE: 128500 164.014 -41.0562 113.632 22.3931 -861.491 6.70938 38.7187 -42.9529 1737.56
GPRESSURE: 128500 254.093 -76.2083 -117.128 181.069 -661.666 29.7855 419.393 -24.4752 1519.16
PRESSAVG: 128500 -610.328 158.926 -140.038 118.952 -683.635 157.128 107.353 336.23 299.139
GPRESSAVG: 128500 -612.629 162.042 -137.051 119.996 -684.366 161.331 105.37 334.21 301.349
ENERGY:  128500         0.0000         0.0000         0.0000         0.0000          -5616.6658       419.3234         0.0000         0.0000       925.8167          -4271.5257       294.1238     -5197.3424     -4269.8420       288.9134            346.6958       370.5289     22681.3476      -331.6080      -331.8819

PRESSURE: 129000 176.727 -194.519 -247.892 54.214 -78.436 -227.241 -535.765 -344.376 1602.23
GPRESSURE: 129000 35.9482 -427.732 -303.159 114.202 -0.549593 -342.084 -325.968 -346.894 1704.07
PRESSAVG: 129000 -400.055 72.7661 172.219 147.388 -162.196 -3.43269 195.019 120.01 712.875
GPRESSAVG: 129000 -397.41 70.8628 167.669 146.22 -163.633 -3.19186 199.294 120.01 711.934
ENERGY:  129000         0.0000         0.0000         0.0000         0.0000          -5678.7514       438.1840         0.0000         0.0000       987.4216          -4253.1458       313.6952     -5240.5674     -4252.5450       298.4443            566.8409       579.8243     22681.3476        50.2079        50.2970

PRESSURE: 129500 -643.818 164.522 273.529 -230.106 -99.8006 -380.904 589.903 -88.2273 1449.92
GPRESSURE: 129500 -496.345 207.832 695.008 -438.857 -311.661 -320.833 382.072 -201.156 1547.07
PRESSAVG: 129500 -162.192 13.324 23.4629 -33.8332 -156.058 -10.6186 328.79 -26.933 1103.63
GPRESSAVG: 129500 -164.719 12.6059 25.9903 -32.1611 -155.024 -15.9575 323.925 -24.9385 1105.31
ENERGY:  129500         0.0000         0.0000         0.0000         0.0000          -5598.7273       411.5648         0.0000         0.0000       947.2440          -4239.9185       300.9311     -5187.1625     -4237.3302       304.8990            235.4333       246.3548     22681.3476       261.7928       261.8550

PRESSURE: 130000 -144.356 -259.678 171.027 264.031 402.591 165.088 -289.608 -15.7684 469.69
GPRESSURE: 130000 -85.1707 -184.066 223.008 51.5868 479.709 -242.617 -470.486 -104.117 337.818
PRESSAVG: 130000 -582.448 126.614 32.551 126.669 -226.981 56.6894 -52.1931 -146.606 858.583
GPRESSAVG: 130000 -580.209 127.651 31.5307 127.974 -227.799 57.3463 -53.37 -148.927 856.676
TIMING: 130000  CPU: 405.642, 0.00285949/step  Wall: 411.458, 0.00287261/step, 0.135651 hours remaining, 0.407069 MB of memory in use.
PERFORMANCE: 130000  averaging 54.5973 ns/day, 0.00316499 sec/step with standard deviation 0.00103464
ETITLE:      TS           BOND          ANGLE          DIHED          IMPRP               ELECT            VDW       BOUNDARY           MISC        KINETIC               TOTAL           TEMP      POTENTIAL         TOTAL3        TEMPAVG            PRESSURE      GPRESSURE         VOLUME       PRESSAVG      GPRESSAVG

ENERGY:  130000         0.0000         0.0000         0.0000         0.0000          -5603.5447       401.6961         0.0000         0.0000       947.6700          -4254.1787       301.0664     -5201.8486     -4250.0520       296.7365            242.6417       244.1187     22681.3476        16.3846        16.2226

WRITING EXTENDED SYSTEM TO RESTART FILE AT STEP 130000
WRITING COORDINATES TO DCD FILE MD.dcd AT STEP 130000
WRITING COORDINATES TO RESTART FILE AT STEP 130000
FINISHED WRITING RESTART COORDINATES
WRITING VELOCITIES TO RESTART FILE AT STEP 130000
FINISHED WRITING RESTART VELOCITIES
LDB: ============= START OF LOAD BALANCING ============== 423.391
LDB: ============== END OF LOAD BALANCING =============== 423.392
Info: useSync: 0 useProxySync: 0
LDB: =============== DONE WITH MIGRATION ================ 423.392
LDB: ============= START OF LOAD BALANCING ============== 423.533
LDB: Largest compute 16 load 0.008609 is 14.4% of average load 0.059880
LDB: Average compute 0.002389 is 4.0% of average load 0.059880
LDB: TIME 423.533 LOAD: AVG 0.0598797 MAX 0.13503  PROXIES: TOTAL 28 MAXPE 3 MAXPATCH 5 None MEM: 0.407069 MB
LDB: TIME 423.533 LOAD: AVG 0.0598797 MAX 0.13503  PROXIES: TOTAL 32 MAXPE 4 MAXPATCH 6 RefineTorusLB MEM: 0.407069 MB
LDB: TIME 423.533 LOAD: AVG 0.0598797 MAX 0.13503  PROXIES: TOTAL 32 MAXPE 4 MAXPATCH 6 RefineTorusLB MEM: 0.407069 MB
LDB: Reverting to original mapping
LDB: ============== END OF LOAD BALANCING =============== 423.533
Info: useSync: 0 useProxySync: 0
LDB: =============== DONE WITH MIGRATION ================ 423.534
PRESSURE: 130500 527.453 151.253 332.429 -158.709 -79.7651 7.06446 387.056 -446.64 1381.81
GPRESSURE: 130500 728.34 -53.5976 396.442 -103.879 11.3516 161.036 287.149 -578.642 1146.84
PRESSAVG: 130500 -94.4525 -12.7935 23.7881 153.66 -365.854 72.4675 266.028 155.494 835.398
GPRESSAVG: 130500 -95.665 -13.0777 27.5837 152.31 -366.038 71.8695 263.961 157.812 836.424
ENERGY:  130500         0.0000         0.0000         0.0000         0.0000          -5603.3695       435.3723         0.0000         0.0000       936.5977          -4231.3995       297.5489     -5167.9972     -4229.6131       298.1491            609.8321       628.8434     22681.3476       125.0304       124.9068

PRESSURE: 131000 -747.889 -152.094 -218.602 -240.113 -896.614 -47.6019 -441.475 319.229 -407.69
GPRESSURE: 131000 -650.761 137.888 -228.058 -407.794 -790.02 -115.397 -384.002 356.532 -539.997
PRESSAVG: 131000 -414.562 -8.60844 6.53763 -24.5037 -492.963 279.567 -41.0739 296.555 520.318
GPRESSAVG: 131000 -415.375 -6.47524 3.30048 -24.2239 -491.937 280.244 -37.9317 298.141 520.079
ENERGY:  131000         0.0000         0.0000         0.0000         0.0000          -5549.5859       330.1145         0.0000         0.0000       985.9916          -4233.4797       313.2409     -5219.4714     -4230.5374       301.1784           -684.0641      -660.2596     22681.3476      -129.0691      -129.0776

PRESSURE: 131500 -112.162 707.406 421.079 582.489 -950.625 -156.694 258.124 294.382 56.9966
GPRESSURE: 131500 -121.975 548.368 236.781 668.454 -756.52 25.2675 158.058 78.7221 -34.8457
PRESSAVG: 131500 -363.738 -15.599 -170.322 -139.327 -449.927 89.1676 347.827 416.781 711.708
GPRESSAVG: 131500 -363.781 -17.659 -168.306 -140.811 -450.58 92.2398 346.443 411.96 712.351
ENERGY:  131500         0.0000         0.0000         0.0000         0.0000          -5555.1884       355.7584         0.0000         0.0000       988.6602          -4210.7698       314.0887     -5199.4300     -4208.3302       305.6448           -335.2632      -304.4470     22681.3476       -33.9857       -34.0030

PRESSURE: 132000 -651.8 687.377 332.442 416.215 287.132 294.759 -264.042 840.584 613.467
GPRESSURE: 132000 -693.05 648.073 232.299 686.955 321.1 51.0508 -74.3359 917.877 721.705
PRESSAVG: 132000 -280.161 121.357 -106.064 124.919 -239.693 127.455 303.117 333.573 526.368
GPRESSAVG: 132000 -278.14 122.26 -106.548 127.55 -238.786 126.544 303.289 333.967 524.838
ENERGY:  132000         0.0000         0.0000         0.0000         0.0000          -5540.4594       386.7737         0.0000         0.0000       917.5071          -4236.1785       291.4840     -5153.6857     -4234.3659       304.7846             82.9330       116.5851     22681.3476         2.1713         2.6371

LDB: ============= START OF LOAD BALANCING ============== 429.093
LDB: ============== END OF LOAD BALANCING =============== 429.093
Info: useSync: 0 useProxySync: 0
LDB: =============== DONE WITH MIGRATION ================ 429.093
LDB: ============= START OF LOAD BALANCING ============== 429.235
LDB: Largest compute 223 load 0.008772 is 14.6% of average load 0.060194
LDB: Average compute 0.002402 is 4.0% of average load 0.060194
LDB: TIME 429.235 LOAD: AVG 0.060194 MAX 0.135286  PROXIES: TOTAL 28 MAXPE 3 MAXPATCH 5 None MEM: 0.407069 MB
LDB: TIME 429.235 LOAD: AVG 0.060194 MAX 0.135286  PROXIES: TOTAL 32 MAXPE 4 MAXPATCH 6 RefineTorusLB MEM: 0.407069 MB
LDB: TIME 429.235 LOAD: AVG 0.060194 MAX 0.135286  PROXIES: TOTAL 32 MAXPE 4 MAXPATCH 6 RefineTorusLB MEM: 0.407069 MB
LDB: Reverting to original mapping
LDB: ============== END OF LOAD BALANCING =============== 429.235
Info: useSync: 0 useProxySync: 0
LDB: =============== DONE WITH MIGRATION ================ 429.235
PRESSURE: 132500 239.122 240.36 87.8475 301.04 -274.581 -317.523 -147.194 -199.833 862.19
GPRESSURE: 132500 155.696 103.234 53.4302 170.242 -177.782 -182.75 -232.693 -161.41 888.263
PRESSAVG: 132500 -239.101 -77.0304 3.18248 -214.645 -265.747 -77.3676 175.227 71.5204 321.413
GPRESSAVG: 132500 -240.998 -77.2963 0.811743 -217.822 -266.593 -77.9278 173.464 72.8994 323.744
ENERGY:  132500         0.0000         0.0000         0.0000         0.0000          -5645.7643       445.4250         0.0000         0.0000       909.1546          -4291.1847       288.8304     -5200.3393     -4290.1252       297.4079            275.5770       288.7259     22681.3476       -61.1446       -61.2823

PRESSURE: 133000 867.759 -774.473 489.106 -193.367 -320.667 -57.9623 719.515 837.632 1600.4
GPRESSURE: 133000 1001.63 -1071 608.919 -126.023 -327.658 -168.386 752.498 668.296 1508.67
PRESSAVG: 133000 -340.962 -106.91 158.15 -28.8103 -316.141 157.022 358.382 248.237 1014.84
GPRESSAVG: 133000 -342.422 -104.345 161.522 -28.417 -315.244 158.286 355.686 247.379 1013.78
ENERGY:  133000         0.0000         0.0000         0.0000         0.0000          -5644.3730       436.2642         0.0000         0.0000       922.8243          -4285.2844       293.1732     -5208.1087     -4284.0902       294.4816            715.8298       727.5473     22681.3476       119.2439       118.7043

PRESSURE: 133500 311.525 205.031 414.242 -413.741 -472.626 45.4975 895.951 288.666 555.997
GPRESSURE: 133500 563.228 -57.6912 538.851 -181.482 -534.297 -290.358 935.735 448.882 414.55
PRESSAVG: 133500 -11.3022 24.4875 64.9068 -75.3282 -119.666 -77.8994 289.792 252.446 703.946
GPRESSAVG: 133500 -9.37943 23.3285 61.5384 -74.4254 -121.369 -77.2121 293.679 252.952 704.284
ENERGY:  133500         0.0000         0.0000         0.0000         0.0000          -5640.2849       418.0214         0.0000         0.0000       898.7567          -4323.5067       285.5271     -5222.2634     -4321.1132       296.2315            131.6319       147.8269     22681.3476       190.9926       191.1786

PRESSURE: 134000 355.358 546.766 871.084 810.622 -226.871 202.813 922.765 671.139 1802.17
GPRESSURE: 134000 372.976 631.918 754.645 630.567 -215.39 367.516 700.101 541.53 1802.72
PRESSAVG: 134000 -581.476 148.287 29.861 137.829 -325.023 64.0066 81.091 253.814 613.592
GPRESSAVG: 134000 -583.852 148.401 28.4444 135.599 -322.099 60.9705 82.5594 253.328 612.816
ENERGY:  134000         0.0000         0.0000         0.0000         0.0000          -5601.7857       411.7841         0.0000         0.0000       899.4014          -4290.6002       285.7319     -5190.0016     -4286.9535       295.9397            643.5511       653.4346     22681.3476       -97.6358       -97.7116

LDB: ============= START OF LOAD BALANCING ============== 434.773
LDB: ============== END OF LOAD BALANCING =============== 434.774
Info: useSync: 0 useProxySync: 0
LDB: =============== DONE WITH MIGRATION ================ 434.784
LDB: ============= START OF LOAD BALANCING ============== 434.926
LDB: Largest compute 223 load 0.008764 is 14.6% of average load 0.060034
LDB: Average compute 0.002394 is 4.0% of average load 0.060034
LDB: TIME 434.926 LOAD: AVG 0.0600344 MAX 0.135569  PROXIES: TOTAL 28 MAXPE 3 MAXPATCH 5 None MEM: 0.407069 MB
LDB: TIME 434.926 LOAD: AVG 0.0600344 MAX 0.135569  PROXIES: TOTAL 32 MAXPE 4 MAXPATCH 6 RefineTorusLB MEM: 0.407069 MB
LDB: TIME 434.926 LOAD: AVG 0.0600344 MAX 0.135569  PROXIES: TOTAL 32 MAXPE 4 MAXPATCH 6 RefineTorusLB MEM: 0.407069 MB
LDB: Reverting to original mapping
LDB: ============== END OF LOAD BALANCING =============== 434.926
Info: useSync: 0 useProxySync: 0
LDB: =============== DONE WITH MIGRATION ================ 434.927
PRESSURE: 134500 10.7 -470.042 123.952 -38.5145 -518.168 -401.808 54.8526 44.6533 1629.62
GPRESSURE: 134500 -43.5011 -456.983 -45.29 -197.394 -427.501 -105.997 109.87 -222.615 1635.76
PRESSAVG: 134500 20.2956 -31.6484 10.5778 -208.059 -225.068 -181.167 -98.0559 31.1638 1386.5
GPRESSAVG: 134500 21.5465 -35.1127 14.8657 -206.554 -227.686 -184.746 -101.902 30.6832 1387.44
ENERGY:  134500         0.0000         0.0000         0.0000         0.0000          -5594.2373       389.1799         0.0000         0.0000       954.6761          -4250.3813       303.2922     -5205.0574     -4248.0905       301.4404            374.0507       388.2518     22681.3476       393.9091       393.7667

PRESSURE: 135000 -790.011 -722.361 192.567 -620.664 -442.99 497.051 303.255 388.869 387.646
GPRESSURE: 135000 -404.896 -657.196 344.682 -663.168 -471.369 211.14 236.335 1015.66 115.347
PRESSAVG: 135000 -309.949 -88.8351 -127.676 -114.861 -190.72 -122.297 -93.0842 -80.6056 775.691
GPRESSAVG: 135000 -309.04 -86.8829 -125.408 -114.429 -187.505 -116.476 -92.3759 -84.7264 771.226
TIMING: 135000  CPU: 419.871, 0.00284587/step  Wall: 425.708, 0.00285004/step, 0.130627 hours remaining, 0.407069 MB of memory in use.
PERFORMANCE: 135000  averaging 54.7992 ns/day, 0.00315333 sec/step with standard deviation 0.00101636
ETITLE:      TS           BOND          ANGLE          DIHED          IMPRP               ELECT            VDW       BOUNDARY           MISC        KINETIC               TOTAL           TEMP      POTENTIAL         TOTAL3        TEMPAVG            PRESSURE      GPRESSURE         VOLUME       PRESSAVG      GPRESSAVG

ENERGY:  135000         0.0000         0.0000         0.0000         0.0000          -5590.0835       379.6115         0.0000         0.0000       943.6549          -4266.8170       299.7909     -5210.4720     -4265.8847       298.6428           -281.7853      -253.6390     22681.3476        91.6740        91.5604

WRITING EXTENDED SYSTEM TO RESTART FILE AT STEP 135000
WRITING COORDINATES TO DCD FILE MD.dcd AT STEP 135000
WRITING COORDINATES TO RESTART FILE AT STEP 135000
FINISHED WRITING RESTART COORDINATES
WRITING VELOCITIES TO RESTART FILE AT STEP 135000
FINISHED WRITING RESTART VELOCITIES
PRESSURE: 135500 24.7303 -424.776 1066.08 -182.205 -675.606 210.003 726.619 -22.5592 1130.98
GPRESSURE: 135500 291.472 -510.577 907.766 -153.398 -543.421 402.927 1156.25 -86.2909 806.609
PRESSAVG: 135500 -597.011 -132.379 -46.527 -101.499 -420.439 33.6359 137.494 205.081 469.218
GPRESSAVG: 135500 -594.588 -133.547 -51.1737 -102.711 -423.056 32.7583 136.475 206.57 470.683
ENERGY:  135500         0.0000         0.0000         0.0000         0.0000          -5641.2733       416.2795         0.0000         0.0000       942.4226          -4282.5712       299.3994     -5224.9938     -4280.8541       297.3904            160.0361       184.8868     22681.3476      -182.7443      -182.3200

PRESSURE: 136000 -1019.57 -454.626 455.997 -705.915 -1705.93 -311.416 187.644 64.6461 1107.06
GPRESSURE: 136000 -914.082 -522.648 178.308 -423.62 -1666.62 -517.799 -32.464 -59.6874 1026.92
PRESSAVG: 136000 -337.306 -45.1102 86.8992 -14.348 -524.036 -41.1778 235.557 -14.7569 849.525
GPRESSAVG: 136000 -339.217 -43.9798 88.1584 -15.684 -522.926 -43.4114 237.461 -15.2964 850.599
ENERGY:  136000         0.0000         0.0000         0.0000         0.0000          -5521.8148       334.8607         0.0000         0.0000       921.2468          -4265.7072       292.6720     -5186.9541     -4263.3929       297.5070           -539.4789      -517.9277     22681.3476        -3.9390        -3.8484

LDB: ============= START OF LOAD BALANCING ============== 440.485
LDB: ============== END OF LOAD BALANCING =============== 440.485
Info: useSync: 0 useProxySync: 0
LDB: =============== DONE WITH MIGRATION ================ 440.485
LDB: ============= START OF LOAD BALANCING ============== 440.624
LDB: Largest compute 224 load 0.008169 is 13.5% of average load 0.060534
LDB: Average compute 0.002427 is 4.0% of average load 0.060534
LDB: TIME 440.625 LOAD: AVG 0.0605343 MAX 0.133216  PROXIES: TOTAL 28 MAXPE 3 MAXPATCH 5 None MEM: 0.407069 MB
LDB: TIME 440.625 LOAD: AVG 0.0605343 MAX 0.133216  PROXIES: TOTAL 32 MAXPE 4 MAXPATCH 6 RefineTorusLB MEM: 0.407069 MB
LDB: TIME 440.625 LOAD: AVG 0.0605343 MAX 0.133216  PROXIES: TOTAL 32 MAXPE 4 MAXPATCH 6 RefineTorusLB MEM: 0.407069 MB
LDB: Reverting to original mapping
LDB: ============== END OF LOAD BALANCING =============== 440.625
Info: useSync: 0 useProxySync: 0
LDB: =============== DONE WITH MIGRATION ================ 440.625
PRESSURE: 136500 -364.773 251.932 -397.343 445.795 -858.663 -606.568 -63.3868 -183.512 425.163
GPRESSURE: 136500 -307.156 -92.5494 -395.354 296.76 -747.796 -611.462 155.485 -288.799 320.952
PRESSAVG: 136500 -439.704 -43.2846 -59.6885 -141.08 -382.104 -125.292 -37.4459 88.9619 176.506
GPRESSAVG: 136500 -441.287 -45.9834 -56.1958 -141.84 -380.14 -126.201 -35.4971 90.7939 175.222
ENERGY:  136500         0.0000         0.0000         0.0000         0.0000          -5601.1352       370.4867         0.0000         0.0000       922.5630          -4308.0855       293.0902     -5230.6485     -4306.1074       292.0707           -266.0910      -244.6668     22681.3476      -215.1007      -215.4016

PRESSURE: 137000 130.919 128.567 299.543 100.608 -406.299 193.014 61.3729 95.9928 1237.67
GPRESSURE: 137000 345.224 -257.181 218.282 143.511 -568.647 376.108 -46.024 -80.1349 1225.37
PRESSAVG: 137000 -396.659 135.948 -2.53805 187.063 -316.522 -78.7759 213.32 124.774 522.847
GPRESSAVG: 137000 -395.894 135.792 -5.05379 189.547 -319.756 -78.2414 209.618 123.52 526.169
ENERGY:  137000         0.0000         0.0000         0.0000         0.0000          -5674.2132       435.5465         0.0000         0.0000       919.4323          -4319.2344       292.0956     -5238.6667     -4315.8124       293.8240            320.7632       333.9836     22681.3476       -63.4444       -63.1603

PRESSURE: 137500 -807.85 262.323 41.1119 314.314 58.2237 296.874 -190.149 191.298 1563.11
GPRESSURE: 137500 -701.525 509.741 -221.314 108.374 37.7443 326.616 -2.18997 154.207 1570.9
PRESSAVG: 137500 -307.751 13.3177 -119.319 -88.9341 -695.02 -53.7599 262.147 177.403 583.677
GPRESSAVG: 137500 -307.479 13.7703 -122.522 -88.2623 -696.033 -52.2467 266.311 176.759 583.214
ENERGY:  137500         0.0000         0.0000         0.0000         0.0000          -5647.7602       401.5262         0.0000         0.0000       958.9307          -4287.3033       304.6439     -5246.2340     -4285.3238       293.1752            271.1601       302.3737     22681.3476      -139.6979      -140.0994

PRESSURE: 138000 -556.231 -211.505 -590.966 -315.306 -558.356 -480.908 -436.089 141.913 1203.96
GPRESSURE: 138000 -507.739 -288.61 -457.744 -98.0452 -504.131 -596.432 -828.52 144.717 1160.11
PRESSAVG: 138000 -307.41 -182.924 -216.678 -194.744 -274.678 35.4209 129.783 398.4 795.451
GPRESSAVG: 138000 -309.154 -183.897 -213.792 -196.361 -274.863 31.4739 124.246 397.04 795.53
ENERGY:  138000         0.0000         0.0000         0.0000         0.0000          -5604.4218       404.6842         0.0000         0.0000       936.9757          -4262.7619       297.6690     -5199.7377     -4259.6776       296.4618             29.7902        49.4137     22681.3476        71.1212        70.5043

LDB: ============= START OF LOAD BALANCING ============== 446.089
LDB: ============== END OF LOAD BALANCING =============== 446.089
Info: useSync: 0 useProxySync: 0
LDB: =============== DONE WITH MIGRATION ================ 446.089
LDB: ============= START OF LOAD BALANCING ============== 446.228
LDB: Largest compute 247 load 0.008456 is 14.1% of average load 0.060034
LDB: Average compute 0.002409 is 4.0% of average load 0.060034
LDB: TIME 446.228 LOAD: AVG 0.0600344 MAX 0.132486  PROXIES: TOTAL 28 MAXPE 3 MAXPATCH 5 None MEM: 0.407069 MB
LDB: TIME 446.228 LOAD: AVG 0.0600344 MAX 0.132486  PROXIES: TOTAL 32 MAXPE 4 MAXPATCH 6 RefineTorusLB MEM: 0.407069 MB
LDB: TIME 446.228 LOAD: AVG 0.0600344 MAX 0.132486  PROXIES: TOTAL 32 MAXPE 4 MAXPATCH 6 RefineTorusLB MEM: 0.407069 MB
LDB: Reverting to original mapping
LDB: ============== END OF LOAD BALANCING =============== 446.229
Info: useSync: 0 useProxySync: 0
LDB: =============== DONE WITH MIGRATION ================ 446.229
PRESSURE: 138500 -866.012 -259.209 147.07 -94.3189 -589.476 -411.732 531.936 243.667 865.289
GPRESSURE: 138500 -794.984 -21.1545 5.12428 -451.616 -618.723 -469.812 707.506 230.013 855.261
PRESSAVG: 138500 -426.328 -142.602 42.8927 -100.911 -101.482 -249.004 152.688 -64.852 885.152
GPRESSAVG: 138500 -427.498 -144.516 44.3675 -100.289 -99.2009 -245.868 152.994 -62.6767 883.628
ENERGY:  138500         0.0000         0.0000         0.0000         0.0000          -5549.6189       361.7017         0.0000         0.0000       921.1705          -4266.7467       292.6478     -5187.9172     -4264.6202       297.9587           -196.7330      -186.1484     22681.3476       119.1141       118.9765

PRESSURE: 139000 -545.803 -39.8769 -645.428 -218.402 -1095.52 -82.876 15.3845 219.495 -575.818
GPRESSURE: 139000 -652.728 98.3611 -559.763 -380.997 -1103.01 -171.619 123.996 96.2633 -392.844
PRESSAVG: 139000 -343.553 169.536 83.8786 175.75 -416.212 45.6588 317.826 388.886 712.343
GPRESSAVG: 139000 -343.621 171.627 84.8942 175.563 -415.637 46.2721 317.512 390.835 709.714
ENERGY:  139000         0.0000         0.0000         0.0000         0.0000          -5525.4179       335.5768         0.0000         0.0000       929.7828          -4260.0583       295.3838     -5189.8412     -4258.6575       301.1900           -739.0470      -716.1948     22681.3476       -15.8071       -16.5147

PRESSURE: 139500 -215.76 -44.9667 -466.059 -308.89 265.914 67.5439 -307.644 114.289 770.033
GPRESSURE: 139500 -33.0852 47.4834 -450.686 -486.954 152.441 130.986 -50.9562 150.561 749.188
PRESSAVG: 139500 -479.026 -160.754 -53.7553 -96.6352 -424.133 -91.5246 373.219 -58.0844 1022.94
GPRESSAVG: 139500 -478.132 -163.511 -56.9305 -95.6186 -425.635 -94.2425 373.43 -59.7559 1024.3
ENERGY:  139500         0.0000         0.0000         0.0000         0.0000          -5587.0634       398.3675         0.0000         0.0000       956.5964          -4232.0996       303.9023     -5188.6960     -4228.9884       302.8212            273.3958       289.5148     22681.3476        39.9268        40.1785

WRITING COORDINATES TO DCD FILE MD.dcd AT STEP 140000
WRITING COORDINATES TO RESTART FILE AT STEP 140000
FINISHED WRITING RESTART COORDINATES
WRITING VELOCITIES TO RESTART FILE AT STEP 140000
FINISHED WRITING RESTART VELOCITIES
PRESSURE: 140000 -391.379 -165.193 -79.5231 -246.475 -508.43 270.821 361.199 42.9102 590.799
GPRESSURE: 140000 -294.535 -130.297 -135.427 -157.1 -463.754 202.57 386.678 126.124 503.718
PRESSAVG: 140000 -170.197 -113.658 -187.305 -177.104 -325.683 -44.1954 93.0129 76.0723 584.183
GPRESSAVG: 140000 -171.47 -110.92 -184.616 -177.468 -326.332 -45.364 93.8069 75.0644 587.163
TIMING: 140000  CPU: 433.954, 0.00281659/step  Wall: 439.835, 0.00282535/step, 0.125571 hours remaining, 0.407069 MB of memory in use.
PERFORMANCE: 140000  averaging 55.0036 ns/day, 0.00314161 sec/step with standard deviation 0.000999284
ETITLE:      TS           BOND          ANGLE          DIHED          IMPRP               ELECT            VDW       BOUNDARY           MISC        KINETIC               TOTAL           TEMP      POTENTIAL         TOTAL3        TEMPAVG            PRESSURE      GPRESSURE         VOLUME       PRESSAVG      GPRESSAVG

ENERGY:  140000         0.0000         0.0000         0.0000         0.0000          -5557.2782       372.9775         0.0000         0.0000       952.6284          -4231.6723       302.6417     -5184.3007     -4229.0289       306.2025           -103.0033       -84.8571     22681.3476        29.4346        29.7870

WRITING EXTENDED SYSTEM TO RESTART FILE AT STEP 140000
LDB: ============= START OF LOAD BALANCING ============== 451.76
LDB: ============== END OF LOAD BALANCING =============== 451.76
Info: useSync: 0 useProxySync: 0
LDB: =============== DONE WITH MIGRATION ================ 451.76
LDB: ============= START OF LOAD BALANCING ============== 451.91
LDB: Largest compute 16 load 0.009177 is 15.0% of average load 0.061149
LDB: Average compute 0.002435 is 4.0% of average load 0.061149
LDB: TIME 451.911 LOAD: AVG 0.0611492 MAX 0.142337  PROXIES: TOTAL 28 MAXPE 3 MAXPATCH 5 None MEM: 0.407069 MB
LDB: TIME 451.911 LOAD: AVG 0.0611492 MAX 0.142337  PROXIES: TOTAL 32 MAXPE 4 MAXPATCH 6 RefineTorusLB MEM: 0.407069 MB
LDB: TIME 451.911 LOAD: AVG 0.0611492 MAX 0.142337  PROXIES: TOTAL 32 MAXPE 4 MAXPATCH 6 RefineTorusLB MEM: 0.407069 MB
LDB: ============== END OF LOAD BALANCING =============== 451.911
Info: useSync: 0 useProxySync: 0
LDB: =============== DONE WITH MIGRATION ================ 451.911
PRESSURE: 140500 189.119 553.543 335.549 382.716 53.5859 -60.6803 737.614 -214.252 766.651
GPRESSURE: 140500 341.842 629.381 379.902 405.226 337.354 43.8674 560.286 -67.6994 437.325
PRESSAVG: 140500 -305.35 -134.527 -120.013 -169.732 -156.593 59.9652 188.768 236.524 956.07
GPRESSAVG: 140500 -303.249 -137.96 -120.194 -167.488 -156.415 61.7944 191.802 238.07 954.376
ENERGY:  140500         0.0000         0.0000         0.0000         0.0000          -5595.6856       405.0710         0.0000         0.0000       954.7025          -4235.9121       303.3006     -5190.6146     -4233.2912       303.9308            336.4522       372.1737     22681.3476       164.7093       164.9039

PRESSURE: 141000 -425.001 -2.79349 -730.193 39.0011 -385.207 43.0403 -179.699 552.106 1039.6
GPRESSURE: 141000 -449 7.2899 -655.453 189.719 -346.946 120.068 -240.585 523.501 1087.31
PRESSAVG: 141000 57.2964 -83.6373 126.762 -82.4879 -174.591 -97.7774 71.0608 91.4763 1083.19
GPRESSAVG: 141000 58.1402 -82.3463 128.724 -82.8908 -175.631 -97.1552 68.3249 87.9061 1084.08
ENERGY:  141000         0.0000         0.0000         0.0000         0.0000          -5600.5799       399.2143         0.0000         0.0000       957.3422          -4244.0234       304.1392     -5201.3656     -4241.5553       305.3439             76.4655        97.1226     22681.3476       321.9658       322.1965

PRESSURE: 141500 -796.191 94.2196 -677.64 118.139 139.465 -140.234 -128.358 159.676 1377.57
GPRESSURE: 141500 -794.399 -145.074 -734.006 93.1071 386.812 -73.0927 37.3677 415.076 1213.66
PRESSAVG: 141500 -310.766 -325.652 -104.575 -385.297 -381.612 87.0452 92.8412 247.43 973.816
GPRESSAVG: 141500 -311.251 -320.091 -109.02 -386.049 -379.727 86.3079 96.3269 245.128 973.684
ENERGY:  141500         0.0000         0.0000         0.0000         0.0000          -5598.9757       406.7034         0.0000         0.0000       959.9966          -4232.2758       304.9825     -5192.2723     -4230.6656       301.2939            240.2814       268.6905     22681.3476        93.8126        94.2356

PRESSURE: 142000 -828.78 197.241 199.433 106.857 -1019.2 587.873 416.825 657.747 1210.46
GPRESSURE: 142000 -897.955 176.595 -79.7943 -67.5554 -943.663 503.609 433.483 714.138 1289.92
PRESSAVG: 142000 -263.3 -137.563 -93.7012 -204.249 -389.982 45.9362 -27.8174 315.862 780.046
GPRESSAVG: 142000 -263.735 -140.808 -94.9727 -204.894 -390.434 47.9854 -26.0235 314.841 781.148
ENERGY:  142000         0.0000         0.0000         0.0000         0.0000          -5519.9518       345.4788         0.0000         0.0000       912.5426          -4261.9304       289.9068     -5174.4730     -4260.0769       303.3461           -212.5067      -183.8979     22681.3476        42.2546        42.3263

LDB: ============= START OF LOAD BALANCING ============== 457.565
LDB: ============== END OF LOAD BALANCING =============== 457.565
Info: useSync: 0 useProxySync: 0
LDB: =============== DONE WITH MIGRATION ================ 457.565
LDB: ============= START OF LOAD BALANCING ============== 457.709
LDB: Largest compute 224 load 0.008573 is 14.2% of average load 0.060197
LDB: Average compute 0.002398 is 4.0% of average load 0.060197
LDB: TIME 457.709 LOAD: AVG 0.0601974 MAX 0.139183  PROXIES: TOTAL 28 MAXPE 3 MAXPATCH 5 None MEM: 0.407069 MB
LDB: TIME 457.71 LOAD: AVG 0.0601974 MAX 0.139183  PROXIES: TOTAL 32 MAXPE 4 MAXPATCH 6 RefineTorusLB MEM: 0.407069 MB
LDB: TIME 457.71 LOAD: AVG 0.0601974 MAX 0.139183  PROXIES: TOTAL 32 MAXPE 4 MAXPATCH 6 RefineTorusLB MEM: 0.407069 MB
LDB: ============== END OF LOAD BALANCING =============== 457.71
Info: useSync: 0 useProxySync: 0
LDB: =============== DONE WITH MIGRATION ================ 457.71
PRESSURE: 142500 -419.615 -374.041 -568.74 -729.498 -436.766 3.58124 -426.513 -10.2077 1374.86
GPRESSURE: 142500 -422.546 -446.824 -716.515 -784.784 -375.153 -45.7954 -446.572 23.0472 1369.84
PRESSAVG: 142500 -330.145 -180.796 -20.4996 -136.1 -597.354 54.2217 5.64332 -25.5063 915.099
GPRESSAVG: 142500 -328.436 -181.212 -18.8862 -133.535 -597.553 50.9316 2.08199 -19.573 914.176
ENERGY:  142500         0.0000         0.0000         0.0000         0.0000          -5521.7406       366.4460         0.0000         0.0000       941.2670          -4214.0276       299.0323     -5155.2946     -4212.3833       302.8085            172.8268       190.7122     22681.3476        -4.1337        -3.9377

PRESSURE: 143000 -518.002 -200.648 -44.9938 -166.289 -160.279 738.592 -360.543 966.39 803.904
GPRESSURE: 143000 -589.581 -63.639 124.982 -177.988 -144.135 886.488 -622.42 1007.77 912.471
PRESSAVG: 143000 -229.841 126.262 -11.2694 176.475 -450.536 84.0894 -184.697 220.357 782.064
GPRESSAVG: 143000 -231.869 124.533 -8.2883 174.631 -451.961 87.555 -183.26 216.937 784.193
ENERGY:  143000         0.0000         0.0000         0.0000         0.0000          -5576.1962       379.2348         0.0000         0.0000       985.5648          -4211.3966       313.1053     -5196.9614     -4208.3174       305.4396             41.8746        59.5848     22681.3476        33.8956        33.4541

PRESSURE: 143500 662.598 223.736 581.522 346.8 -167.405 783.232 851.73 1047.45 36.454
GPRESSURE: 143500 550.755 348.77 696.899 456.114 59.758 762.751 688.244 897.771 -54.8633
PRESSAVG: 143500 -381.97 21.0037 52.6177 146.296 -590.861 175.146 213.076 387.951 1057.84
GPRESSAVG: 143500 -381.238 24.2754 52.545 147.961 -591.174 177.883 209.874 387.436 1057.91
ENERGY:  143500         0.0000         0.0000         0.0000         0.0000          -5605.3674       412.4939         0.0000         0.0000       932.9034          -4259.9700       296.3752     -5192.8735     -4257.3410       303.7249            177.2154       185.2165     22681.3476        28.3368        28.5000

PRESSURE: 144000 821.602 -468.712 -185.076 248.757 -624.843 -283.275 -182.593 -149.537 767.932
GPRESSURE: 144000 834.597 -351.754 -359.285 15.7651 -486.615 -9.05575 -250.764 -278.47 649.471
PRESSAVG: 144000 -292.248 55.5819 150.024 75.1795 -207.328 -13.889 173.248 316.2 1003.46
GPRESSAVG: 144000 -289.745 58.1663 148.808 71.3946 -209.51 -17.8107 174.485 320.09 1003.68
ENERGY:  144000         0.0000         0.0000         0.0000         0.0000          -5619.0917       403.0877         0.0000         0.0000       918.5247          -4297.4792       291.8072     -5216.0039     -4295.9456       297.2046            321.5641       332.4841     22681.3476       167.9607       168.1431

LDB: ============= START OF LOAD BALANCING ============== 463.386
LDB: ============== END OF LOAD BALANCING =============== 463.387
Info: useSync: 0 useProxySync: 0
LDB: =============== DONE WITH MIGRATION ================ 463.387
LDB: ============= START OF LOAD BALANCING ============== 463.531
LDB: Largest compute 223 load 0.009196 is 15.3% of average load 0.059953
LDB: Average compute 0.002385 is 4.0% of average load 0.059953
LDB: TIME 463.531 LOAD: AVG 0.0599531 MAX 0.139018  PROXIES: TOTAL 28 MAXPE 3 MAXPATCH 5 None MEM: 0.407069 MB
LDB: TIME 463.531 LOAD: AVG 0.0599531 MAX 0.139018  PROXIES: TOTAL 32 MAXPE 4 MAXPATCH 6 RefineTorusLB MEM: 0.407069 MB
LDB: TIME 463.531 LOAD: AVG 0.0599531 MAX 0.139018  PROXIES: TOTAL 32 MAXPE 4 MAXPATCH 6 RefineTorusLB MEM: 0.407069 MB
LDB: Reverting to original mapping
LDB: ============== END OF LOAD BALANCING =============== 463.531
Info: useSync: 0 useProxySync: 0
LDB: =============== DONE WITH MIGRATION ================ 463.531
PRESSURE: 144500 -703.33 -355.383 91.1346 -838.469 -499.334 -151.603 -0.866488 -371.535 487.655
GPRESSURE: 144500 -646.679 -60.5948 -73.3904 -690.46 -323.766 -205.304 -163.529 -371.945 296.478
PRESSAVG: 144500 -172.498 -50.2823 -124.251 -144.985 -477.978 102.783 -19.9871 195.289 719.293
GPRESSAVG: 144500 -175.743 -51.8753 -123.683 -144.116 -474.211 105.185 -20.9782 190.584 718.602
ENERGY:  144500         0.0000         0.0000         0.0000         0.0000          -5684.6031       420.1957         0.0000         0.0000       962.9773          -4301.4301       305.9294     -5264.4074     -4299.3184       293.8534           -238.3364      -224.6556     22681.3476        22.9389        22.8826

WRITING COORDINATES TO DCD FILE MD.dcd AT STEP 145000
WRITING COORDINATES TO RESTART FILE AT STEP 145000
FINISHED WRITING RESTART COORDINATES
WRITING VELOCITIES TO RESTART FILE AT STEP 145000
FINISHED WRITING RESTART VELOCITIES
PRESSURE: 145000 -683.031 543.058 316.061 448.114 -551.176 -575.502 359.64 30.0427 761.138
GPRESSURE: 145000 -593.704 692.554 426.8 455.747 -585.658 -379.439 364.167 -36.3967 795.152
PRESSAVG: 145000 -123.064 -179.158 -38.321 -105.02 -244.288 -284.579 53.068 -13.8309 1148.17
GPRESSAVG: 145000 -121.162 -180.635 -39.124 -101.217 -246.5 -287.128 53.1535 -12.0305 1148.18
TIMING: 145000  CPU: 448.419, 0.00289301/step  Wall: 454.355, 0.00290408/step, 0.125037 hours remaining, 0.407069 MB of memory in use.
PERFORMANCE: 145000  averaging 55.1473 ns/day, 0.00313342 sec/step with standard deviation 0.000982268
ETITLE:      TS           BOND          ANGLE          DIHED          IMPRP               ELECT            VDW       BOUNDARY           MISC        KINETIC               TOTAL           TEMP      POTENTIAL         TOTAL3        TEMPAVG            PRESSURE      GPRESSURE         VOLUME       PRESSAVG      GPRESSAVG

ENERGY:  145000         0.0000         0.0000         0.0000         0.0000          -5556.1431       381.4342         0.0000         0.0000       923.7346          -4250.9744       293.4624     -5174.7090     -4248.3941       300.4579           -157.6895      -128.0700     22681.3476       260.2737       260.1729

WRITING EXTENDED SYSTEM TO RESTART FILE AT STEP 145000
PRESSURE: 145500 -702.066 93.1499 375.541 218.569 129.24 224.411 112.67 -91.4534 213.588
GPRESSURE: 145500 -693.796 -281.2 300.612 374.702 61.5113 505.425 176.635 -201.372 322.012
PRESSAVG: 145500 -406.458 -93.5361 131.199 0.848724 -265.58 -81.4808 241.575 13.5422 636.127
GPRESSAVG: 145500 -406.192 -93.5834 126.636 -0.21249 -264.493 -86.0984 242.582 16.1989 636.255
ENERGY:  145500         0.0000         0.0000         0.0000         0.0000          -5612.2473       386.3425         0.0000         0.0000       957.3932          -4268.5117       304.1554     -5225.9048     -4267.4918       300.5501           -119.7459      -103.4244     22681.3476       -11.9702       -11.4768

PRESSURE: 146000 -1222.54 -188.265 307.477 -139.474 105.917 -85.9513 427.39 502.947 872.475
GPRESSURE: 146000 -1044.57 -304.665 369.444 27.0679 -22.0652 -93.4767 397.782 272.757 900.48
PRESSAVG: 146000 -635.282 -128.149 147.868 72.181 -206.669 -136.93 127.698 134.598 848.353
GPRESSAVG: 146000 -635.497 -128.06 151.09 70.9446 -207.376 -132.045 129.966 131.346 848.581
ENERGY:  146000         0.0000         0.0000         0.0000         0.0000          -5644.4434       395.8363         0.0000         0.0000       964.1205          -4284.4867       306.2926     -5248.6072     -4283.2520       296.9929            -81.3809       -55.3854     22681.3476         2.1339         1.9027

LDB: ============= START OF LOAD BALANCING ============== 469.21
LDB: ============== END OF LOAD BALANCING =============== 469.21
Info: useSync: 0 useProxySync: 0
LDB: =============== DONE WITH MIGRATION ================ 469.21
LDB: ============= START OF LOAD BALANCING ============== 469.362
LDB: Largest compute 223 load 0.008363 is 13.8% of average load 0.060509
LDB: Average compute 0.002398 is 4.0% of average load 0.060509
LDB: TIME 469.362 LOAD: AVG 0.0605092 MAX 0.138972  PROXIES: TOTAL 28 MAXPE 3 MAXPATCH 5 None MEM: 0.407069 MB
LDB: TIME 469.362 LOAD: AVG 0.0605092 MAX 0.138972  PROXIES: TOTAL 32 MAXPE 4 MAXPATCH 6 RefineTorusLB MEM: 0.407069 MB
LDB: TIME 469.362 LOAD: AVG 0.0605092 MAX 0.138972  PROXIES: TOTAL 32 MAXPE 4 MAXPATCH 6 RefineTorusLB MEM: 0.407069 MB
LDB: Reverting to original mapping
LDB: ============== END OF LOAD BALANCING =============== 469.362
Info: useSync: 0 useProxySync: 0
LDB: =============== DONE WITH MIGRATION ================ 469.362
PRESSURE: 146500 -415.295 -192.692 -329.763 -765.322 -717.044 -248.538 62.2613 493.037 874.752
GPRESSURE: 146500 -272.715 -315.93 -239.16 -554.24 -592.847 -13.4679 36.5235 437.199 715.028
PRESSAVG: 146500 -385.502 -176.606 52.344 -171.488 -169.904 123.61 -0.665886 221.174 770.931
GPRESSAVG: 146500 -385.312 -175.055 52.1476 -171.784 -169.871 124.128 -2.91062 222.479 771.385
ENERGY:  146500         0.0000         0.0000         0.0000         0.0000          -5505.8310       347.0853         0.0000         0.0000       919.6377          -4239.1080       292.1608     -5158.7457     -4236.6442       301.3840            -85.8623       -50.1778     22681.3476        71.8414        72.0671

PRESSURE: 147000 318.542 -449.672 254.811 -117.045 75.2902 -359.616 555.341 530.056 1522.1
GPRESSURE: 147000 128.294 -811.596 733.16 350.085 240.508 -200.361 559.003 865.731 1608.37
PRESSAVG: 147000 -359.976 -192.197 -21.4899 -94.1321 -413.548 194.901 7.42305 660.812 1085.98
GPRESSAVG: 147000 -360.111 -196.578 -18.7779 -90.5381 -411.796 196.689 6.18069 661.372 1083.31
ENERGY:  147000         0.0000         0.0000         0.0000         0.0000          -5618.3103       432.7751         0.0000         0.0000      1002.7250          -4182.8102       318.5569     -5185.5352     -4180.6992       307.5363            638.6456       659.0583     22681.3476       104.1517       103.8008

PRESSURE: 147500 -279.54 -54.0869 -127.969 -190.943 527.593 230.013 217.164 -272.336 685.311
GPRESSURE: 147500 -245.925 -244.467 -34.6517 247.083 480.72 371.832 385.149 -311.556 784.074
PRESSAVG: 147500 -105.732 44.311 99.3734 -8.15053 -24.5542 79.7828 232.922 132.622 1150.21
GPRESSAVG: 147500 -107.836 47.807 98.8103 -12.2851 -25.0118 78.7706 232.683 129.491 1153.32
ENERGY:  147500         0.0000         0.0000         0.0000         0.0000          -5531.4520       409.0943         0.0000         0.0000       952.1625          -4170.1952       302.4937     -5122.3578     -4168.2719       310.7709            311.1218       339.6229     22681.3476       339.9735       340.1572

PRESSURE: 148000 -359.19 128.589 396.476 -16.8515 -171.633 -180.564 10.7245 -53.3021 -380.034
GPRESSURE: 148000 -187.651 453.294 332.696 25.2054 -272.39 -75.6321 -87.5549 -222.846 -404.721
PRESSAVG: 148000 -261.409 -82.1363 134.436 -17.8441 -301.699 134.688 93.5311 293.98 916.383
GPRESSAVG: 148000 -259.392 -83.9344 132.856 -13.9003 -302.416 129.955 96.3824 298.328 914.363
ENERGY:  148000         0.0000         0.0000         0.0000         0.0000          -5504.7652       345.0348         0.0000         0.0000       970.8893          -4188.8411       308.4430     -5159.7305     -4187.1004       311.2249           -303.6189      -288.2540     22681.3476       117.7584       117.5181

LDB: ============= START OF LOAD BALANCING ============== 475.118
LDB: ============== END OF LOAD BALANCING =============== 475.118
Info: useSync: 0 useProxySync: 0
LDB: =============== DONE WITH MIGRATION ================ 475.118
LDB: ============= START OF LOAD BALANCING ============== 475.262
LDB: Largest compute 223 load 0.008228 is 13.7% of average load 0.060175
LDB: Average compute 0.002397 is 4.0% of average load 0.060175
LDB: TIME 475.262 LOAD: AVG 0.0601754 MAX 0.138883  PROXIES: TOTAL 28 MAXPE 3 MAXPATCH 5 None MEM: 0.407069 MB
LDB: TIME 475.262 LOAD: AVG 0.0601754 MAX 0.138883  PROXIES: TOTAL 32 MAXPE 4 MAXPATCH 6 RefineTorusLB MEM: 0.407069 MB
LDB: TIME 475.262 LOAD: AVG 0.0601754 MAX 0.138883  PROXIES: TOTAL 32 MAXPE 4 MAXPATCH 6 RefineTorusLB MEM: 0.407069 MB
LDB: ============== END OF LOAD BALANCING =============== 475.263
Info: useSync: 0 useProxySync: 0
LDB: =============== DONE WITH MIGRATION ================ 475.263
PRESSURE: 148500 319.66 -652.452 -445.062 -863.375 -226.08 -82.0382 -109.088 240.67 -397.283
GPRESSURE: 148500 404.075 -580.182 -339.456 -814.41 -283.27 -134.68 -148.23 276.602 -378.827
PRESSAVG: 148500 -298.62 165.459 -66.614 109.568 -441.885 -127.445 -80.5719 130.593 292.548
GPRESSAVG: 148500 -300.502 169.248 -63.9895 104.154 -440.191 -124.099 -82.0176 126.645 291.489
ENERGY:  148500         0.0000         0.0000         0.0000         0.0000          -5565.0220       380.5263         0.0000         0.0000       905.0920          -4279.4037       287.5398     -5184.4957     -4278.3553       298.9577           -101.2343       -86.0074     22681.3476      -149.3191      -149.7347

PRESSURE: 149000 -1242.99 -362.207 396.972 -912.121 -379.593 432.725 184.517 540.134 907.39
GPRESSURE: 149000 -1313.83 -300.282 639.261 -726.015 -421.439 476.559 -146.515 491.456 1124.91
PRESSAVG: 149000 -410.334 -121.025 -260.637 -127.876 -242.1 91.4615 -92.64 400.074 921.334
GPRESSAVG: 149000 -409.683 -123.731 -260.761 -125.733 -245.664 89.1275 -92.0078 399.461 921.844
ENERGY:  149000         0.0000         0.0000         0.0000         0.0000          -5627.7252       379.1186         0.0000         0.0000       963.5375          -4285.0691       306.1074     -5248.6066     -4282.8116       296.0602           -238.3968      -203.4500     22681.3476        89.6334        88.8323

PRESSURE: 149500 -526.68 -265.042 340.124 -234.009 95.8209 -258.118 926.204 28.2781 1327.75
GPRESSURE: 149500 -578.138 -175.056 476.63 -102.968 11.0125 6.65302 978.102 -308.364 1460.06
PRESSAVG: 149500 -185.295 101.715 4.93996 -44.0731 -207.119 -92.1893 204.123 200.68 874.062
GPRESSAVG: 149500 -187.197 103.488 7.15133 -46.8963 -204.282 -94.8324 204.139 203.584 873.379
ENERGY:  149500         0.0000         0.0000         0.0000         0.0000          -5678.5250       434.9404         0.0000         0.0000       961.8473          -4281.7374       305.5704     -5243.5847     -4279.7454       296.8773            298.9649       297.6440     22681.3476       160.5495       160.6336

WRITING COORDINATES TO DCD FILE MD.dcd AT STEP 150000
WRITING COORDINATES TO RESTART FILE AT STEP 150000
FINISHED WRITING RESTART COORDINATES
WRITING VELOCITIES TO RESTART FILE AT STEP 150000
FINISHED WRITING RESTART VELOCITIES
PRESSURE: 150000 -997.209 -4.47298 175.142 -148.219 485.475 209.988 271.795 682.863 1183.4
GPRESSURE: 150000 -883.174 337.375 367.702 -287.459 411.404 155.013 -121.596 723.038 1230.58
PRESSAVG: 150000 -236.186 42.7837 -89.1905 7.03819 -467.763 -115.654 220.669 264.187 666.048
GPRESSAVG: 150000 -237.185 44.2876 -92.0916 8.0826 -469.317 -112.717 220.888 261.985 669.292
TIMING: 150000  CPU: 463.013, 0.00291873/step  Wall: 468.994, 0.00292781/step, 0.121992 hours remaining, 0.407069 MB of memory in use.
PERFORMANCE: 150000  averaging 55.2682 ns/day, 0.00312657 sec/step with standard deviation 0.000965914
ETITLE:      TS           BOND          ANGLE          DIHED          IMPRP               ELECT            VDW       BOUNDARY           MISC        KINETIC               TOTAL           TEMP      POTENTIAL         TOTAL3        TEMPAVG            PRESSURE      GPRESSURE         VOLUME       PRESSAVG      GPRESSAVG

ENERGY:  150000         0.0000         0.0000         0.0000         0.0000          -5616.8088       400.2527         0.0000         0.0000       907.5386          -4309.0175       288.3170     -5216.5561     -4306.8049       297.6804            223.8892       252.9363     22681.3476       -12.6335       -12.4035

WRITING EXTENDED SYSTEM TO RESTART FILE AT STEP 150000
LDB: ============= START OF LOAD BALANCING ============== 480.935
LDB: ============== END OF LOAD BALANCING =============== 480.935
Info: useSync: 0 useProxySync: 0
LDB: =============== DONE WITH MIGRATION ================ 480.935
LDB: ============= START OF LOAD BALANCING ============== 481.08
LDB: Largest compute 215 load 0.008136 is 13.5% of average load 0.060412
LDB: Average compute 0.002406 is 4.0% of average load 0.060412
LDB: TIME 481.08 LOAD: AVG 0.0604123 MAX 0.138641  PROXIES: TOTAL 28 MAXPE 3 MAXPATCH 5 None MEM: 0.407069 MB
LDB: TIME 481.08 LOAD: AVG 0.0604123 MAX 0.138641  PROXIES: TOTAL 32 MAXPE 4 MAXPATCH 6 RefineTorusLB MEM: 0.407069 MB
LDB: TIME 481.08 LOAD: AVG 0.0604123 MAX 0.138641  PROXIES: TOTAL 32 MAXPE 4 MAXPATCH 6 RefineTorusLB MEM: 0.407069 MB
LDB: Reverting to original mapping
LDB: ============== END OF LOAD BALANCING =============== 481.08
Info: useSync: 0 useProxySync: 0
LDB: =============== DONE WITH MIGRATION ================ 481.08
PRESSURE: 150500 -293.75 -167.976 393.971 -513.794 -1642.93 -388.105 -56.8343 343.395 536.893
GPRESSURE: 150500 -319.74 -236.022 204.982 -366.484 -1600.03 -282.074 89.9145 560.213 600.96
PRESSAVG: 150500 -291.439 -31.7667 37.9515 -55.4577 -283.433 -122.672 64.8223 277.365 771.942
GPRESSAVG: 150500 -289.174 -33.6497 34.9964 -52.5895 -283.893 -118.576 67.5652 275.819 770.165
ENERGY:  150500         0.0000         0.0000         0.0000         0.0000          -5635.9898       382.4857         0.0000         0.0000       888.7380          -4364.7661       282.3443     -5253.5042     -4362.8063       294.8040           -466.5965      -439.6022     22681.3476        65.6897        65.6993

PRESSURE: 151000 -1157.09 -819.327 544.196 -655.48 -761.619 -301.536 482.278 -331.511 382.082
GPRESSURE: 151000 -1264.47 -1003.39 437.513 -491.669 -540.516 -291.559 620.529 -475.764 341.046
PRESSAVG: 151000 -761.377 -105.678 -234.515 -51.2877 -633.269 9.76472 -168.18 330.576 458.415
GPRESSAVG: 151000 -762.479 -107.083 -231.271 -52.7229 -630.964 7.78464 -172.588 330.52 458.01
ENERGY:  151000         0.0000         0.0000         0.0000         0.0000          -5565.8056       359.3719         0.0000         0.0000       886.8882          -4319.5455       281.7566     -5206.4338     -4317.6551       290.3141           -512.2101      -487.9784     22681.3476      -312.0768      -311.8109

PRESSURE: 151500 538.536 145.496 -175.226 153.506 -452.62 31.5605 -226.7 248.705 575.16
GPRESSURE: 151500 598.147 92.2145 -155.616 39.7151 -494.08 54.1985 -401.935 158.405 594.963
PRESSAVG: 151500 -401.328 36.641 -100.768 -7.29261 -586.895 9.74778 143.357 513.959 733.858
GPRESSAVG: 151500 -400.699 38.2204 -102.516 -9.06289 -586.208 6.81283 146.66 516.896 732.472
ENERGY:  151500         0.0000         0.0000         0.0000         0.0000          -5593.0878       395.1715         0.0000         0.0000       928.8006          -4269.1157       295.0718     -5197.9163     -4267.4725       293.7888            220.3588       233.0099     22681.3476       -84.7882       -84.8116

PRESSURE: 152000 -31.7792 881.353 334.026 249.871 -634.823 414.153 -291.554 1078.06 1062.74
GPRESSURE: 152000 -44.9064 795.579 285.529 469.346 -577.152 299.981 -175.846 1130.92 1128.18
PRESSAVG: 152000 -359.46 37.4623 134.691 104.951 -317.517 -93.4219 -125.827 389.631 983.325
GPRESSAVG: 152000 -359.777 39.8723 137.271 106.224 -318.591 -91.0913 -128.038 387.535 984.758
ENERGY:  152000         0.0000         0.0000         0.0000         0.0000          -5628.0904       412.5845         0.0000         0.0000       941.8999          -4273.6060       299.2333     -5215.5059     -4271.6382       298.2177            132.0459       168.7073     22681.3476       102.1160       102.1298

LDB: ============= START OF LOAD BALANCING ============== 486.744
LDB: ============== END OF LOAD BALANCING =============== 486.745
Info: useSync: 0 useProxySync: 0
LDB: =============== DONE WITH MIGRATION ================ 486.745
LDB: ============= START OF LOAD BALANCING ============== 486.889
LDB: Largest compute 17 load 0.008883 is 14.8% of average load 0.060221
LDB: Average compute 0.002395 is 4.0% of average load 0.060221
LDB: TIME 486.889 LOAD: AVG 0.0602214 MAX 0.138474  PROXIES: TOTAL 28 MAXPE 3 MAXPATCH 5 None MEM: 0.407069 MB
LDB: TIME 486.889 LOAD: AVG 0.0602214 MAX 0.138474  PROXIES: TOTAL 32 MAXPE 4 MAXPATCH 6 RefineTorusLB MEM: 0.407069 MB
LDB: TIME 486.889 LOAD: AVG 0.0602214 MAX 0.138474  PROXIES: TOTAL 32 MAXPE 4 MAXPATCH 6 RefineTorusLB MEM: 0.407069 MB
LDB: ============== END OF LOAD BALANCING =============== 486.889
Info: useSync: 0 useProxySync: 0
LDB: =============== DONE WITH MIGRATION ================ 486.889
PRESSURE: 152500 -414.941 322.067 473.399 665.171 698.971 315.564 -317.337 258.211 860.639
GPRESSURE: 152500 -401.552 236.308 168.945 774.937 767.058 364.732 -82.7323 259.211 852.323
PRESSAVG: 152500 -261.077 52.1703 -45.5534 -2.36301 -308.675 -68.6366 -57.8534 268.547 693.659
GPRESSAVG: 152500 -261.539 51.4697 -47.2614 -1.21994 -307.06 -70.4408 -57.2216 267.746 691.947
ENERGY:  152500         0.0000         0.0000         0.0000         0.0000          -5680.3601       441.8991         0.0000         0.0000       968.3700          -4270.0911       307.6426     -5238.4611     -4267.1639       296.7983            381.5563       405.9429     22681.3476        41.3021        41.1159

PRESSURE: 153000 -1585.56 -361.319 857.198 -522.915 -1275.43 94.5928 603.755 373.452 861.934
GPRESSURE: 153000 -1474.2 -203.15 686.89 -484.284 -1264.65 -20.9472 505.07 450.958 762.933
PRESSAVG: 153000 -464.57 -64.4885 -11.9005 -61.845 -155.101 -207.328 -80.3268 40.853 852.211
GPRESSAVG: 153000 -466.185 -68.668 -11.5851 -62.636 -154.959 -204.402 -82.2218 41.4238 851.829
ENERGY:  153000         0.0000         0.0000         0.0000         0.0000          -5577.4472       334.2932         0.0000         0.0000       979.8003          -4263.3537       311.2739     -5243.1540     -4260.5234       297.8833           -666.3535      -658.6382     22681.3476        77.5133        76.8951

PRESSURE: 153500 -446.459 -99.7245 121.181 -205.372 -734.258 -298.436 7.85472 -225.438 1014.12
GPRESSURE: 153500 -330.815 -88.8132 369.213 -221.603 -704.18 -378.419 -280.259 -339.786 946.023
PRESSAVG: 153500 -374.108 -102.762 -40.2089 -146.5 -531.688 149.264 -71.8947 180.443 1062.76
GPRESSAVG: 153500 -374.058 -101.681 -40.3731 -146.216 -533.797 149.005 -69.5216 179.279 1064.09
ENERGY:  153500         0.0000         0.0000         0.0000         0.0000          -5519.0206       353.8951         0.0000         0.0000       909.5841          -4255.5414       288.9669     -5165.1255     -4254.5875       299.2686            -55.5320       -29.6575     22681.3476        52.3220        52.0767

PRESSURE: 154000 948.31 -124.748 207.897 -78.4198 282.219 -54.936 122.123 415.04 1885.85
GPRESSURE: 154000 730.538 -360.628 347.213 -40.3488 518.202 -35.7732 -166.555 460.307 1941.04
PRESSAVG: 154000 -611.413 -110.887 -69.6443 -131.059 -363.18 -134.028 -23.6312 251.397 1015.6
GPRESSAVG: 154000 -612.09 -110.643 -68.9701 -131.283 -362.407 -133.365 -26.8493 249.955 1015.13
ENERGY:  154000         0.0000         0.0000         0.0000         0.0000          -5747.7544       497.9617         0.0000         0.0000       948.0008          -4301.7919       301.1715     -5249.7927     -4300.2794       299.8703           1038.7935      1063.2613     22681.3476        13.6699        13.5448

LDB: ============= START OF LOAD BALANCING ============== 492.547
LDB: ============== END OF LOAD BALANCING =============== 492.547
Info: useSync: 0 useProxySync: 0
LDB: =============== DONE WITH MIGRATION ================ 492.547
LDB: ============= START OF LOAD BALANCING ============== 492.692
LDB: Largest compute 223 load 0.008518 is 14.1% of average load 0.060609
LDB: Average compute 0.002416 is 4.0% of average load 0.060609
LDB: TIME 492.692 LOAD: AVG 0.0606089 MAX 0.138551  PROXIES: TOTAL 28 MAXPE 3 MAXPATCH 5 None MEM: 0.407069 MB
LDB: TIME 492.692 LOAD: AVG 0.0606089 MAX 0.138551  PROXIES: TOTAL 32 MAXPE 4 MAXPATCH 6 RefineTorusLB MEM: 0.407069 MB
LDB: TIME 492.692 LOAD: AVG 0.0606089 MAX 0.138551  PROXIES: TOTAL 32 MAXPE 4 MAXPATCH 6 RefineTorusLB MEM: 0.407069 MB
LDB: Reverting to original mapping
LDB: ============== END OF LOAD BALANCING =============== 492.692
Info: useSync: 0 useProxySync: 0
LDB: =============== DONE WITH MIGRATION ================ 492.692
PRESSURE: 154500 -287.644 -393.828 -263.879 -94.1891 -806.547 -59.9879 163.649 -169.625 571.903
GPRESSURE: 154500 -173.377 -395.009 -102.865 -56.9806 -835.562 -309.732 107.397 -131.876 553.806
PRESSAVG: 154500 -324.749 25.961 -40.7686 -18.1212 -353.555 17.6615 17.6234 145.56 824.847
GPRESSAVG: 154500 -325.088 25.3795 -44.6807 -18.2804 -353.63 15.681 21.3467 147.668 825.018
ENERGY:  154500         0.0000         0.0000         0.0000         0.0000          -5655.8634       399.8554         0.0000         0.0000       965.6282          -4290.3797       306.7716     -5256.0079     -4288.1620       297.2091           -174.0959      -151.7113     22681.3476        48.8479        48.7668

WRITING COORDINATES TO DCD FILE MD.dcd AT STEP 155000
WRITING COORDINATES TO RESTART FILE AT STEP 155000
FINISHED WRITING RESTART COORDINATES
WRITING VELOCITIES TO RESTART FILE AT STEP 155000
FINISHED WRITING RESTART VELOCITIES
PRESSURE: 155000 398.947 435.358 -1136.04 76.9441 -53.059 254.838 -1231.75 849.666 779.642
GPRESSURE: 155000 371.335 467.095 -1083.19 105.996 -120.125 -38.3962 -1205.7 1028.22 908.319
PRESSAVG: 155000 -11.8952 54.0685 41.7653 117.789 -128.636 49.3577 -25.4108 127.984 828.775
GPRESSAVG: 155000 -11.5517 52.8781 44.5979 118.67 -130.063 51.1838 -27.6721 124.613 828.863
TIMING: 155000  CPU: 477.506, 0.00289872/step  Wall: 483.517, 0.00290467/step, 0.116993 hours remaining, 0.407069 MB of memory in use.
PERFORMANCE: 155000  averaging 55.3951 ns/day, 0.00311941 sec/step with standard deviation 0.000950515
ETITLE:      TS           BOND          ANGLE          DIHED          IMPRP               ELECT            VDW       BOUNDARY           MISC        KINETIC               TOTAL           TEMP      POTENTIAL         TOTAL3        TEMPAVG            PRESSURE      GPRESSURE         VOLUME       PRESSAVG      GPRESSAVG

ENERGY:  155000         0.0000         0.0000         0.0000         0.0000          -5657.1114       424.4161         0.0000         0.0000       942.6385          -4290.0567       299.4680     -5232.6953     -4287.3992       299.3561            375.1768       386.5095     22681.3476       229.4145       229.0827

WRITING EXTENDED SYSTEM TO RESTART FILE AT STEP 155000
PRESSURE: 155500 -1489.12 572.826 -863.2 430.182 -53.7394 -166.954 8.94675 -182.355 1282.9
GPRESSURE: 155500 -1424.68 446.31 -615.105 394.11 -209.271 -103.747 -93.1647 -296.167 1423.99
PRESSAVG: 155500 47.7206 -18.0552 -306.006 0.724376 89.862 -206.883 -269.144 -40.2418 780.026
GPRESSAVG: 155500 46.4662 -18.0136 -304.154 2.11151 90.4659 -208.068 -268.387 -38.4507 780.99
ENERGY:  155500         0.0000         0.0000         0.0000         0.0000          -5538.7870       348.7446         0.0000         0.0000       978.8580          -4211.1844       310.9746     -5190.0424     -4208.4946       304.2671            -86.6546       -69.9868     22681.3476       305.8694       305.9742

PRESSURE: 156000 53.5332 -306.917 66.3346 -238.04 -355.196 -68.1175 174.631 -23.0157 726.641
GPRESSURE: 156000 210.722 -198.351 58.6215 -534.041 -488.447 72.2022 -12.3985 -162.011 727.685
PRESSAVG: 156000 -228.767 -32.6395 -259.431 -13.3953 -262.078 0.548966 -59.9543 -58.9879 970.976
GPRESSAVG: 156000 -228.385 -30.5444 -258.629 -14.1627 -263.675 1.52613 -62.2909 -56.5609 970.765
ENERGY:  156000         0.0000         0.0000         0.0000         0.0000          -5597.2549       394.7562         0.0000         0.0000       973.5762          -4228.9226       309.2966     -5202.4987     -4227.2241       305.2976            141.6595       149.9865     22681.3476       160.0434       159.5682

LDB: ============= START OF LOAD BALANCING ============== 498.377
LDB: ============== END OF LOAD BALANCING =============== 498.377
Info: useSync: 0 useProxySync: 0
LDB: =============== DONE WITH MIGRATION ================ 498.377
LDB: ============= START OF LOAD BALANCING ============== 498.536
LDB: Largest compute 222 load 0.008732 is 14.4% of average load 0.060708
LDB: Average compute 0.002416 is 4.0% of average load 0.060708
LDB: TIME 498.536 LOAD: AVG 0.0607077 MAX 0.138804  PROXIES: TOTAL 28 MAXPE 3 MAXPATCH 5 None MEM: 0.407069 MB
LDB: TIME 498.536 LOAD: AVG 0.0607077 MAX 0.138804  PROXIES: TOTAL 32 MAXPE 4 MAXPATCH 6 RefineTorusLB MEM: 0.407069 MB
LDB: TIME 498.536 LOAD: AVG 0.0607077 MAX 0.138804  PROXIES: TOTAL 32 MAXPE 4 MAXPATCH 6 RefineTorusLB MEM: 0.407069 MB
LDB: Reverting to original mapping
LDB: ============== END OF LOAD BALANCING =============== 498.536
Info: useSync: 0 useProxySync: 0
LDB: =============== DONE WITH MIGRATION ================ 498.536
PRESSURE: 156500 -662.278 -239.02 49.1387 -344.648 -184.762 147.48 -646.598 -292.81 800.592
GPRESSURE: 156500 -561.357 -299.27 213.637 -449.124 -258.893 146.346 -709.942 -607.357 864.749
PRESSAVG: 156500 116.66 -171.017 -102.556 -207.147 -207.136 -120.39 63.246 169.858 1041.37
GPRESSAVG: 156500 117.562 -170.791 -103.606 -207.227 -206.724 -122.386 64.929 169.251 1040.37
ENERGY:  156500         0.0000         0.0000         0.0000         0.0000          -5541.2658       366.3633         0.0000         0.0000       917.4078          -4257.4947       291.4524     -5174.9025     -4254.7198       301.9648            -15.4824        14.8329     22681.3476       316.9650       317.0688

PRESSURE: 157000 -309.167 -203.547 22.4477 -361.015 -833.45 744.579 185.704 838.655 -52.7709
GPRESSURE: 157000 -204.194 -138.497 -47.3087 -180.797 -816.224 459.188 435.332 1064.83 -127.94
PRESSAVG: 157000 -362.352 15.2404 70.2903 -48.3429 -522.026 -57.8114 5.12824 139.329 296.365
GPRESSAVG: 157000 -363.611 12.329 69.5919 -47.4631 -520.661 -55.7814 3.65669 136.208 296.723
ENERGY:  157000         0.0000         0.0000         0.0000         0.0000          -5520.7617       331.2775         0.0000         0.0000       937.3284          -4252.1558       297.7810     -5189.4842     -4248.9417       294.2234           -398.4627      -382.7858     22681.3476      -196.0042      -195.8496

PRESSURE: 157500 -64.9247 -1.29833 -6.93296 83.8749 13.2111 748.27 44.4995 1027.43 926.415
GPRESSURE: 157500 -117.238 -72.5013 -151.286 141.202 71.7324 822.865 223.58 1112.9 991.156
PRESSAVG: 157500 -168.754 -19.6242 27.1249 -33.6205 -326.789 169.683 -4.26334 194.876 373.268
GPRESSAVG: 157500 -167.494 -22.0699 27.2041 -33.2152 -328.149 172.087 -3.76461 192.782 373.692
ENERGY:  157500         0.0000         0.0000         0.0000         0.0000          -5561.3508       377.3929         0.0000         0.0000       955.2307          -4228.7272       303.4684     -5183.9579     -4227.9007       301.1926            291.5673       315.2167     22681.3476       -40.7583       -40.6502

PRESSURE: 158000 412.116 -38.8659 -478.657 -211.157 439.476 -251.531 -462.215 -86.1672 1342.04
GPRESSURE: 158000 448.99 -85.9474 -797.954 -94.1098 498.114 -105.241 -409.581 -570.871 1320.78
PRESSAVG: 158000 -315.114 -209.056 -97.7602 -70.1555 -329.425 -39.0176 -97.7109 352.97 815.99
GPRESSAVG: 158000 -316.022 -205.988 -99.502 -71.5332 -330.051 -42.9389 -98.511 354.904 817.716
ENERGY:  158000         0.0000         0.0000         0.0000         0.0000          -5637.6910       434.1394         0.0000         0.0000       942.0551          -4261.4965       299.2826     -5203.5516     -4259.9136       303.6385            731.2108       755.9624     22681.3476        57.1503        57.2144

LDB: ============= START OF LOAD BALANCING ============== 504.189
LDB: ============== END OF LOAD BALANCING =============== 504.19
Info: useSync: 0 useProxySync: 0
LDB: =============== DONE WITH MIGRATION ================ 504.19
LDB: ============= START OF LOAD BALANCING ============== 504.334
LDB: Largest compute 223 load 0.008915 is 14.7% of average load 0.060587
LDB: Average compute 0.002414 is 4.0% of average load 0.060587
LDB: TIME 504.334 LOAD: AVG 0.0605869 MAX 0.138698  PROXIES: TOTAL 28 MAXPE 3 MAXPATCH 5 None MEM: 0.407069 MB
LDB: TIME 504.334 LOAD: AVG 0.0605869 MAX 0.138698  PROXIES: TOTAL 32 MAXPE 4 MAXPATCH 6 RefineTorusLB MEM: 0.407069 MB
LDB: TIME 504.334 LOAD: AVG 0.0605869 MAX 0.138698  PROXIES: TOTAL 32 MAXPE 4 MAXPATCH 6 RefineTorusLB MEM: 0.407069 MB
LDB: ============== END OF LOAD BALANCING =============== 504.334
Info: useSync: 0 useProxySync: 0
LDB: =============== DONE WITH MIGRATION ================ 504.335
PRESSURE: 158500 -516.559 178.73 270.858 467.866 243.24 87.3384 575.935 927.336 732.432
GPRESSURE: 158500 -461.439 156.681 432.658 183.14 348.912 -88.1406 827.114 872.851 618.414
PRESSAVG: 158500 -103.738 -59.7001 -33.3693 -202.387 -34.1557 23.2473 150.64 401.782 709.961
GPRESSAVG: 158500 -103.155 -60.7576 -31.7838 -201.063 -32.4777 24.014 147.694 404.848 709.062
ENERGY:  158500         0.0000         0.0000         0.0000         0.0000          -5544.0253       368.7626         0.0000         0.0000       936.7866          -4238.4762       297.6089     -5175.2627     -4236.2979       305.1682            153.0378       168.6288     22681.3476       190.6890       191.1430

PRESSURE: 159000 -268.61 550.439 656.249 667.365 -375.675 389.993 274.75 687.107 989.135
GPRESSURE: 159000 -309.624 386.081 596.421 744.266 -274.292 352.358 293.888 601.946 988.484
PRESSAVG: 159000 -494.596 -51.6989 47.7347 34.1972 -387.261 94.5629 234.647 366.274 989.171
GPRESSAVG: 159000 -496.365 -48.9604 44.6763 32.281 -386.736 95.2431 236.555 364.198 990.871
ENERGY:  159000         0.0000         0.0000         0.0000         0.0000          -5606.4577       398.7832         0.0000         0.0000       934.6209          -4273.0536       296.9208     -5207.6745     -4270.8124       298.1106            114.9500       134.8560     22681.3476        35.7709        35.9233

PRESSURE: 159500 -44.6566 -125.024 23.2228 -405.824 -179.909 -364.958 -321.913 -331.281 1487.68
GPRESSURE: 159500 -61.1803 -313.75 -48.4945 -375.638 -123.223 -195.906 100.758 -206.601 1512.22
PRESSAVG: 159500 -220.722 5.02012 33.7743 -184.708 -427.887 -150.902 90.8256 112.697 864.049
GPRESSAVG: 159500 -219.368 0.59681 34.0998 -182.323 -428.235 -150.834 90.0102 111.091 862.422
ENERGY:  159500         0.0000         0.0000         0.0000         0.0000          -5672.1688       438.7674         0.0000         0.0000       946.3319          -4287.0695       300.6413     -5233.4014     -4285.3726       294.8424            421.0382       442.6054     22681.3476        71.8136        71.6061

WRITING COORDINATES TO DCD FILE MD.dcd AT STEP 160000
WRITING COORDINATES TO RESTART FILE AT STEP 160000
FINISHED WRITING RESTART COORDINATES
WRITING VELOCITIES TO RESTART FILE AT STEP 160000
FINISHED WRITING RESTART VELOCITIES
PRESSURE: 160000 654.409 546.183 465.422 658.067 -405.957 548.401 358.99 1456.11 833.434
GPRESSURE: 160000 642.888 423.183 466.524 722.325 -238.805 464.553 345.117 1693.67 739.035
PRESSAVG: 160000 10.1784 25.1355 164.821 93.0595 118.683 -88.1556 -16.8068 247.72 1144.11
GPRESSAVG: 160000 10.6755 28.3527 165.877 92.5777 119.185 -91.2462 -16.5363 250.614 1143.87
TIMING: 160000  CPU: 492.044, 0.00290762/step  Wall: 498.108, 0.00291804/step, 0.113479 hours remaining, 0.407069 MB of memory in use.
PERFORMANCE: 160000  averaging 55.507 ns/day, 0.00311312 sec/step with standard deviation 0.000935736
ETITLE:      TS           BOND          ANGLE          DIHED          IMPRP               ELECT            VDW       BOUNDARY           MISC        KINETIC               TOTAL           TEMP      POTENTIAL         TOTAL3        TEMPAVG            PRESSURE      GPRESSURE         VOLUME       PRESSAVG      GPRESSAVG

ENERGY:  160000         0.0000         0.0000         0.0000         0.0000          -5624.0745       401.7546         0.0000         0.0000       969.5164          -4252.8035       308.0068     -5222.3199     -4250.5240       302.1560            360.6285       381.0392     22681.3476       424.3229       424.5758

WRITING EXTENDED SYSTEM TO RESTART FILE AT STEP 160000
LDB: ============= START OF LOAD BALANCING ============== 510.036
LDB: ============== END OF LOAD BALANCING =============== 510.036
Info: useSync: 0 useProxySync: 0
LDB: =============== DONE WITH MIGRATION ================ 510.036
LDB: ============= START OF LOAD BALANCING ============== 510.181
LDB: Largest compute 223 load 0.008900 is 14.6% of average load 0.060771
LDB: Average compute 0.002419 is 4.0% of average load 0.060771
LDB: TIME 510.182 LOAD: AVG 0.0607708 MAX 0.139279  PROXIES: TOTAL 28 MAXPE 3 MAXPATCH 5 None MEM: 0.407069 MB
LDB: TIME 510.182 LOAD: AVG 0.0607708 MAX 0.139279  PROXIES: TOTAL 32 MAXPE 4 MAXPATCH 6 RefineTorusLB MEM: 0.407069 MB
LDB: TIME 510.182 LOAD: AVG 0.0607708 MAX 0.139279  PROXIES: TOTAL 32 MAXPE 4 MAXPATCH 6 RefineTorusLB MEM: 0.407069 MB
LDB: ============== END OF LOAD BALANCING =============== 510.182
Info: useSync: 0 useProxySync: 0
LDB: =============== DONE WITH MIGRATION ================ 510.182
PRESSURE: 160500 -356.98 -680.728 -367.653 -915.313 220.59 162.896 -311.696 587 716.769
GPRESSURE: 160500 -228.898 -870.709 -538.023 -865.76 434.342 1.73194 -63.4156 647.923 452.773
PRESSAVG: 160500 48.8701 93.9174 118.124 64.8663 -300.604 -63.5031 115.785 375.863 810.085
GPRESSAVG: 160500 49.4617 90.6629 118.76 65.8591 -301.696 -62.2635 117.683 373.358 812.069
ENERGY:  160500         0.0000         0.0000         0.0000         0.0000          -5535.1889       389.8973         0.0000         0.0000       930.6555          -4214.6360       295.6611     -5145.2915     -4212.4102       305.0113            193.4596       219.4053     22681.3476       186.1170       186.6117

PRESSURE: 161000 268.317 -238.572 -390.303 -217.095 -831.04 -74.9567 -652.689 373.09 221.044
GPRESSURE: 161000 336.514 -148.002 -42.9939 -260.182 -742.33 153.494 -1046.43 337.395 132.041
PRESSAVG: 161000 91.6688 -3.9397 14.5008 -4.44855 -300.596 55.5287 28.7482 332.104 1136.38
GPRESSAVG: 161000 92.0421 -2.69641 14.8134 -11.0906 -298.631 55.4441 25.8225 332.09 1134.27
ENERGY:  161000         0.0000         0.0000         0.0000         0.0000          -5573.5938       375.5205         0.0000         0.0000       949.6667          -4248.4065       301.7008     -5198.0733     -4245.9188       303.8757           -113.8932       -91.2584     22681.3476       309.1520       309.2284

PRESSURE: 161500 174.344 689.192 382.192 462 -1252.24 14.0163 -378.873 73.8321 652.064
GPRESSURE: 161500 308.882 1140.38 423.313 74.5576 -1358.31 -113.291 -400.548 363.563 726.139
PRESSAVG: 161500 -246.995 -133.57 -46.8345 -111.826 -119.105 166.356 138.644 429.407 809.812
GPRESSAVG: 161500 -247.487 -135.626 -47.1226 -105.626 -119.857 166.326 138.843 427.805 811.031
ENERGY:  161500         0.0000         0.0000         0.0000         0.0000          -5583.8875       381.7454         0.0000         0.0000       932.7095          -4269.4325       296.3136     -5202.1421     -4267.4453       299.4784           -141.9438      -107.7633     22681.3476       147.9040       147.8954

PRESSURE: 162000 -1259.04 354.358 316.411 269.058 -424.856 23.3553 438.955 394.982 248.835
GPRESSURE: 162000 -1123.86 406.332 273.281 194.641 -533.751 -424.754 437.467 611.994 259.875
PRESSAVG: 162000 -296.073 -93.3537 29.4984 -142.789 -477.497 94.1243 23.0804 355.965 503.192
GPRESSAVG: 162000 -296.027 -89.4472 28.2634 -145.731 -477.875 98.0024 22.0683 354.896 503.316
ENERGY:  162000         0.0000         0.0000         0.0000         0.0000          -5552.8654       376.1345         0.0000         0.0000       891.8032          -4284.9276       283.3180     -5176.7308     -4283.9171       297.9501           -478.3531      -465.9111     22681.3476       -90.1261       -90.1953

LDB: ============= START OF LOAD BALANCING ============== 515.854
LDB: ============== END OF LOAD BALANCING =============== 515.854
Info: useSync: 0 useProxySync: 0
LDB: =============== DONE WITH MIGRATION ================ 515.854
LDB: ============= START OF LOAD BALANCING ============== 515.999
LDB: Largest compute 17 load 0.008693 is 14.4% of average load 0.060527
LDB: Average compute 0.002407 is 4.0% of average load 0.060527
LDB: TIME 515.999 LOAD: AVG 0.0605267 MAX 0.139143  PROXIES: TOTAL 28 MAXPE 3 MAXPATCH 5 None MEM: 0.407069 MB
LDB: TIME 515.999 LOAD: AVG 0.0605267 MAX 0.139143  PROXIES: TOTAL 32 MAXPE 4 MAXPATCH 6 RefineTorusLB MEM: 0.407069 MB
LDB: TIME 515.999 LOAD: AVG 0.0605267 MAX 0.139143  PROXIES: TOTAL 32 MAXPE 4 MAXPATCH 6 RefineTorusLB MEM: 0.407069 MB
LDB: Reverting to original mapping
LDB: ============== END OF LOAD BALANCING =============== 515.999
Info: useSync: 0 useProxySync: 0
LDB: =============== DONE WITH MIGRATION ================ 516
PRESSURE: 162500 605.044 -127.941 -216.616 -510.795 496.019 31.237 5.8019 432.932 1272.63
GPRESSURE: 162500 642.49 -52.6089 -316.109 -672.039 642.432 -9.70556 40.3347 764.387 1210.39
PRESSAVG: 162500 -244.779 187.532 17.0927 -53.418 -247.303 79.1925 123.904 423.745 910.713
GPRESSAVG: 162500 -244.017 185.726 15.4064 -51.6063 -247.876 75.6878 125.048 430.337 911.346
ENERGY:  162500         0.0000         0.0000         0.0000         0.0000          -5673.0970       456.8721         0.0000         0.0000       923.9725          -4292.2524       293.5380     -5216.2249     -4290.2277       296.7146            791.2300       831.7693     22681.3476       139.5434       139.8179

PRESSURE: 163000 1311.94 462.162 -46.1617 414.141 -849.159 424.502 263.048 695.298 289.699
GPRESSURE: 163000 1246.19 302.21 149.886 427.831 -829.994 366.4 206.327 741.891 414.402
PRESSAVG: 163000 -78.277 -36.0686 65.221 -80.1704 -166.189 -132.696 18.0223 301.199 1296.35
GPRESSAVG: 163000 -77.8712 -32.1306 62.3275 -81.0986 -167.727 -133.034 18.0667 298.506 1296.9
ENERGY:  163000         0.0000         0.0000         0.0000         0.0000          -5659.3899       414.6622         0.0000         0.0000       974.4125          -4270.3152       309.5623     -5244.7277     -4267.6265       298.3639            250.8279       276.8670     22681.3476       350.6295       350.4345

PRESSURE: 163500 928.755 -89.2633 -367.783 205.981 600.015 -352.887 -514.022 275.19 1510.81
GPRESSURE: 163500 915.97 98.2045 -354.995 265.215 586.801 -259.347 -637.867 147.996 1589.55
PRESSAVG: 163500 98.731 19.9502 -17.7235 11.5471 -54.4588 22.4948 59.6693 315.916 1098.68
GPRESSAVG: 163500 98.6328 19.1632 -12.7031 13.9172 -54.318 22.6447 58.3866 314.579 1097.95
ENERGY:  163500         0.0000         0.0000         0.0000         0.0000          -5672.8291       452.4335         0.0000         0.0000       948.3210          -4272.0746       301.2732     -5220.3955     -4269.1994       301.7465           1013.1944      1030.7739     22681.3476       380.9836       380.7555

PRESSURE: 164000 -114.549 404.732 228.771 409.7 -1432.45 497.585 157.424 916.225 49.9502
GPRESSURE: 164000 3.86355 305.603 108.947 607.484 -1649.76 446.118 351.216 935.27 251.345
PRESSAVG: 164000 -27.7677 117.39 66.0347 161.048 38.1878 147.931 -93.9659 348.582 1012.93
GPRESSAVG: 164000 -28.5084 118.37 67.9861 162.76 37.5778 143.166 -94.8504 352.539 1013.16
ENERGY:  164000         0.0000         0.0000         0.0000         0.0000          -5654.4597       377.5112         0.0000         0.0000       943.1086          -4333.8399       299.6173     -5276.9485     -4332.1814       297.3040           -499.0179      -464.8512     22681.3476       341.1183       340.7437

LDB: ============= START OF LOAD BALANCING ============== 521.713
LDB: ============== END OF LOAD BALANCING =============== 521.713
Info: useSync: 0 useProxySync: 0
LDB: =============== DONE WITH MIGRATION ================ 521.713
LDB: ============= START OF LOAD BALANCING ============== 521.858
LDB: Largest compute 17 load 0.008316 is 13.7% of average load 0.060538
LDB: Average compute 0.002405 is 4.0% of average load 0.060538
LDB: TIME 521.858 LOAD: AVG 0.0605381 MAX 0.13939  PROXIES: TOTAL 28 MAXPE 3 MAXPATCH 5 None MEM: 0.407069 MB
LDB: TIME 521.858 LOAD: AVG 0.0605381 MAX 0.13939  PROXIES: TOTAL 32 MAXPE 4 MAXPATCH 6 RefineTorusLB MEM: 0.407069 MB
LDB: TIME 521.858 LOAD: AVG 0.0605381 MAX 0.13939  PROXIES: TOTAL 32 MAXPE 4 MAXPATCH 6 RefineTorusLB MEM: 0.407069 MB
LDB: Reverting to original mapping
LDB: ============== END OF LOAD BALANCING =============== 521.858
Info: useSync: 0 useProxySync: 0
LDB: =============== DONE WITH MIGRATION ================ 521.859
PRESSURE: 164500 -382.947 295 -111.306 548.003 -184.049 237.225 -511.644 565.69 627.251
GPRESSURE: 164500 -440.053 328.72 333.243 390.648 -145.318 381 -831.771 497.704 734.249
PRESSAVG: 164500 -410.203 216.808 97.5248 247.879 -380.289 174.022 299.004 633.331 377.647
GPRESSAVG: 164500 -409.595 214.33 95.6225 245.433 -380.689 178.458 299.762 630.506 374.787
ENERGY:  164500         0.0000         0.0000         0.0000         0.0000          -5691.9826       425.0269         0.0000         0.0000       922.1088          -4344.8469       292.9459     -5266.9556     -4342.7288       291.5638             20.0851        49.6261     22681.3476      -137.6151      -138.4986

WRITING COORDINATES TO DCD FILE MD.dcd AT STEP 165000
WRITING COORDINATES TO RESTART FILE AT STEP 165000
FINISHED WRITING RESTART COORDINATES
WRITING VELOCITIES TO RESTART FILE AT STEP 165000
FINISHED WRITING RESTART VELOCITIES
PRESSURE: 165000 -388.828 51.5261 -79.8399 -1.1503 -433.843 -277.633 -188.655 -4.52941 964.683
GPRESSURE: 165000 -385.437 -94.584 174.792 -108.838 -463.359 -303.235 -358.684 -166.342 1033.79
PRESSAVG: 165000 -275.967 197.394 94.9613 222.61 -395.708 -38.1191 79.8996 74.5104 547.565
GPRESSAVG: 165000 -277.444 197.826 92.8254 222.371 -397.359 -40.5634 80.2853 73.4513 550.896
TIMING: 165000  CPU: 506.602, 0.00291149/step  Wall: 512.69, 0.00291641/step, 0.109365 hours remaining, 0.407069 MB of memory in use.
PERFORMANCE: 165000  averaging 55.6135 ns/day, 0.00310716 sec/step with standard deviation 0.000921635
ETITLE:      TS           BOND          ANGLE          DIHED          IMPRP               ELECT            VDW       BOUNDARY           MISC        KINETIC               TOTAL           TEMP      POTENTIAL         TOTAL3        TEMPAVG            PRESSURE      GPRESSURE         VOLUME       PRESSAVG      GPRESSAVG

ENERGY:  165000         0.0000         0.0000         0.0000         0.0000          -5626.8727       401.4653         0.0000         0.0000       902.9742          -4322.4332       286.8670     -5225.4074     -4320.0186       292.9343             47.3371        61.6642     22681.3476       -41.3700       -41.3027

WRITING EXTENDED SYSTEM TO RESTART FILE AT STEP 165000
PRESSURE: 165500 -138.241 -448.179 -448.528 -464.43 -285.636 73.2921 -379.032 438.206 642.485
GPRESSURE: 165500 -47.0844 -561.243 -549.064 -508.012 -114.073 53.328 -16.9384 190.645 445.03
PRESSAVG: 165500 -237.57 69.6386 -3.98357 -12.2821 -362.168 -27.3557 8.88608 270.07 695.22
GPRESSAVG: 165500 -235.952 70.0634 -4.11789 -11.7857 -362.53 -25.6318 11.304 268.45 694.209
ENERGY:  165500         0.0000         0.0000         0.0000         0.0000          -5690.2539       407.9844         0.0000         0.0000       903.7608          -4378.5087       287.1169     -5282.2696     -4376.9859       290.0812             72.8692        94.6242     22681.3476        31.8272        31.9091

PRESSURE: 166000 -262.181 -705.036 1192.99 -269.89 -890.169 403.3 693.76 581.031 1316.24
GPRESSURE: 166000 -195.531 -591.498 1407.61 -249.743 -891.034 378.079 333.333 723.413 1333.96
PRESSAVG: 166000 -227.238 -125.781 -82.3331 -107.835 -122.542 117.286 -234.206 342.848 539.642
GPRESSAVG: 166000 -227.475 -126.963 -81.8414 -110.199 -122.164 116.375 -238.254 345.145 540.205
ENERGY:  166000         0.0000         0.0000         0.0000         0.0000          -5626.6997       399.8911         0.0000         0.0000       912.2711          -4314.5375       289.8205     -5226.8085     -4312.6989       287.5299             54.6283        82.4653     22681.3476        63.2873        63.5221

LDB: ============= START OF LOAD BALANCING ============== 527.562
LDB: ============== END OF LOAD BALANCING =============== 527.562
Info: useSync: 0 useProxySync: 0
LDB: =============== DONE WITH MIGRATION ================ 527.563
LDB: ============= START OF LOAD BALANCING ============== 527.708
LDB: Largest compute 223 load 0.008896 is 14.8% of average load 0.060290
LDB: Average compute 0.002392 is 4.0% of average load 0.060290
LDB: TIME 527.708 LOAD: AVG 0.0602901 MAX 0.139248  PROXIES: TOTAL 28 MAXPE 3 MAXPATCH 5 None MEM: 0.407069 MB
LDB: TIME 527.708 LOAD: AVG 0.0602901 MAX 0.139248  PROXIES: TOTAL 32 MAXPE 4 MAXPATCH 6 RefineTorusLB MEM: 0.407069 MB
LDB: TIME 527.708 LOAD: AVG 0.0602901 MAX 0.139248  PROXIES: TOTAL 32 MAXPE 4 MAXPATCH 6 RefineTorusLB MEM: 0.407069 MB
LDB: ============== END OF LOAD BALANCING =============== 527.708
Info: useSync: 0 useProxySync: 0
LDB: =============== DONE WITH MIGRATION ================ 527.708
PRESSURE: 166500 -715.693 215.093 355.907 292.96 -543.556 627.974 70.543 500.173 1877.46
GPRESSURE: 166500 -707.699 388.833 511.121 427.238 -357.516 438.961 13.3148 327.16 1802.37
PRESSAVG: 166500 -60.1218 -17.2558 124.03 -141.627 -381.92 -6.78681 196.257 198.002 1047.53
GPRESSAVG: 166500 -60.9602 -13.8441 126.587 -138.464 -382.135 -8.24903 198.139 198.745 1048.57
ENERGY:  166500         0.0000         0.0000         0.0000         0.0000          -5635.9767       401.3571         0.0000         0.0000       923.3814          -4311.2382       293.3502     -5234.6196     -4310.0818       291.1687            206.0695       245.7195     22681.3476       201.8304       201.8248

PRESSURE: 167000 161.817 122.777 -167.331 266.841 -598.175 -62.9497 -74.9192 791.24 86.1683
GPRESSURE: 167000 183.599 164.196 -15.1681 -0.0417275 -483.257 233.572 21.4618 687.415 15.0391
PRESSAVG: 167000 -545.285 30.6493 -128.406 34.3642 -803.229 33.9042 -74.2132 292.365 669.51
GPRESSAVG: 167000 -545.182 30.3433 -130.445 30.1964 -801.586 36.7861 -71.8461 291.615 669.985
ENERGY:  167000         0.0000         0.0000         0.0000         0.0000          -5644.4760       384.3287         0.0000         0.0000       959.0369          -4301.1104       304.6776     -5260.1473     -4298.5274       290.7276           -116.7297       -94.8730     22681.3476      -226.3345      -225.5945

PRESSURE: 167500 -826.01 322.206 -298.353 52.4275 -734.491 459.285 352.307 893.263 333.822
GPRESSURE: 167500 -994.509 546.442 -374.102 171.957 -773.875 275.772 -19.7267 1063.41 606.89
PRESSAVG: 167500 -448.595 44.7892 -165.694 35.2066 -553.894 -190.19 28.9146 336.61 784.751
GPRESSAVG: 167500 -448.199 43.9811 -160.505 36.4058 -553.013 -191.422 25.1741 335.885 782.777
ENERGY:  167500         0.0000         0.0000         0.0000         0.0000          -5553.1080       356.0307         0.0000         0.0000       924.4158          -4272.6615       293.6788     -5197.0772     -4269.7630       298.0289           -408.8931      -387.1648     22681.3476       -72.5795       -72.8115

PRESSURE: 168000 -1190.5 -215.373 495.109 -456.73 -1115.23 -205.296 360.686 -343.432 -203.558
GPRESSURE: 168000 -1359.54 6.70723 158.721 -596.282 -1156.12 -227.845 535.652 -213.736 55.9695
PRESSAVG: 168000 -531.9 -85.7322 56.9175 -116.908 -368.487 269.774 -45.8241 399.941 604.795
GPRESSAVG: 168000 -532.721 -85.4124 51.7797 -115.173 -368.152 269.282 -41.3666 402.134 606.872
ENERGY:  168000         0.0000         0.0000         0.0000         0.0000          -5479.4650       303.0875         0.0000         0.0000       942.9371          -4233.4405       299.5628     -5176.3775     -4231.6487       301.5419           -836.4293      -819.8969     22681.3476       -98.5306       -98.0002

LDB: ============= START OF LOAD BALANCING ============== 533.383
LDB: ============== END OF LOAD BALANCING =============== 533.383
Info: useSync: 0 useProxySync: 0
LDB: =============== DONE WITH MIGRATION ================ 533.383
LDB: ============= START OF LOAD BALANCING ============== 533.528
LDB: Largest compute 16 load 0.008134 is 13.5% of average load 0.060031
LDB: Average compute 0.002381 is 4.0% of average load 0.060031
LDB: TIME 533.528 LOAD: AVG 0.0600313 MAX 0.138858  PROXIES: TOTAL 28 MAXPE 3 MAXPATCH 5 None MEM: 0.407069 MB
LDB: TIME 533.528 LOAD: AVG 0.0600313 MAX 0.138858  PROXIES: TOTAL 32 MAXPE 4 MAXPATCH 6 RefineTorusLB MEM: 0.407069 MB
LDB: TIME 533.528 LOAD: AVG 0.0600313 MAX 0.138858  PROXIES: TOTAL 32 MAXPE 4 MAXPATCH 6 RefineTorusLB MEM: 0.407069 MB
LDB: ============== END OF LOAD BALANCING =============== 533.528
Info: useSync: 0 useProxySync: 0
LDB: =============== DONE WITH MIGRATION ================ 533.528
PRESSURE: 168500 -689.108 100.771 683.6 514.604 -431.561 39.2074 962.917 109.643 733.621
GPRESSURE: 168500 -736.675 181.23 583.866 104.222 -454.843 281.283 918.007 43.3719 878.236
PRESSAVG: 168500 -485.763 -36.8976 117.907 -91.8666 -463.799 160.784 6.38181 425.879 452.793
GPRESSAVG: 168500 -486.067 -35.8706 116.797 -93.6796 -466.969 161.743 1.31454 423.344 453.968
ENERGY:  168500         0.0000         0.0000         0.0000         0.0000          -5567.4012       383.6926         0.0000         0.0000       906.8626          -4276.8460       288.1023     -5183.7086     -4273.7597       298.8337           -129.0157      -104.4274     22681.3476      -165.5896      -166.3558

PRESSURE: 169000 765.587 758.282 -361.748 968.728 -709.284 81.1551 -251.965 211.161 728.402
GPRESSURE: 169000 777.043 676.046 -646.474 703.488 -777.632 342.196 2.49689 193.473 832.325
PRESSAVG: 169000 -479.467 -19.8572 26.6008 -7.46593 -68.3762 -69.506 -96.8534 77.2136 1051.98
GPRESSAVG: 169000 -481.949 -22.9584 25.7735 -4.89872 -66.1104 -69.836 -91.6771 76.7718 1053.04
ENERGY:  169000         0.0000         0.0000         0.0000         0.0000          -5626.0769       419.7996         0.0000         0.0000       972.3297          -4233.9476       308.9006     -5206.2773     -4232.6119       296.4968            261.5686       277.2454     22681.3476       168.0472       168.3280

PRESSURE: 169500 61.0279 210.789 132.912 163.381 164.659 -529.18 469.375 -252.8 4.77742
GPRESSURE: 169500 -115.967 271.277 535.685 349.848 315.625 -748.507 284.301 -152.712 88.8558
PRESSAVG: 169500 -322.099 -23.807 -195.106 -58.7907 -513.355 45.7751 -86.4564 447.688 468.065
GPRESSAVG: 169500 -318.749 -21.5976 -195.049 -59.6546 -514.674 43.8686 -89.0493 449.548 466.187
ENERGY:  169500         0.0000         0.0000         0.0000         0.0000          -5625.7290       399.5482         0.0000         0.0000       944.3420          -4281.8388       300.0092     -5226.1809     -4279.8321       298.8130             76.8216        96.1709     22681.3476      -122.4631      -122.4122

WRITING COORDINATES TO DCD FILE MD.dcd AT STEP 170000
WRITING COORDINATES TO RESTART FILE AT STEP 170000
FINISHED WRITING RESTART COORDINATES
WRITING VELOCITIES TO RESTART FILE AT STEP 170000
FINISHED WRITING RESTART VELOCITIES
PRESSURE: 170000 303.811 -173.155 -673.691 -374.891 434.359 536.012 -992.099 789.783 1208.3
GPRESSURE: 170000 -53.8412 -82.6417 -697.306 -467.652 630.311 545.663 -800.592 696.176 1423.27
PRESSAVG: 170000 24.5347 51.2949 176.792 0.751436 -123.999 -52.4313 -28.4968 223.633 684.68
GPRESSAVG: 170000 21.6415 51.4873 178.992 1.13365 -123.029 -48.1988 -32.1354 223.558 687.662
TIMING: 170000  CPU: 521.836, 0.00304678/step  Wall: 528.089, 0.00307992/step, 0.111219 hours remaining, 0.407069 MB of memory in use.
PERFORMANCE: 170000  averaging 55.6279 ns/day, 0.00310636 sec/step with standard deviation 0.000907576
ETITLE:      TS           BOND          ANGLE          DIHED          IMPRP               ELECT            VDW       BOUNDARY           MISC        KINETIC               TOTAL           TEMP      POTENTIAL         TOTAL3        TEMPAVG            PRESSURE      GPRESSURE         VOLUME       PRESSAVG      GPRESSAVG

ENERGY:  170000         0.0000         0.0000         0.0000         0.0000          -5713.4054       464.6090         0.0000         0.0000       937.4547          -4311.3418       297.8211     -5248.7964     -4308.5949       298.0929            648.8233       666.5799     22681.3476       195.0720       195.4246

WRITING EXTENDED SYSTEM TO RESTART FILE AT STEP 170000
LDB: ============= START OF LOAD BALANCING ============== 540.017
LDB: ============== END OF LOAD BALANCING =============== 540.017
Info: useSync: 0 useProxySync: 0
LDB: =============== DONE WITH MIGRATION ================ 540.017
LDB: ============= START OF LOAD BALANCING ============== 540.157
LDB: Largest compute 17 load 0.008095 is 13.5% of average load 0.059875
LDB: Average compute 0.002384 is 4.0% of average load 0.059875
LDB: TIME 540.157 LOAD: AVG 0.059875 MAX 0.133201  PROXIES: TOTAL 28 MAXPE 3 MAXPATCH 5 None MEM: 0.407069 MB
LDB: TIME 540.157 LOAD: AVG 0.059875 MAX 0.133201  PROXIES: TOTAL 32 MAXPE 4 MAXPATCH 6 RefineTorusLB MEM: 0.407069 MB
LDB: TIME 540.157 LOAD: AVG 0.059875 MAX 0.133201  PROXIES: TOTAL 32 MAXPE 4 MAXPATCH 6 RefineTorusLB MEM: 0.407069 MB
LDB: Reverting to original mapping
LDB: ============== END OF LOAD BALANCING =============== 540.157
Info: useSync: 0 useProxySync: 0
LDB: =============== DONE WITH MIGRATION ================ 540.157
PRESSURE: 170500 1.10183 -259.709 -341.603 -566.089 -447.971 -42.8747 -31.2401 331.267 1299.32
GPRESSURE: 170500 -82.228 -595.45 -452.362 -229.38 -139.041 -147.517 -73.8235 1.66717 1130.35
PRESSAVG: 170500 -516.661 67.6636 -137.19 46.76 -578.722 144.753 -130.415 337.971 847.763
GPRESSAVG: 170500 -514.885 61.7491 -138.176 49.2591 -577.135 139.95 -127.778 338.323 844.379
ENERGY:  170500         0.0000         0.0000         0.0000         0.0000          -5686.7058       445.8034         0.0000         0.0000       943.0204          -4297.8820       299.5893     -5240.9024     -4295.3354       298.7263            284.1517       303.0267     22681.3476       -82.5401       -82.5468

PRESSURE: 171000 -1015.36 -91.3137 -173.276 252.63 -613.241 170.192 -210.088 404.249 1290.08
GPRESSURE: 171000 -1055.77 -367.317 21.4004 697.83 -338.888 -31.4867 -71.9831 315.207 1189.8
PRESSAVG: 171000 -298.267 -73.5878 -68.4911 -149.09 -261.61 -179.408 -238.176 70.5688 1044.05
GPRESSAVG: 171000 -298.978 -71.0226 -67.9135 -152.742 -261.333 -176.375 -240.173 68.8751 1044.82
ENERGY:  171000         0.0000         0.0000         0.0000         0.0000          -5495.2502       354.7628         0.0000         0.0000       941.3123          -4199.1751       299.0467     -5140.4874     -4196.9065       302.1346           -112.8388       -68.2865     22681.3476       161.3918       161.5031

PRESSURE: 171500 -1082.76 -258.177 593.328 -531.374 -202.374 340.842 561.962 253.685 1773.13
GPRESSURE: 171500 -971.14 -254.41 356.7 -731.554 -260.729 -21.3768 718.079 246.148 1802.23
PRESSAVG: 171500 -296.326 15.5931 79.2249 66.2067 -391.129 -157.368 -79.9614 233.045 954.706
GPRESSAVG: 171500 -296.058 15.6337 78.5495 65.657 -391.235 -158.704 -76.1675 231.229 953.625
ENERGY:  171500         0.0000         0.0000         0.0000         0.0000          -5546.1533       370.7105         0.0000         0.0000       927.8835          -4247.5594       294.7804     -5175.4428     -4246.2924       304.5632            162.6646       190.1189     22681.3476        89.0838        88.7775

PRESSURE: 172000 -436.594 -70.4346 425.51 228.703 73.1289 -280.562 261.122 161.187 1098.58
GPRESSURE: 172000 -598.511 -259.55 294.805 188.056 195.662 -302.267 318.169 177.13 1203.04
PRESSAVG: 172000 -82.6097 -75.9267 228.763 -33.5138 -100.812 -82.9406 68.2148 91.1532 1325.37
GPRESSAVG: 172000 -83.302 -75.4255 228.838 -32.7065 -100.654 -81.1372 66.8754 90.5446 1327.11
ENERGY:  172000         0.0000         0.0000         0.0000         0.0000          -5592.3504       379.5849         0.0000         0.0000       969.7959          -4242.9697       308.0956     -5212.7655     -4241.3152       300.0024            245.0366       266.7300     22681.3476       380.6504       381.0526

LDB: ============= START OF LOAD BALANCING ============== 545.633
LDB: ============== END OF LOAD BALANCING =============== 545.633
Info: useSync: 0 useProxySync: 0
LDB: =============== DONE WITH MIGRATION ================ 545.633
LDB: ============= START OF LOAD BALANCING ============== 545.772
LDB: Largest compute 16 load 0.008988 is 15.1% of average load 0.059669
LDB: Average compute 0.002377 is 4.0% of average load 0.059669
LDB: TIME 545.772 LOAD: AVG 0.0596689 MAX 0.132795  PROXIES: TOTAL 28 MAXPE 3 MAXPATCH 5 None MEM: 0.407069 MB
LDB: TIME 545.772 LOAD: AVG 0.0596689 MAX 0.132795  PROXIES: TOTAL 32 MAXPE 4 MAXPATCH 6 RefineTorusLB MEM: 0.407069 MB
LDB: TIME 545.772 LOAD: AVG 0.0596689 MAX 0.132795  PROXIES: TOTAL 32 MAXPE 4 MAXPATCH 6 RefineTorusLB MEM: 0.407069 MB
LDB: Reverting to original mapping
LDB: ============== END OF LOAD BALANCING =============== 545.772
Info: useSync: 0 useProxySync: 0
LDB: =============== DONE WITH MIGRATION ================ 545.773
PRESSURE: 172500 -565.921 -169.518 -684.148 123.518 -31.5548 -75.3734 -715.102 575.493 1278.04
GPRESSURE: 172500 -459.342 7.93442 -916.136 -49.9544 -72.6425 66.821 -521.987 497.044 1342.37
PRESSAVG: 172500 -104.295 63.3952 -221.548 26.4507 -303.274 61.9382 -90.6398 191.362 1159.01
GPRESSAVG: 172500 -100.539 62.6713 -222.869 26.7943 -306.248 59.1313 -92.1928 191.913 1158.38
ENERGY:  172500         0.0000         0.0000         0.0000         0.0000          -5601.5482       394.2879         0.0000         0.0000       987.5933          -4219.6669       313.7497     -5207.2602     -4217.9386       304.6955            226.8558       270.1279     22681.3476       250.4790       250.5299

PRESSURE: 173000 304.094 243.84 49.3294 106.96 -615.042 209.516 -138.569 640.866 983.929
GPRESSURE: 173000 352.075 282.553 152.393 -64.8319 -591.733 270.244 -257.9 574.435 968.325
PRESSAVG: 173000 -627.285 -46.3352 -192.051 -127.922 -477.079 -69.0612 58.6581 447.33 1021.24
GPRESSAVG: 173000 -629.038 -47.4171 -190.854 -127.269 -473.919 -70.4349 56.7547 448.786 1019.61
ENERGY:  173000         0.0000         0.0000         0.0000         0.0000          -5615.4116       419.3044         0.0000         0.0000       924.0341          -4272.0731       293.5575     -5196.1072     -4271.1580       300.1234            224.3269       242.8891     22681.3476       -27.7067       -27.7837

PRESSURE: 173500 -1655 -259.214 581.199 -107.863 -1231.68 22.2061 -62.5793 893.302 859.835
GPRESSURE: 173500 -1731.04 -129.734 830.318 -52.892 -1056.27 -112.386 -212.604 1082.52 786.198
PRESSAVG: 173500 -396.253 185.683 -72.7264 147.345 -519.378 22.4213 -168.734 208.809 754.577
GPRESSAVG: 173500 -397.601 187.562 -74.4805 150.141 -520.731 22.964 -166.184 206.858 757.518
ENERGY:  173500         0.0000         0.0000         0.0000         0.0000          -5497.9663       324.5416         0.0000         0.0000       938.6947          -4234.7300       298.2151     -5173.4246     -4232.0766       303.9781           -675.6154      -667.0372     22681.3476       -53.6849       -53.6046

PRESSURE: 174000 -90.5526 72.3182 -712.096 -172.831 -552.468 -393.208 -1085.23 -393.256 770.302
GPRESSURE: 174000 -161.87 215.431 -212.741 -239.613 -285.046 -332.324 -1076.22 -636.005 620.705
PRESSAVG: 174000 -177.195 -18.4731 32.4902 96.5314 -198.914 -21.6538 -385.921 225.742 959.965
GPRESSAVG: 174000 -177.824 -16.1018 31.4248 89.3301 -198.618 -22.1924 -385.325 226.96 959.181
ENERGY:  174000         0.0000         0.0000         0.0000         0.0000          -5568.9757       371.2424         0.0000         0.0000       970.0877          -4227.6457       308.1883     -5197.7333     -4225.2317       302.7622             42.4272        57.9300     22681.3476       194.6187       194.2465

LDB: ============= START OF LOAD BALANCING ============== 551.207
LDB: ============== END OF LOAD BALANCING =============== 551.207
Info: useSync: 0 useProxySync: 0
LDB: =============== DONE WITH MIGRATION ================ 551.207
LDB: ============= START OF LOAD BALANCING ============== 551.346
LDB: Largest compute 17 load 0.008477 is 14.2% of average load 0.059728
LDB: Average compute 0.002388 is 4.0% of average load 0.059728
LDB: TIME 551.346 LOAD: AVG 0.0597284 MAX 0.132776  PROXIES: TOTAL 28 MAXPE 3 MAXPATCH 5 None MEM: 0.407069 MB
LDB: TIME 551.346 LOAD: AVG 0.0597284 MAX 0.132776  PROXIES: TOTAL 32 MAXPE 4 MAXPATCH 6 RefineTorusLB MEM: 0.407069 MB
LDB: TIME 551.346 LOAD: AVG 0.0597284 MAX 0.132776  PROXIES: TOTAL 32 MAXPE 4 MAXPATCH 6 RefineTorusLB MEM: 0.407069 MB
LDB: Reverting to original mapping
LDB: ============== END OF LOAD BALANCING =============== 551.346
Info: useSync: 0 useProxySync: 0
LDB: =============== DONE WITH MIGRATION ================ 551.347
PRESSURE: 174500 -1114.02 -144.821 -407.381 -67.2424 -327.659 -128.759 -522.565 488.234 -34.4564
GPRESSURE: 174500 -1123.7 92.3142 -612.71 -26.7508 -203.512 -385.501 -263.327 443.24 -110.195
PRESSAVG: 174500 -182.676 13.448 23.637 63.2862 -383.409 -132.746 83.0236 41.2076 968.576
GPRESSAVG: 174500 -181.846 9.59393 25.6066 70.7985 -383.102 -135.5 80.9742 41.82 968.402
ENERGY:  174500         0.0000         0.0000         0.0000         0.0000          -5534.5656       342.3383         0.0000         0.0000       916.0284          -4276.1989       291.0142     -5192.2273     -4274.2346       301.3863           -492.0452      -479.1342     22681.3476       134.1638       134.4849

WRITING COORDINATES TO DCD FILE MD.dcd AT STEP 175000
WRITING COORDINATES TO RESTART FILE AT STEP 175000
FINISHED WRITING RESTART COORDINATES
PRESSURE: 175000 91.1557 -708.684 -576.281 -762.06 4.9716 39.5638 -652.953 222.532 263.946
GPRESSURE: 175000 206.409 -696.756 -517.028 -747.58 -91.5383 186.459 -676.732 201.601 284.546
PRESSAVG: 175000 -225.412 15.0973 -104.356 68.7661 -225.252 -27.7436 -130.766 258.875 706.274
GPRESSAVG: 175000 -225.537 18.3539 -99.8517 67.7576 -226.194 -25.3702 -132.324 256.884 705.977
TIMING: 175000  CPU: 535.805, 0.00279377/step  Wall: 542.106, 0.00280331/step, 0.0973372 hours remaining, 0.407069 MB of memory in use.
PERFORMANCE: 175000  averaging 55.7833 ns/day, 0.0030977 sec/step with standard deviation 0.000895595
ETITLE:      TS           BOND          ANGLE          DIHED          IMPRP               ELECT            VDW       BOUNDARY           MISC        KINETIC               TOTAL           TEMP      POTENTIAL         TOTAL3        TEMPAVG            PRESSURE      GPRESSURE         VOLUME       PRESSAVG      GPRESSAVG

ENERGY:  175000         0.0000         0.0000         0.0000         0.0000          -5586.2504       403.5045         0.0000         0.0000       934.3621          -4248.3838       296.8386     -5182.7459     -4246.8527       300.4588            120.0245       133.1388     22681.3476        85.2031        84.7484

WRITING EXTENDED SYSTEM TO RESTART FILE AT STEP 175000
WRITING VELOCITIES TO RESTART FILE AT STEP 175000
FINISHED WRITING RESTART VELOCITIES
PRESSURE: 175500 -724.436 -373.284 -134.159 -116.003 1865.48 -223.023 -17.0054 65.9583 921.826
GPRESSURE: 175500 -817.238 -579.554 -239.368 242.106 1796.94 -245.376 -29.5949 -109.591 1150.54
PRESSAVG: 175500 -454.23 -206.754 235.061 -338.693 -184.14 -60.735 198.518 60.0565 758.295
GPRESSAVG: 175500 -452.286 -212.482 230.219 -336.419 -185.336 -59.2839 200.048 59.9862 757.845
ENERGY:  175500         0.0000         0.0000         0.0000         0.0000          -5590.8948       442.5111         0.0000         0.0000       926.1340          -4222.2497       294.2246     -5148.3837     -4219.3586       302.8156            687.6232       710.0813     22681.3476        39.9749        40.0743

PRESSURE: 176000 -653.492 -86.0661 817.912 -384.877 -849.59 -165.824 831.285 549.005 1875.08
GPRESSURE: 176000 -860.719 -83.0171 854.213 -530.055 -524.53 30.4535 1012.33 375.274 1838.48
PRESSAVG: 176000 96.6792 -89.8316 134.184 -165.34 243.727 26.5394 157.438 293.321 1844.3
GPRESSAVG: 176000 95.8139 -89.6189 136.574 -166.961 246.21 25.5005 159.891 293.759 1843.31
ENERGY:  176000         0.0000         0.0000         0.0000         0.0000          -5592.0927       367.4039         0.0000         0.0000       937.6870          -4287.0018       297.8949     -5224.6888     -4284.4572       300.5216            123.9982       151.0786     22681.3476       728.2352       728.4439

LDB: ============= START OF LOAD BALANCING ============== 556.891
LDB: ============== END OF LOAD BALANCING =============== 556.892
Info: useSync: 0 useProxySync: 0
LDB: =============== DONE WITH MIGRATION ================ 556.892
LDB: ============= START OF LOAD BALANCING ============== 557.031
LDB: Largest compute 16 load 0.008770 is 14.7% of average load 0.059570
LDB: Average compute 0.002372 is 4.0% of average load 0.059570
LDB: TIME 557.032 LOAD: AVG 0.0595696 MAX 0.133015  PROXIES: TOTAL 28 MAXPE 3 MAXPATCH 5 None MEM: 0.407069 MB
LDB: TIME 557.032 LOAD: AVG 0.0595696 MAX 0.133015  PROXIES: TOTAL 32 MAXPE 4 MAXPATCH 6 RefineTorusLB MEM: 0.407069 MB
LDB: TIME 557.032 LOAD: AVG 0.0595696 MAX 0.133015  PROXIES: TOTAL 32 MAXPE 4 MAXPATCH 6 RefineTorusLB MEM: 0.407069 MB
LDB: Reverting to original mapping
LDB: ============== END OF LOAD BALANCING =============== 557.032
Info: useSync: 0 useProxySync: 0
LDB: =============== DONE WITH MIGRATION ================ 557.032
PRESSURE: 176500 -799.67 -337.872 323.833 -394.851 -98.187 -9.94681 111.895 321.198 -58.8389
GPRESSURE: 176500 -723.444 -537.551 458.218 -313.297 -89.9557 327.019 53.9566 43.0438 -67.076
PRESSAVG: 176500 -293.289 -174.057 386.108 -236.155 -224.422 -30.1858 284.142 200.367 749.101
GPRESSAVG: 176500 -293.063 -171.194 383.795 -239.17 -224.872 -28.0329 280.272 202.328 749.345
ENERGY:  176500         0.0000         0.0000         0.0000         0.0000          -5541.9350       348.5322         0.0000         0.0000       933.5417          -4259.8610       296.5780     -5193.4028     -4257.7392       298.0248           -318.8987      -293.4918     22681.3476        77.1298        77.1367

PRESSURE: 177000 -832.853 692.094 285.802 549.223 522.992 -302.841 -52.3803 13.8041 1494.03
GPRESSURE: 177000 -760.225 945.332 439.01 431.063 474.364 -320.57 -142.423 -144.123 1539.65
PRESSAVG: 177000 -216.516 -110.083 -17.0462 -11.379 -43.5063 35.7207 -79.98 172.659 1049.58
GPRESSAVG: 177000 -216.041 -110.719 -16.3443 -10.4921 -42.0907 33.2555 -75.6596 171.139 1047.34
ENERGY:  177000         0.0000         0.0000         0.0000         0.0000          -5602.3548       414.2166         0.0000         0.0000       901.6546          -4286.4836       286.4477     -5188.1382     -4285.0071       300.4063            394.7228       417.9283     22681.3476       263.1855       263.0680

PRESSURE: 177500 -647.137 -394.049 -69.8568 19.0356 -312.675 -647.099 -584.877 -88.6063 396.975
GPRESSURE: 177500 -702.839 -517.671 -109.561 -93.308 -184.231 -599.629 -637.174 4.98201 378.976
PRESSAVG: 177500 -138.322 -56.2619 -46.957 67.0228 -282.019 64.4241 -176.549 225.063 634.446
GPRESSAVG: 177500 -139.041 -56.8786 -43.9182 69.5304 -282.639 66.6761 -177.796 224.171 636.438
ENERGY:  177500         0.0000         0.0000         0.0000         0.0000          -5593.6253       380.1231         0.0000         0.0000       958.0582          -4255.4440       304.3667     -5213.5022     -4253.2508       299.4182           -187.6122      -169.3645     22681.3476        71.3684        71.5859

PRESSURE: 178000 -1075.8 -503.354 -374.558 229.126 -1162.02 -351.627 -122.322 200.352 282.858
GPRESSURE: 178000 -859.357 -917.622 -378.967 494.767 -1298.18 -59.3218 -85.6842 209.592 237.616
PRESSAVG: 178000 -105.774 17.6967 -24.8025 117.69 -314.461 2.93243 6.87146 266.043 736.135
GPRESSAVG: 178000 -106.02 22.3214 -25.6502 114.078 -315.81 3.91117 8.45586 267.443 739.298
ENERGY:  178000         0.0000         0.0000         0.0000         0.0000          -5519.2896       338.2759         0.0000         0.0000       949.1123          -4231.9014       301.5246     -5181.0137     -4228.9980       303.1649           -651.6545      -639.9723     22681.3476       105.2997       105.8228

LDB: ============= START OF LOAD BALANCING ============== 562.497
LDB: ============== END OF LOAD BALANCING =============== 562.497
Info: useSync: 0 useProxySync: 0
LDB: =============== DONE WITH MIGRATION ================ 562.497
LDB: ============= START OF LOAD BALANCING ============== 562.636
LDB: Largest compute 17 load 0.008950 is 15.0% of average load 0.059726
LDB: Average compute 0.002382 is 4.0% of average load 0.059726
LDB: TIME 562.637 LOAD: AVG 0.0597255 MAX 0.133375  PROXIES: TOTAL 28 MAXPE 3 MAXPATCH 5 None MEM: 0.407069 MB
LDB: TIME 562.637 LOAD: AVG 0.0597255 MAX 0.133375  PROXIES: TOTAL 32 MAXPE 4 MAXPATCH 6 RefineTorusLB MEM: 0.407069 MB
LDB: TIME 562.637 LOAD: AVG 0.0597255 MAX 0.133375  PROXIES: TOTAL 32 MAXPE 4 MAXPATCH 6 RefineTorusLB MEM: 0.407069 MB
LDB: Reverting to original mapping
LDB: ============== END OF LOAD BALANCING =============== 562.637
Info: useSync: 0 useProxySync: 0
LDB: =============== DONE WITH MIGRATION ================ 562.637
PRESSURE: 178500 1144.93 -109.498 207.539 137.675 1101.72 163.395 612.39 163.585 1220.3
GPRESSURE: 178500 1059.08 -20.689 107.932 287.057 1177.63 176.844 545.692 -47.448 1290.09
PRESSAVG: 178500 -493.503 -219.998 -46.9905 -194.142 -184.514 -140.774 -47.8924 -24.7012 1045.04
GPRESSAVG: 178500 -493.393 -225.528 -46.7448 -195.016 -183.44 -142.973 -49.6747 -26.2227 1044.48
ENERGY:  178500         0.0000         0.0000         0.0000         0.0000          -5663.5074       464.9742         0.0000         0.0000       989.3767          -4209.1565       314.3163     -5198.5332     -4206.5934       305.6426           1155.6496      1175.6017     22681.3476       122.3408       122.5501

PRESSURE: 179000 -380.217 -488.24 -306.359 -581.212 357.479 -243.717 -845.151 -90.5222 1109.22
GPRESSURE: 179000 -256.211 -482.652 -521.825 -441.894 252.32 -585.115 -604.875 96.719 1131.37
PRESSAVG: 179000 -278.481 -160.924 -73.8311 -103.347 -304.074 -292.341 -126.826 -23.8437 1123.67
GPRESSAVG: 179000 -277.756 -157.25 -74.9778 -101.122 -302.873 -297.838 -126.059 -20.2467 1122.4
ENERGY:  179000         0.0000         0.0000         0.0000         0.0000          -5598.9512       391.7298         0.0000         0.0000       978.1001          -4229.1213       310.7338     -5207.2214     -4226.7730       306.7711            362.1610       375.8276     22681.3476       180.3720       180.5905

PRESSURE: 179500 -315.449 -11.3086 -56.8516 -166.321 -278.359 41.4344 -232.868 -446.702 1246.09
GPRESSURE: 179500 -298.954 20.8752 62.1338 -428.603 -375.54 408.885 -343.806 -450.51 1389.67
PRESSAVG: 179500 132.789 147.535 45.1363 161.447 129.037 66.5862 83.0101 163.992 1169.07
GPRESSAVG: 179500 131.504 143.533 47.5092 161.782 127.872 70.0078 83.2357 160.82 1170.63
ENERGY:  179500         0.0000         0.0000         0.0000         0.0000          -5619.5749       413.0338         0.0000         0.0000       954.5828          -4251.9582       303.2626     -5206.5411     -4249.4999       300.7802            217.4291       238.3907     22681.3476       476.9667       476.6688

WRITING COORDINATES TO DCD FILE MD.dcd AT STEP 180000
WRITING COORDINATES TO RESTART FILE AT STEP 180000
FINISHED WRITING RESTART COORDINATES
WRITING VELOCITIES TO RESTART FILE AT STEP 180000
FINISHED WRITING RESTART VELOCITIES
PRESSURE: 180000 -518.252 -410.3 48.4098 -317.998 -214.104 468.865 62.4216 398.067 696.474
GPRESSURE: 180000 -301.778 -642.298 76.5143 -212.607 -169.22 542.514 119.041 600.621 540.982
PRESSAVG: 180000 -454.653 100.435 -9.51876 106.642 -488.314 54.6785 -80.2705 261.177 803.807
GPRESSAVG: 180000 -450.894 97.8019 -14.8049 106.225 -490.284 56.7407 -78.4352 263.564 801.927
TIMING: 180000  CPU: 549.809, 0.00280094/step  Wall: 556.198, 0.00281843/step, 0.0939476 hours remaining, 0.407069 MB of memory in use.
PERFORMANCE: 180000  averaging 55.9234 ns/day, 0.00308994 sec/step with standard deviation 0.000883935
ETITLE:      TS           BOND          ANGLE          DIHED          IMPRP               ELECT            VDW       BOUNDARY           MISC        KINETIC               TOTAL           TEMP      POTENTIAL         TOTAL3        TEMPAVG            PRESSURE      GPRESSURE         VOLUME       PRESSAVG      GPRESSAVG

ENERGY:  180000         0.0000         0.0000         0.0000         0.0000          -5624.6752       395.6768         0.0000         0.0000       929.7567          -4299.2417       295.3755     -5228.9983     -4296.8882       297.7552            -11.9607        23.3283     22681.3476       -46.3867       -46.4169

WRITING EXTENDED SYSTEM TO RESTART FILE AT STEP 180000
LDB: ============= START OF LOAD BALANCING ============== 568.109
LDB: ============== END OF LOAD BALANCING =============== 568.109
Info: useSync: 0 useProxySync: 0
LDB: =============== DONE WITH MIGRATION ================ 568.109
LDB: ============= START OF LOAD BALANCING ============== 568.248
LDB: Largest compute 16 load 0.007905 is 13.2% of average load 0.059811
LDB: Average compute 0.002389 is 4.0% of average load 0.059811
LDB: TIME 568.248 LOAD: AVG 0.0598113 MAX 0.132801  PROXIES: TOTAL 28 MAXPE 3 MAXPATCH 5 None MEM: 0.407069 MB
LDB: TIME 568.248 LOAD: AVG 0.0598113 MAX 0.132801  PROXIES: TOTAL 32 MAXPE 4 MAXPATCH 6 RefineTorusLB MEM: 0.407069 MB
LDB: TIME 568.248 LOAD: AVG 0.0598113 MAX 0.132801  PROXIES: TOTAL 32 MAXPE 4 MAXPATCH 6 RefineTorusLB MEM: 0.407069 MB
LDB: ============== END OF LOAD BALANCING =============== 568.248
Info: useSync: 0 useProxySync: 0
LDB: =============== DONE WITH MIGRATION ================ 568.249
PRESSURE: 180500 170.586 298.567 273.994 196.505 -631.462 141.745 187.438 572.882 398.54
GPRESSURE: 180500 246.334 557.333 439.996 373.019 -586.166 238.321 -3.37075 909.047 302.135
PRESSAVG: 180500 -567.932 26.1017 8.67097 46.8926 -528.43 5.55425 67.9354 246.485 755.251
GPRESSAVG: 180500 -568.961 29.1928 12.1618 46.3086 -528.756 3.87219 67.7378 247.197 755.984
ENERGY:  180500         0.0000         0.0000         0.0000         0.0000          -5635.5179       396.2480         0.0000         0.0000       937.2667          -4302.0032       297.7614     -5239.2699     -4300.1425       293.2661            -20.7785       -12.5656     22681.3476      -113.7035      -113.9112

PRESSURE: 181000 -680.711 182.962 -103.627 502.928 -505.406 754.944 -91.4516 331.733 950.937
GPRESSURE: 181000 -799.799 466.845 197.142 282.32 -262.481 896.995 -37.0631 147.65 908.149
PRESSAVG: 181000 -457.024 21.9727 -7.36619 88.7096 -577.845 -77.3198 -87.2672 236.316 570.293
GPRESSAVG: 181000 -458.764 24.1301 -6.15745 87.2346 -576.269 -79.106 -89.1225 237.613 570.2
ENERGY:  181000         0.0000         0.0000         0.0000         0.0000          -5660.2604       411.1971         0.0000         0.0000       929.9646          -4319.0987       295.4416     -5249.0633     -4316.8586       294.0782            -78.3935       -51.3772     22681.3476      -154.8587      -154.9442

PRESSURE: 181500 -150.127 356.547 -129.405 496.328 225.825 -126.58 -791.558 -86.9088 1858.23
GPRESSURE: 181500 -202.647 542.274 -23.5505 558.152 252.639 36.661 -1038.79 -42.3818 1975.94
PRESSAVG: 181500 -203.962 120.972 23.2537 160.965 -365.598 111.154 -54.3152 163.964 922.984
GPRESSAVG: 181500 -201.673 116.852 21.3123 160.691 -366.087 115.35 -52.6481 158.573 921.005
ENERGY:  181500         0.0000         0.0000         0.0000         0.0000          -5673.6618       437.8343         0.0000         0.0000       938.1534          -4297.6742       298.0431     -5235.8276     -4295.7436       291.4667            644.6418       675.3117     22681.3476       117.8082       117.7482

PRESSURE: 182000 -1406.28 -108.374 -583.744 -34.8859 51.0188 48.4895 -133.602 546.421 691.132
GPRESSURE: 182000 -1478.4 -111.98 -839.518 336.254 19.805 -115.705 189.806 661.597 876.506
PRESSAVG: 182000 -247.547 135.339 -83.7298 285.703 -276.263 83.2441 -47.1132 666.549 1056.42
GPRESSAVG: 182000 -252.184 135.294 -80.9297 287.777 -274.536 78.6699 -47.7857 669.232 1059.01
ENERGY:  182000         0.0000         0.0000         0.0000         0.0000          -5635.5938       389.8971         0.0000         0.0000       933.4670          -4312.2298       296.5543     -5245.6967     -4310.0476       294.9867           -221.3752      -194.0297     22681.3476       177.5359       177.4293

LDB: ============= START OF LOAD BALANCING ============== 573.719
LDB: ============== END OF LOAD BALANCING =============== 573.719
Info: useSync: 0 useProxySync: 0
LDB: =============== DONE WITH MIGRATION ================ 573.719
LDB: ============= START OF LOAD BALANCING ============== 573.858
LDB: Largest compute 16 load 0.008075 is 13.6% of average load 0.059516
LDB: Average compute 0.002371 is 4.0% of average load 0.059516
LDB: TIME 573.858 LOAD: AVG 0.0595163 MAX 0.133426  PROXIES: TOTAL 28 MAXPE 3 MAXPATCH 5 None MEM: 0.407069 MB
LDB: TIME 573.859 LOAD: AVG 0.0595163 MAX 0.133426  PROXIES: TOTAL 32 MAXPE 4 MAXPATCH 6 RefineTorusLB MEM: 0.407069 MB
LDB: TIME 573.859 LOAD: AVG 0.0595163 MAX 0.133426  PROXIES: TOTAL 32 MAXPE 4 MAXPATCH 6 RefineTorusLB MEM: 0.407069 MB
LDB: Reverting to original mapping
LDB: ============== END OF LOAD BALANCING =============== 573.859
Info: useSync: 0 useProxySync: 0
LDB: =============== DONE WITH MIGRATION ================ 573.859
PRESSURE: 182500 -757.145 -289.816 908.311 39.8717 774.161 -989.854 979.297 -776.009 1271.46
GPRESSURE: 182500 -711.259 -190.687 730.434 -483.223 794.767 -713.575 1083.71 -681.781 1252.86
PRESSAVG: 182500 -373.248 -4.14892 10.8043 93.0494 -700.148 118.231 75.358 301.214 1040.5
GPRESSAVG: 182500 -371.443 -4.3281 9.05462 93.4708 -700.57 117.611 71.7344 303.54 1039.1
ENERGY:  182500         0.0000         0.0000         0.0000         0.0000          -5674.0068       431.7010         0.0000         0.0000       932.8975          -4309.4083       296.3733     -5242.3057     -4306.4105       293.8065            429.4926       445.4572     22681.3476       -10.9666       -10.9707

PRESSURE: 183000 514.342 -229.175 286.828 -805.271 -481.456 301.604 628.006 236.276 679.775
GPRESSURE: 183000 443.866 -308.684 384.98 -979.645 -473.655 402.989 554.773 35.0029 846.888
PRESSAVG: 183000 -68.6519 -99.8583 66.9545 -102.035 -62.594 -62.2368 -19.5775 148.526 1110.17
GPRESSAVG: 183000 -67.6939 -96.351 68.2084 -105.243 -62.6075 -62.4632 -18.9423 148.933 1109.38
ENERGY:  183000         0.0000         0.0000         0.0000         0.0000          -5637.1229       418.0627         0.0000         0.0000       947.1270          -4271.9332       300.8939     -5219.0602     -4268.3290       299.9069            237.5540       272.3663     22681.3476       326.3074       326.3579

PRESSURE: 183500 -464.161 412.462 -678.921 356.355 -993.889 -665.406 -681.867 -527.425 27.072
GPRESSURE: 183500 -604.195 356.997 -749.476 328.642 -1019.98 -840.478 -710.806 -388.28 214.147
PRESSAVG: 183500 -633.799 84.8973 -146.002 68.697 -570.594 -218.17 -223.816 28.7176 673.392
GPRESSAVG: 183500 -634.032 81.3311 -142.515 70.8396 -570.428 -217.207 -223.639 25.5852 673.597
ENERGY:  183500         0.0000         0.0000         0.0000         0.0000          -5587.9676       353.1806         0.0000         0.0000       951.4497          -4283.3373       302.2672     -5234.7870     -4281.1127       296.3299           -476.9927      -470.0078     22681.3476      -177.0006      -176.9543

PRESSURE: 184000 236.919 -169.529 121.284 -227.62 -772.548 -183.691 -253.742 -44.4512 118.485
GPRESSURE: 184000 283.005 152.47 -120.291 -11.6736 -535.726 -460.719 -301.487 284.265 -143.052
PRESSAVG: 184000 -251.118 15.8742 90.6189 -85.7203 -549.008 -272.559 -82.059 -83.6521 794.532
GPRESSAVG: 184000 -249.859 17.2998 86.9572 -83.9669 -549.569 -269.863 -80.6932 -83.2243 795.328
ENERGY:  184000         0.0000         0.0000         0.0000         0.0000          -5587.8127       382.5902         0.0000         0.0000       934.8164          -4270.4061       296.9830     -5205.2225     -4268.4236       298.4333           -139.0482      -131.9240     22681.3476        -1.8646        -1.3667

LDB: ============= START OF LOAD BALANCING ============== 579.305
LDB: ============== END OF LOAD BALANCING =============== 579.305
Info: useSync: 0 useProxySync: 0
LDB: =============== DONE WITH MIGRATION ================ 579.305
LDB: ============= START OF LOAD BALANCING ============== 579.444
LDB: Largest compute 16 load 0.008520 is 14.2% of average load 0.059958
LDB: Average compute 0.002380 is 4.0% of average load 0.059958
LDB: TIME 579.452 LOAD: AVG 0.0599584 MAX 0.133298  PROXIES: TOTAL 28 MAXPE 3 MAXPATCH 5 None MEM: 0.407069 MB
LDB: TIME 579.452 LOAD: AVG 0.0599584 MAX 0.133298  PROXIES: TOTAL 32 MAXPE 4 MAXPATCH 6 RefineTorusLB MEM: 0.407069 MB
LDB: TIME 579.452 LOAD: AVG 0.0599584 MAX 0.133298  PROXIES: TOTAL 32 MAXPE 4 MAXPATCH 6 RefineTorusLB MEM: 0.407069 MB
LDB: ============== END OF LOAD BALANCING =============== 579.457
Info: useSync: 0 useProxySync: 0
LDB: =============== DONE WITH MIGRATION ================ 579.457
PRESSURE: 184500 -664.585 227.576 -218.476 371.397 -1015.74 534.958 33.2135 367.519 905.287
GPRESSURE: 184500 -625.082 263.127 -255.972 458.675 -1042.35 294.502 -104.463 438.426 987.718
PRESSAVG: 184500 -48.0335 233.88 127.139 239.471 -416.685 140.264 -58.8555 149.697 941.513
GPRESSAVG: 184500 -48.634 234.934 129.824 239.093 -414.335 134.349 -59.7536 154.841 940.728
ENERGY:  184500         0.0000         0.0000         0.0000         0.0000          -5563.1965       349.9664         0.0000         0.0000       955.6531          -4257.5770       303.6026     -5213.2301     -4255.6943       299.2721           -258.3451      -226.5712     22681.3476       158.9315       159.2527

WRITING COORDINATES TO DCD FILE MD.dcd AT STEP 185000
WRITING COORDINATES TO RESTART FILE AT STEP 185000
FINISHED WRITING RESTART COORDINATES
WRITING VELOCITIES TO RESTART FILE AT STEP 185000
FINISHED WRITING RESTART VELOCITIES
PRESSURE: 185000 -697.484 -581.853 596.926 27.1589 65.6048 -45.2899 1062.31 242.345 1114.58
GPRESSURE: 185000 -690.878 -878.971 572.105 157.402 149.967 16.1153 1065.4 470.44 1073.79
PRESSAVG: 185000 -459.035 47.7913 -91.3209 117.77 -236.168 -85.3891 -32.4333 125.914 598.495
GPRESSAVG: 185000 -456.999 49.6915 -95.4643 115.735 -238.7 -81.358 -30.2994 124.346 599.401
TIMING: 185000  CPU: 563.764, 0.00279089/step  Wall: 570.219, 0.00280432/step, 0.0895825 hours remaining, 0.407069 MB of memory in use.
PERFORMANCE: 185000  averaging 56.0635 ns/day, 0.00308222 sec/step with standard deviation 0.000872835
ETITLE:      TS           BOND          ANGLE          DIHED          IMPRP               ELECT            VDW       BOUNDARY           MISC        KINETIC               TOTAL           TEMP      POTENTIAL         TOTAL3        TEMPAVG            PRESSURE      GPRESSURE         VOLUME       PRESSAVG      GPRESSAVG

ENERGY:  185000         0.0000         0.0000         0.0000         0.0000          -5632.1972       406.8197         0.0000         0.0000       987.9826          -4237.3950       313.8734     -5225.3776     -4234.4343       304.6342            160.8992       177.6271     22681.3476       -32.2359       -32.0994

WRITING EXTENDED SYSTEM TO RESTART FILE AT STEP 185000
PRESSURE: 185500 503.044 -282.582 71.7414 -374.163 860.283 30.3201 269.843 281.606 477.411
GPRESSURE: 185500 558.055 -163.413 9.17973 -501.746 1023.17 406.25 29.2581 -209.824 355.413
PRESSAVG: 185500 -129.158 -32.9193 237.772 57.8214 -150.406 66.7216 264.313 196.631 854.525
GPRESSAVG: 185500 -131.793 -32.1071 241.477 56.8115 -149.204 69.4741 263.717 198.628 856.592
ENERGY:  185500         0.0000         0.0000         0.0000         0.0000          -5647.6290       433.9531         0.0000         0.0000       955.2299          -4258.4460       303.4682     -5213.6759     -4257.1232       302.4393            613.5793       645.5453     22681.3476       191.6538       191.8650

PRESSURE: 186000 -63.3802 588.023 562.582 229.805 379.149 -379.488 784.087 70.5202 374.878
GPRESSURE: 186000 71.0472 873.664 732.588 -36.8571 342.951 -601.928 490.17 90.7646 351.859
PRESSAVG: 186000 -568.093 72.4379 23.3667 -57.2978 -467.228 35.61 -9.09484 306.959 864.614
GPRESSAVG: 186000 -566.476 69.4107 22.8777 -53.3791 -467.653 31.6222 -10.5848 304.436 864.391
ENERGY:  186000         0.0000         0.0000         0.0000         0.0000          -5586.4322       397.9312         0.0000         0.0000       926.6746          -4261.8264       294.3964     -5188.5010     -4259.1438       297.8160            230.2154       255.2855     22681.3476       -56.9021       -56.5791

LDB: ============= START OF LOAD BALANCING ============== 584.967
LDB: ============== END OF LOAD BALANCING =============== 584.967
Info: useSync: 0 useProxySync: 0
LDB: =============== DONE WITH MIGRATION ================ 584.967
LDB: ============= START OF LOAD BALANCING ============== 585.106
LDB: Largest compute 16 load 0.008205 is 13.7% of average load 0.059781
LDB: Average compute 0.002385 is 4.0% of average load 0.059781
LDB: TIME 585.107 LOAD: AVG 0.0597811 MAX 0.132926  PROXIES: TOTAL 28 MAXPE 3 MAXPATCH 5 None MEM: 0.407069 MB
LDB: TIME 585.107 LOAD: AVG 0.0597811 MAX 0.132926  PROXIES: TOTAL 32 MAXPE 4 MAXPATCH 6 RefineTorusLB MEM: 0.407069 MB
LDB: TIME 585.107 LOAD: AVG 0.0597811 MAX 0.132926  PROXIES: TOTAL 32 MAXPE 4 MAXPATCH 6 RefineTorusLB MEM: 0.407069 MB
LDB: ============== END OF LOAD BALANCING =============== 585.107
Info: useSync: 0 useProxySync: 0
LDB: =============== DONE WITH MIGRATION ================ 585.107
PRESSURE: 186500 -220.182 -260.056 -552.426 -464.628 -290.505 -286.525 -471.791 -60.2213 1040.23
GPRESSURE: 186500 24.2838 -394.873 -674.489 -336.438 -355.482 -432.179 -534.589 -214.269 891.615
PRESSAVG: 186500 -253.49 -137.503 68.5331 -161.603 -89.1534 77.5021 -86.4034 295.759 926.595
GPRESSAVG: 186500 -254.595 -137.782 68.9284 -164.446 -87.3827 80.1841 -84.6358 292.705 926.253
ENERGY:  186500         0.0000         0.0000         0.0000         0.0000          -5587.5549       386.5521         0.0000         0.0000       936.8246          -4264.1781       297.6210     -5201.0028     -4262.6207       300.0364            176.5148       186.8055     22681.3476       194.6506       194.7585

PRESSURE: 187000 -966.9 -18.6782 543.112 -296.43 467.76 -301.699 455.43 -703.343 1359.01
GPRESSURE: 187000 -780.292 109.339 741.425 -412.553 450.343 -245.661 197.29 -800.855 1243.72
PRESSAVG: 187000 -258.038 57.2242 -119.557 93.8438 -269.899 -170.418 -134.427 50.7335 698.884
GPRESSAVG: 187000 -255.465 57.9568 -123.627 92.5629 -270.231 -170.425 -131.954 49.8411 697.203
ENERGY:  187000         0.0000         0.0000         0.0000         0.0000          -5605.7855       400.8153         0.0000         0.0000       951.5297          -4253.4406       302.2926     -5204.9702     -4250.9673       298.7287            286.6216       304.5909     22681.3476        56.9822        57.1688

PRESSURE: 187500 957.686 -706.36 -139.004 -801.548 564.821 223.888 -340.538 836.232 918.091
GPRESSURE: 187500 1107.5 -443.086 -554.986 -967.901 508.317 52.7095 -309.609 814.619 852.522
PRESSAVG: 187500 -9.8737 -76.2231 49.3874 -73.9287 -191.306 -66.0399 36.7785 269.852 516.404
GPRESSAVG: 187500 -11.4887 -80.7735 50.992 -68.5665 -188.614 -64.6021 33.6062 276.2 515.442
ENERGY:  187500         0.0000         0.0000         0.0000         0.0000          -5651.1315       452.1477         0.0000         0.0000       946.2254          -4252.7585       300.6075     -5198.9838     -4250.8210       299.6660            813.5322       822.7801     22681.3476       105.0748       105.1131

PRESSURE: 188000 419.77 -282.018 -633.232 -678.544 -933.374 -51.4546 -647.968 626.597 841.837
GPRESSURE: 188000 634.096 -329.101 -617.358 -746.486 -853.857 -80.8684 -600.658 446.914 629.683
PRESSAVG: 188000 -356.893 32.6658 -173.748 -1.80719 -245.217 55.2615 49.3826 554.631 663.239
GPRESSAVG: 188000 -356.034 33.8765 -173.875 -2.69493 -244.111 51.8414 51.6812 551.673 661.226
ENERGY:  188000         0.0000         0.0000         0.0000         0.0000          -5616.9874       400.5929         0.0000         0.0000       927.2754          -4289.1191       294.5873     -5216.3945     -4286.3972       297.5803            109.4111       136.6408     22681.3476        20.3764        20.3605

LDB: ============= START OF LOAD BALANCING ============== 590.542
LDB: ============== END OF LOAD BALANCING =============== 590.542
Info: useSync: 0 useProxySync: 0
LDB: =============== DONE WITH MIGRATION ================ 590.543
LDB: ============= START OF LOAD BALANCING ============== 590.682
LDB: Largest compute 17 load 0.008497 is 14.1% of average load 0.060060
LDB: Average compute 0.002399 is 4.0% of average load 0.060060
LDB: TIME 590.682 LOAD: AVG 0.0600601 MAX 0.133368  PROXIES: TOTAL 28 MAXPE 3 MAXPATCH 5 None MEM: 0.407069 MB
LDB: TIME 590.682 LOAD: AVG 0.0600601 MAX 0.133368  PROXIES: TOTAL 32 MAXPE 4 MAXPATCH 6 RefineTorusLB MEM: 0.407069 MB
LDB: TIME 590.682 LOAD: AVG 0.0600601 MAX 0.133368  PROXIES: TOTAL 32 MAXPE 4 MAXPATCH 6 RefineTorusLB MEM: 0.407069 MB
LDB: Reverting to original mapping
LDB: ============== END OF LOAD BALANCING =============== 590.682
Info: useSync: 0 useProxySync: 0
LDB: =============== DONE WITH MIGRATION ================ 590.682
PRESSURE: 188500 -716.736 -491.091 279.118 -561.216 -698.809 138.075 718.351 786.778 -227.423
GPRESSURE: 188500 -829.607 -414.038 464.909 -471.014 -583.821 120.209 531.785 499.357 -174.561
PRESSAVG: 188500 -241.127 -77.4 -15.1285 -112.781 -258.956 48.1814 -47.8518 433.439 597.435
GPRESSAVG: 188500 -241.621 -74.4674 -16.3671 -115.314 -261.029 47.9822 -46.6111 435.079 600.236
ENERGY:  188500         0.0000         0.0000         0.0000         0.0000          -5615.7225       373.5192         0.0000         0.0000       919.8168          -4322.3864       292.2177     -5242.2032     -4321.4663       294.5460           -547.6561      -529.3297     22681.3476        32.4507        32.5286

PRESSURE: 189000 -247.61 -150.259 660.532 -223.61 -1503.66 812.949 282.944 991.397 377.131
GPRESSURE: 189000 -301.965 12.0421 686.198 -142.403 -1413.66 641.495 662.034 923.86 390.193
PRESSAVG: 189000 -399.942 100.874 230.515 29.9054 -500.133 -95.8218 65.196 389.522 755.091
GPRESSAVG: 189000 -400.506 101.118 230.978 31.9087 -499.549 -94.7164 63.6724 388.805 754.691
ENERGY:  189000         0.0000         0.0000         0.0000         0.0000          -5581.0493       350.1262         0.0000         0.0000       947.0951          -4283.8279       300.8838     -5230.9230     -4281.1020       293.9459           -458.0477      -441.8091     22681.3476       -48.3281       -48.4547

PRESSURE: 189500 -1289.38 -56.2755 342.847 43.8076 -891.528 59.1875 766.385 774.168 894.987
GPRESSURE: 189500 -1397.57 253.568 326.051 -379.983 -826.411 105.989 796.217 1008.7 1020.51
PRESSAVG: 189500 -517.47 10.0192 4.40059 129.995 -290.015 114.018 -110.963 390.063 369.486
GPRESSAVG: 189500 -516.402 5.40703 6.45469 130.482 -291.006 114.548 -110.522 391.033 369.713
ENERGY:  189500         0.0000         0.0000         0.0000         0.0000          -5623.7197       371.4634         0.0000         0.0000       923.2859          -4328.9704       293.3198     -5252.2563     -4325.6658       295.0174           -428.6392      -401.1551     22681.3476      -145.9998      -145.8983

WRITING COORDINATES TO DCD FILE MD.dcd AT STEP 190000
WRITING COORDINATES TO RESTART FILE AT STEP 190000
FINISHED WRITING RESTART COORDINATES
WRITING VELOCITIES TO RESTART FILE AT STEP 190000
FINISHED WRITING RESTART VELOCITIES
PRESSURE: 190000 -237.378 107.885 -97.1659 -56.3151 -632.045 394.818 -208.977 349.266 545.544
GPRESSURE: 190000 -348.606 363.805 189.775 -250.591 -518.661 292.861 -301.255 294.272 606.197
PRESSAVG: 190000 -508.065 -65.8748 335.9 -40.8789 -636.076 -5.93728 -190.798 508.211 725.94
GPRESSAVG: 190000 -508.971 -59.5531 335.196 -41.6175 -635.429 -3.10832 -191.97 503.603 725.973
TIMING: 190000  CPU: 577.819, 0.0028111/step  Wall: 584.352, 0.00282649/step, 0.0863651 hours remaining, 0.407069 MB of memory in use.
PERFORMANCE: 190000  averaging 56.1861 ns/day, 0.00307549 sec/step with standard deviation 0.000861958
ETITLE:      TS           BOND          ANGLE          DIHED          IMPRP               ELECT            VDW       BOUNDARY           MISC        KINETIC               TOTAL           TEMP      POTENTIAL         TOTAL3        TEMPAVG            PRESSURE      GPRESSURE         VOLUME       PRESSAVG      GPRESSAVG

ENERGY:  190000         0.0000         0.0000         0.0000         0.0000          -5660.3371       408.3334         0.0000         0.0000       893.0879          -4358.9158       283.7262     -5252.0037     -4356.8770       291.2728           -107.9596       -87.0236     22681.3476      -139.4000      -139.4757

WRITING EXTENDED SYSTEM TO RESTART FILE AT STEP 190000
LDB: ============= START OF LOAD BALANCING ============== 596.297
LDB: ============== END OF LOAD BALANCING =============== 596.298
Info: useSync: 0 useProxySync: 0
LDB: =============== DONE WITH MIGRATION ================ 596.298
LDB: ============= START OF LOAD BALANCING ============== 596.438
LDB: Largest compute 16 load 0.008366 is 14.1% of average load 0.059346
LDB: Average compute 0.002360 is 4.0% of average load 0.059346
LDB: TIME 596.438 LOAD: AVG 0.0593459 MAX 0.134538  PROXIES: TOTAL 28 MAXPE 3 MAXPATCH 5 None MEM: 0.407069 MB
LDB: TIME 596.439 LOAD: AVG 0.0593459 MAX 0.134538  PROXIES: TOTAL 32 MAXPE 4 MAXPATCH 6 RefineTorusLB MEM: 0.407069 MB
LDB: TIME 596.439 LOAD: AVG 0.0593459 MAX 0.134538  PROXIES: TOTAL 32 MAXPE 4 MAXPATCH 6 RefineTorusLB MEM: 0.407069 MB
LDB: Reverting to original mapping
LDB: ============== END OF LOAD BALANCING =============== 596.439
Info: useSync: 0 useProxySync: 0
LDB: =============== DONE WITH MIGRATION ================ 596.439
PRESSURE: 190500 -940.292 -213.673 -241.26 147.615 -133.235 83.2848 -283.808 427.765 -340.113
GPRESSURE: 190500 -978.652 -271.292 -221.222 417.881 -93.7326 15.6417 -140.734 409.41 -307.579
PRESSAVG: 190500 -352.509 -127.626 -167.793 -53.0482 -306.427 23.6758 -117.464 448.457 984.768
GPRESSAVG: 190500 -351.823 -131.039 -165.748 -52.2996 -307.78 20.2425 -115.218 453.429 982.658
ENERGY:  190500         0.0000         0.0000         0.0000         0.0000          -5618.4698       353.6562         0.0000         0.0000       946.3138          -4318.4999       300.6356     -5264.8137     -4316.1899       290.4214           -471.2130      -459.9881     22681.3476       108.6108       107.6851

PRESSURE: 191000 244.946 -329.77 -198.174 -357.18 240.94 -98.8844 -1244.89 267.277 940.586
GPRESSURE: 191000 222.813 205.673 -104.732 -697.678 373.354 -344.56 -1024.16 385.155 897.689
PRESSAVG: 191000 -192.181 -65.2958 97.4503 -9.2429 -601.593 124.971 -138.716 441.336 905.913
GPRESSAVG: 191000 -195.269 -64.6582 98.3455 -10.5424 -600.291 127.25 -141.786 439.975 908.099
ENERGY:  191000         0.0000         0.0000         0.0000         0.0000          -5678.8763       443.2279         0.0000         0.0000       955.7248          -4279.9236       303.6254     -5235.6484     -4277.4590       293.7983            475.4907       497.9521     22681.3476        37.3799        37.5130

PRESSURE: 191500 -758.175 355.686 47.9551 -65.5459 -838.608 410.369 -78.5846 674.245 335.158
GPRESSURE: 191500 -793.649 292.263 -117.104 6.07169 -771.024 588.092 -180.892 549.302 375.697
PRESSAVG: 191500 -321.726 70.2489 1.95692 119.653 -535.733 -40.6855 -145.158 261.531 687.728
GPRESSAVG: 191500 -319.393 70.7134 -0.795821 121.177 -536.612 -39.1164 -143.867 261.551 686.107
ENERGY:  191500         0.0000         0.0000         0.0000         0.0000          -5556.9718       363.5030         0.0000         0.0000       904.3148          -4289.1541       287.2929     -5193.4688     -4286.6363       296.7788           -420.5418      -396.3253     22681.3476       -56.5771       -56.6326

PRESSURE: 192000 -1018.54 122.384 395.716 307.933 -1085.81 -210.233 369.19 77.5847 279.701
GPRESSURE: 192000 -1086.28 322.087 201.668 521.274 -1004.96 -409.319 413.246 95.5216 323.345
PRESSAVG: 192000 -460.692 -92.5146 76.8006 -129.396 -525.715 -87.6469 -135.991 208.951 1073.76
GPRESSAVG: 192000 -460.638 -94.3899 76.2215 -128.968 -525.472 -89.1982 -133.043 209.23 1074.09
ENERGY:  192000         0.0000         0.0000         0.0000         0.0000          -5595.1586       354.0681         0.0000         0.0000       962.7113          -4278.3792       305.8449     -5241.0906     -4276.3400       298.3249           -608.2170      -589.2993     22681.3476        29.1162        29.3268

LDB: ============= START OF LOAD BALANCING ============== 601.951
LDB: ============== END OF LOAD BALANCING =============== 601.951
Info: useSync: 0 useProxySync: 0
LDB: =============== DONE WITH MIGRATION ================ 601.951
LDB: ============= START OF LOAD BALANCING ============== 602.091
LDB: Largest compute 16 load 0.008078 is 13.7% of average load 0.058891
LDB: Average compute 0.002340 is 4.0% of average load 0.058891
LDB: TIME 602.092 LOAD: AVG 0.0588911 MAX 0.134074  PROXIES: TOTAL 28 MAXPE 3 MAXPATCH 5 None MEM: 0.407069 MB
LDB: TIME 602.092 LOAD: AVG 0.0588911 MAX 0.134074  PROXIES: TOTAL 32 MAXPE 4 MAXPATCH 6 RefineTorusLB MEM: 0.407069 MB
LDB: TIME 602.092 LOAD: AVG 0.0588911 MAX 0.134074  PROXIES: TOTAL 32 MAXPE 4 MAXPATCH 6 RefineTorusLB MEM: 0.407069 MB
LDB: Reverting to original mapping
LDB: ============== END OF LOAD BALANCING =============== 602.092
Info: useSync: 0 useProxySync: 0
LDB: =============== DONE WITH MIGRATION ================ 602.092
PRESSURE: 192500 -773.943 -52.3051 -428.564 137.915 49.3454 946.509 -1026.83 1008.97 -420.373
GPRESSURE: 192500 -734.463 -115.741 -647.016 261.644 43.6543 860.598 -813.664 784.977 -394.706
PRESSAVG: 192500 -715.686 53.4583 131.243 170.744 -405.157 -137.742 -114.368 225.81 824.548
GPRESSAVG: 192500 -716.408 55.7539 133.601 173.488 -406.644 -137.949 -114.781 223.454 825.53
ENERGY:  192500         0.0000         0.0000         0.0000         0.0000          -5605.0132       362.0170         0.0000         0.0000       962.7818          -4280.2144       305.8673     -5242.9962     -4278.0880       296.7579           -381.6568      -361.8382     22681.3476       -98.7650       -99.1739

PRESSURE: 193000 -239.43 -98.5818 537.536 168.269 -1550.47 372.294 378.268 863.497 497.385
GPRESSURE: 193000 -217.252 -239.283 741.67 135.959 -1572.23 390.636 548.081 714.955 546.296
PRESSAVG: 193000 -487.439 138.279 109.324 75.0933 -305.458 -157.24 -90.9415 216.977 769.233
GPRESSAVG: 193000 -488.307 136.665 106.942 74.7559 -304.113 -155.524 -93.0535 218.028 769.595
ENERGY:  193000         0.0000         0.0000         0.0000         0.0000          -5576.3005       346.5485         0.0000         0.0000       937.5505          -4292.2015       297.8515     -5229.7520     -4289.8861       295.9125           -430.8371      -414.3936     22681.3476        -7.8879        -7.6080

PRESSURE: 193500 -267.171 -500.547 -285.907 -609.543 -765.142 -111.868 192.568 621.9 1309.49
GPRESSURE: 193500 -567.658 -516.627 16.5743 -717.159 -538.556 -150.671 148.212 519.787 1411.07
PRESSAVG: 193500 -600.444 -19.4263 121.919 -156.123 -449.828 -95.7017 20.3058 233.966 550.715
GPRESSAVG: 193500 -599.574 -20.5544 121.311 -157.23 -451.077 -97.7065 18.8431 237.335 551.239
ENERGY:  193500         0.0000         0.0000         0.0000         0.0000          -5545.4800       381.4790         0.0000         0.0000       925.8567          -4238.1442       294.1366     -5164.0009     -4237.0539       293.6749             92.3939       101.6184     22681.3476      -166.5191      -166.4707

PRESSURE: 194000 531.416 -221.439 -612.543 -173.199 -909.247 789.682 -307.29 893.554 235.218
GPRESSURE: 194000 442.839 51.1834 -584.709 -355.82 -821.018 779.858 -520.574 960.928 275.432
PRESSAVG: 194000 -429.46 68.0139 -248.699 140.311 -264.703 121.578 -93.1633 412.9 733.971
GPRESSAVG: 194000 -430.525 67.2934 -248.503 142.863 -263.032 123.411 -93.0814 412.849 732.863
ENERGY:  194000         0.0000         0.0000         0.0000         0.0000          -5592.4716       384.6443         0.0000         0.0000       943.4592          -4264.3681       299.7287     -5207.8273     -4261.6286       297.9926            -47.5378       -34.2492     22681.3476        13.2695        13.1022

LDB: ============= START OF LOAD BALANCING ============== 607.598
LDB: ============== END OF LOAD BALANCING =============== 607.598
Info: useSync: 0 useProxySync: 0
LDB: =============== DONE WITH MIGRATION ================ 607.598
LDB: ============= START OF LOAD BALANCING ============== 607.739
LDB: Largest compute 16 load 0.008180 is 13.8% of average load 0.059369
LDB: Average compute 0.002361 is 4.0% of average load 0.059369
LDB: TIME 607.739 LOAD: AVG 0.0593688 MAX 0.134578  PROXIES: TOTAL 28 MAXPE 3 MAXPATCH 5 None MEM: 0.407069 MB
LDB: TIME 607.739 LOAD: AVG 0.0593688 MAX 0.134578  PROXIES: TOTAL 32 MAXPE 4 MAXPATCH 6 RefineTorusLB MEM: 0.407069 MB
LDB: TIME 607.739 LOAD: AVG 0.0593688 MAX 0.134578  PROXIES: TOTAL 32 MAXPE 4 MAXPATCH 6 RefineTorusLB MEM: 0.407069 MB
LDB: Reverting to original mapping
LDB: ============== END OF LOAD BALANCING =============== 607.739
Info: useSync: 0 useProxySync: 0
LDB: =============== DONE WITH MIGRATION ================ 607.74
PRESSURE: 194500 -873.315 665.115 -445.979 515.649 -88.9013 166.915 244.251 653.355 1296.91
GPRESSURE: 194500 -912.129 598.842 -307.381 473.992 146.495 -42.155 264.878 748.299 1213.68
PRESSAVG: 194500 -56.2512 77.9202 93.5286 97.772 -187.3 20.8428 -79.4479 238.448 1206.53
GPRESSAVG: 194500 -54.3126 77.2157 96.1667 99.4233 -188.894 17.7508 -79.7514 234.567 1207.32
ENERGY:  194500         0.0000         0.0000         0.0000         0.0000          -5562.5948       396.7076         0.0000         0.0000       946.1467          -4219.7405       300.5825     -5165.8873     -4218.8812       302.0827            111.5647       149.3482     22681.3476       320.9945       321.3716

WRITING COORDINATES TO DCD FILE MD.dcd AT STEP 195000
WRITING COORDINATES TO RESTART FILE AT STEP 195000
FINISHED WRITING RESTART COORDINATES
WRITING VELOCITIES TO RESTART FILE AT STEP 195000
FINISHED WRITING RESTART VELOCITIES
PRESSURE: 195000 603.242 -696.988 -263.72 -52.96 -846.735 273.863 597.79 505.866 1476.9
GPRESSURE: 195000 556.384 -386.324 -97.9385 -385.492 -824.421 -242.765 388.482 625.631 1522.71
PRESSAVG: 195000 -539.052 -137.385 -100.274 -65.3305 -502.643 155.569 99.2524 264.752 1047.78
GPRESSAVG: 195000 -539.663 -131.961 -102.512 -71.3574 -502.136 157.087 99.3965 265.199 1046.6
TIMING: 195000  CPU: 591.928, 0.00282164/step  Wall: 598.516, 0.00283284/step, 0.0826246 hours remaining, 0.407069 MB of memory in use.
PERFORMANCE: 195000  averaging 56.3 ns/day, 0.00306927 sec/step with standard deviation 0.000851428
ETITLE:      TS           BOND          ANGLE          DIHED          IMPRP               ELECT            VDW       BOUNDARY           MISC        KINETIC               TOTAL           TEMP      POTENTIAL         TOTAL3        TEMPAVG            PRESSURE      GPRESSURE         VOLUME       PRESSAVG      GPRESSAVG

ENERGY:  195000         0.0000         0.0000         0.0000         0.0000          -5618.8338       410.3266         0.0000         0.0000       936.1592          -4272.3480       297.4096     -5208.5072     -4270.1285       300.5386            411.1361       418.2242     22681.3476         2.0299         1.5992

WRITING EXTENDED SYSTEM TO RESTART FILE AT STEP 195000
PRESSURE: 195500 -115.59 297.31 558.053 193.693 -953.911 -229.296 829.581 192.556 297.634
GPRESSURE: 195500 -186.507 326.255 684.622 -6.07393 -810.942 -345.004 704.87 155.586 259.786
PRESSAVG: 195500 -651.904 -113.086 16.9443 -127.376 -473.327 -64.5493 -22.6022 211.698 533.107
GPRESSAVG: 195500 -652.359 -115.545 16.6906 -122.362 -474.012 -63.5989 -23.3284 212.427 535.806
ENERGY:  195500         0.0000         0.0000         0.0000         0.0000          -5657.2398       380.2483         0.0000         0.0000       934.4821          -4342.5093       296.8768     -5276.9915     -4340.0968       295.3156           -257.2890      -245.8877     22681.3476      -197.3749      -196.8551

PRESSURE: 196000 350.763 -482.768 -9.02372 -1016.73 105.38 -81.8512 -1054.63 -459.728 1356.38
GPRESSURE: 196000 241.761 -312.685 -60.6353 -1027.54 160.212 107.552 -1169.2 -394.144 1429.35
PRESSAVG: 196000 -306.959 -90.5054 110.615 -65.0783 -231.533 -160.91 122.246 240.836 721.458
GPRESSAVG: 196000 -307.975 -88.4779 109.22 -69.264 -230.705 -159.858 125.033 238.869 720.624
ENERGY:  196000         0.0000         0.0000         0.0000         0.0000          -5682.9955       445.9257         0.0000         0.0000       913.3971          -4323.6727       290.1782     -5237.0699     -4321.7464       293.4062            604.1739       610.4422     22681.3476        60.9887        60.6483

LDB: ============= START OF LOAD BALANCING ============== 613.302
LDB: ============== END OF LOAD BALANCING =============== 613.302
Info: useSync: 0 useProxySync: 0
LDB: =============== DONE WITH MIGRATION ================ 613.302
LDB: ============= START OF LOAD BALANCING ============== 613.443
LDB: Largest compute 16 load 0.007982 is 13.4% of average load 0.059423
LDB: Average compute 0.002365 is 4.0% of average load 0.059423
LDB: TIME 613.443 LOAD: AVG 0.0594233 MAX 0.134816  PROXIES: TOTAL 28 MAXPE 3 MAXPATCH 5 None MEM: 0.407069 MB
LDB: TIME 613.443 LOAD: AVG 0.0594233 MAX 0.134816  PROXIES: TOTAL 32 MAXPE 4 MAXPATCH 6 RefineTorusLB MEM: 0.407069 MB
LDB: TIME 613.443 LOAD: AVG 0.0594233 MAX 0.134816  PROXIES: TOTAL 32 MAXPE 4 MAXPATCH 6 RefineTorusLB MEM: 0.407069 MB
LDB: ============== END OF LOAD BALANCING =============== 613.443
Info: useSync: 0 useProxySync: 0
LDB: =============== DONE WITH MIGRATION ================ 613.443
PRESSURE: 196500 -906.991 74.8258 520.266 238.892 -378.47 -257.66 550.259 299.238 847.859
GPRESSURE: 196500 -901.861 -26.6513 812.927 242.4 -310.729 -636.245 463.701 387.038 844.849
PRESSAVG: 196500 -275.36 56.038 95.6573 9.03391 -329.683 -4.34512 13.4737 359.96 688.045
GPRESSAVG: 196500 -276.625 55.0148 97.7049 11.145 -329.458 -7.93935 10.9103 362.511 687.575
ENERGY:  196500         0.0000         0.0000         0.0000         0.0000          -5616.6107       374.4408         0.0000         0.0000       924.9556          -4317.2143       293.8503     -5242.1699     -4315.0474       294.3421           -145.8675      -122.5804     22681.3476        27.6671        27.1638

PRESSURE: 197000 -244.225 -314.844 1.48676 -242.708 -256.523 492.371 193.366 513.496 1742.66
GPRESSURE: 197000 -293.216 -211.515 294.103 -143.189 -214.963 581.715 156.657 659.317 1767.36
PRESSAVG: 197000 -279.976 -147.602 99.2421 -59.8251 -173.493 -37.0332 -59.4682 391.087 1204.32
GPRESSAVG: 197000 -279.173 -145.288 99.181 -62.1396 -175.292 -37.4264 -58.8938 390.105 1205.15
ENERGY:  197000         0.0000         0.0000         0.0000         0.0000          -5660.2025       440.1459         0.0000         0.0000       950.5407          -4269.5159       301.9784     -5220.0566     -4268.0904       298.9922            413.9691       419.7262     22681.3476       250.2823       250.2293

PRESSURE: 197500 -116.343 -111.364 -613.289 -430.797 328.377 -558.31 -452.987 -628.612 736.493
GPRESSURE: 197500 -207.862 -186.918 -815.825 6.06689 444.847 -417.277 -163.766 -830.547 761.889
PRESSAVG: 197500 -402.5 96.3374 39.0156 49.2759 -111.392 115.738 52.4082 496.44 1035.61
GPRESSAVG: 197500 -402.276 92.148 39.175 53.8955 -109.343 116.038 53.007 500.987 1034.23
ENERGY:  197500         0.0000         0.0000         0.0000         0.0000          -5585.1266       405.4271         0.0000         0.0000       938.6699          -4241.0297       298.2072     -5179.6995     -4240.0626       302.3072            316.1757       332.9579     22681.3476       173.9055       174.2037

PRESSURE: 198000 -436.757 257.469 143.497 313.545 -706.679 737.415 623.544 1291.67 328.184
GPRESSURE: 198000 -350.651 -115.534 171.149 818.014 -735.06 588.381 644.778 1277.39 371.233
PRESSAVG: 198000 -304.822 -70.918 -133.75 -18.5011 -251.02 83.753 -134.382 364.288 941.842
GPRESSAVG: 198000 -304.231 -69.5252 -133.154 -18.6268 -252.56 83.721 -136.329 357.258 941.925
ENERGY:  198000         0.0000         0.0000         0.0000         0.0000          -5526.3115       347.1462         0.0000         0.0000       939.6350          -4239.5304       298.5138     -5179.1653     -4237.3823       301.1047           -271.7507      -238.1593     22681.3476       128.6669       128.3778

LDB: ============= START OF LOAD BALANCING ============== 618.975
LDB: ============== END OF LOAD BALANCING =============== 618.975
Info: useSync: 0 useProxySync: 0
LDB: =============== DONE WITH MIGRATION ================ 618.975
LDB: ============= START OF LOAD BALANCING ============== 619.116
LDB: Largest compute 16 load 0.008374 is 14.1% of average load 0.059474
LDB: Average compute 0.002362 is 4.0% of average load 0.059474
LDB: TIME 619.116 LOAD: AVG 0.0594736 MAX 0.135192  PROXIES: TOTAL 28 MAXPE 3 MAXPATCH 5 None MEM: 0.407069 MB
LDB: TIME 619.116 LOAD: AVG 0.0594736 MAX 0.135192  PROXIES: TOTAL 32 MAXPE 4 MAXPATCH 6 RefineTorusLB MEM: 0.407069 MB
LDB: TIME 619.116 LOAD: AVG 0.0594736 MAX 0.135192  PROXIES: TOTAL 32 MAXPE 4 MAXPATCH 6 RefineTorusLB MEM: 0.407069 MB
LDB: ============== END OF LOAD BALANCING =============== 619.116
Info: useSync: 0 useProxySync: 0
LDB: =============== DONE WITH MIGRATION ================ 619.117
PRESSURE: 198500 -1343.44 -102.315 112.356 -75.8877 -920.691 -836.41 -308.562 -421.032 -191.387
GPRESSURE: 198500 -1405.12 -180.91 307.823 -39.6173 -893.921 -680.077 -288.669 -429.815 -90.6167
PRESSAVG: 198500 -419.301 23.0073 133.957 49.8079 -677.467 -63.9287 69.7769 209.9 308.962
GPRESSAVG: 198500 -421.549 20.8441 136.042 47.1892 -676.718 -63.5305 71.0086 214.204 311.074
ENERGY:  198500         0.0000         0.0000         0.0000         0.0000          -5513.3501       321.9622         0.0000         0.0000       930.7902          -4260.5977       295.7039     -5191.3879     -4259.0520       298.7564           -818.5049      -796.5511     22681.3476      -262.6020      -262.3978

PRESSURE: 199000 -260.541 -188.763 348.498 106.171 -1141.58 -64.0752 142.962 -59.0433 -291.276
GPRESSURE: 199000 -370.816 -261.382 419.318 355.71 -970.807 -137.998 524.948 -108.508 -279.199
PRESSAVG: 199000 -159.745 -94.5185 29.5976 -110.183 -49.4595 -129.955 179.491 169.319 1202.18
GPRESSAVG: 199000 -156.234 -93.1201 28.6033 -110.892 -51.3235 -131.067 178.564 167.421 1200.73
ENERGY:  199000         0.0000         0.0000         0.0000         0.0000          -5535.8452       323.4101         0.0000         0.0000       956.1785          -4256.2565       303.7695     -5212.4351     -4254.5504       301.7047           -564.4663      -540.2739     22681.3476       330.9908       331.0582

PRESSURE: 199500 4.09147 366.694 330.016 262.011 -235.009 -494.094 -281.109 -416.549 2060.91
GPRESSURE: 199500 -232.202 186.954 378.14 426.38 -24.7371 -409.072 -138.798 -61.2362 2157.88
PRESSAVG: 199500 -384.308 -113.645 -79.2842 45.0043 -304.728 48.7005 -294.456 164.294 984.739
GPRESSAVG: 199500 -386.131 -115.032 -78.2042 41.4343 -304.196 50.0015 -292.862 164.924 985.596
ENERGY:  199500         0.0000         0.0000         0.0000         0.0000          -5618.8141       426.0647         0.0000         0.0000       939.1197          -4253.6297       298.3501     -5192.7494     -4250.5503       301.0726            609.9976       633.6458     22681.3476        98.5677        98.4228

WRITING COORDINATES TO DCD FILE MD.dcd AT STEP 200000
WRITING COORDINATES TO RESTART FILE AT STEP 200000
FINISHED WRITING RESTART COORDINATES
WRITING VELOCITIES TO RESTART FILE AT STEP 200000
FINISHED WRITING RESTART VELOCITIES
PRESSURE: 200000 -837.796 517.499 55.2244 540.362 -1602.82 78.4932 47.4995 415.505 28.1494
GPRESSURE: 200000 -917.713 727.838 132.525 256.902 -1684.68 -162.796 -109.289 565.304 249.646
PRESSAVG: 200000 54.7041 -99.4927 175.936 -22.5835 157.672 22.8732 163.448 146.519 1559.72
GPRESSAVG: 200000 53.893 -98.4559 176.884 -16.7862 158.34 21.7268 164.018 147.199 1560.2
TIMING: 200000  CPU: 606.094, 0.00283324/step  Wall: 612.755, 0.00284786/step, 0.0791073 hours remaining, 0.407069 MB of memory in use.
PERFORMANCE: 200000  averaging 56.4017 ns/day, 0.00306373 sec/step with standard deviation 0.00084117
ETITLE:      TS           BOND          ANGLE          DIHED          IMPRP               ELECT            VDW       BOUNDARY           MISC        KINETIC               TOTAL           TEMP      POTENTIAL         TOTAL3        TEMPAVG            PRESSURE      GPRESSURE         VOLUME       PRESSAVG      GPRESSAVG

ENERGY:  200000         0.0000         0.0000         0.0000         0.0000          -5527.5490       316.7437         0.0000         0.0000       963.2734          -4247.5319       306.0235     -5210.8053     -4245.3184       303.7589           -804.1569      -784.2481     22681.3476       590.6978       590.8096

WRITING EXTENDED SYSTEM TO RESTART FILE AT STEP 200000
LDB: ============= START OF LOAD BALANCING ============== 624.674
LDB: ============== END OF LOAD BALANCING =============== 624.674
Info: useSync: 0 useProxySync: 0
LDB: =============== DONE WITH MIGRATION ================ 624.674
LDB: ============= START OF LOAD BALANCING ============== 624.816
LDB: Largest compute 216 load 0.007988 is 13.5% of average load 0.059326
LDB: Average compute 0.002356 is 4.0% of average load 0.059326
LDB: TIME 624.816 LOAD: AVG 0.0593259 MAX 0.134902  PROXIES: TOTAL 28 MAXPE 3 MAXPATCH 5 None MEM: 0.407069 MB
LDB: TIME 624.816 LOAD: AVG 0.0593259 MAX 0.134902  PROXIES: TOTAL 32 MAXPE 4 MAXPATCH 6 RefineTorusLB MEM: 0.407069 MB
LDB: TIME 624.816 LOAD: AVG 0.0593259 MAX 0.134902  PROXIES: TOTAL 32 MAXPE 4 MAXPATCH 6 RefineTorusLB MEM: 0.407069 MB
LDB: Reverting to original mapping
LDB: ============== END OF LOAD BALANCING =============== 624.816
Info: useSync: 0 useProxySync: 0
LDB: =============== DONE WITH MIGRATION ================ 624.816
PRESSURE: 200500 611.602 223.354 296.798 115.824 913.744 -78.9997 -155.961 591.439 1382.29
GPRESSURE: 200500 574.912 198.36 123.117 132.747 1037.97 59.6433 -29.6584 306.058 1378
PRESSAVG: 200500 -364.608 20.8227 -22.5879 -0.0992718 -263.029 143.063 -14.6099 650.562 766.016
GPRESSAVG: 200500 -364.16 23.1747 -23.0122 -1.89551 -260.982 144.296 -14.5002 647.218 765.06
ENERGY:  200500         0.0000         0.0000         0.0000         0.0000          -5625.9117       448.8826         0.0000         0.0000       956.4677          -4220.5614       303.8614     -5177.0291     -4220.3055       303.1842            969.2123       996.9604     22681.3476        46.1263        46.6392

PRESSURE: 201000 167.722 -57.6683 -519.285 -154.664 -266.016 483.38 61.3304 647.886 1537.55
GPRESSURE: 201000 260.42 -284.804 -469.189 -196.03 -268.582 99.5334 187.435 850.931 1523.73
PRESSAVG: 201000 -192.655 27.5045 -132.579 55.8737 19.638 -186.933 -74.5189 192.212 1113.61
GPRESSAVG: 201000 -192.422 27.1653 -134.477 54.7421 17.2222 -187.253 -70.079 191.356 1115.37
ENERGY:  201000         0.0000         0.0000         0.0000         0.0000          -5560.7739       402.2324         0.0000         0.0000       940.0286          -4218.5129       298.6388     -5158.5415     -4216.2637       305.2974            479.7528       505.1885     22681.3476       313.5306       313.3890

PRESSURE: 201500 24.1653 -778.514 -681.322 -799.05 164.222 409.861 -695.019 -57.8413 927.799
GPRESSURE: 201500 -42.2653 -488.098 -618.893 -1063.91 150.448 409.657 -287.911 -81.1153 1082.17
PRESSAVG: 201500 24.5063 20.4596 -126.074 -17.8445 -167.869 191.786 -188.195 253.446 1259.28
GPRESSAVG: 201500 24.367 16.7311 -126.514 -15.2797 -165.192 188.534 -191.275 254.143 1257.89
ENERGY:  201500         0.0000         0.0000         0.0000         0.0000          -5598.5030       411.6664         0.0000         0.0000       918.0247          -4268.8119       291.6484     -5186.8366     -4267.1136       301.9759            372.0622       396.7834     22681.3476       371.9729       372.3554

PRESSURE: 202000 -1357.38 -69.0318 619.826 0.21722 -700.058 -137.435 290.6 103.836 547.093
GPRESSURE: 202000 -1434.39 -489.637 370.637 221.747 -542.152 -241.966 638.764 61.961 492.811
PRESSAVG: 202000 -233.698 -35.4674 -85.5176 0.602831 -300.178 132.641 -248.351 313.704 1366.18
GPRESSAVG: 202000 -234.012 -33.5853 -84.6954 -1.34491 -299.558 131.793 -247.926 311.051 1365.69
ENERGY:  202000         0.0000         0.0000         0.0000         0.0000          -5596.7687       351.1010         0.0000         0.0000       955.0042          -4290.6635       303.3965     -5245.6677     -4289.0220       300.4105           -503.4500      -494.5769     22681.3476       277.4351       277.3739

LDB: ============= START OF LOAD BALANCING ============== 630.744
LDB: ============== END OF LOAD BALANCING =============== 630.744
Info: useSync: 0 useProxySync: 0
LDB: =============== DONE WITH MIGRATION ================ 630.744
LDB: ============= START OF LOAD BALANCING ============== 630.886
LDB: Largest compute 16 load 0.009356 is 15.4% of average load 0.060838
LDB: Average compute 0.002435 is 4.0% of average load 0.060838
LDB: TIME 630.887 LOAD: AVG 0.0608375 MAX 0.133675  PROXIES: TOTAL 28 MAXPE 3 MAXPATCH 5 None MEM: 0.407069 MB
LDB: TIME 630.887 LOAD: AVG 0.0608375 MAX 0.133676  PROXIES: TOTAL 32 MAXPE 4 MAXPATCH 6 RefineTorusLB MEM: 0.407069 MB
LDB: TIME 630.888 LOAD: AVG 0.0608375 MAX 0.133676  PROXIES: TOTAL 32 MAXPE 4 MAXPATCH 6 RefineTorusLB MEM: 0.407069 MB
LDB: Reverting to original mapping
LDB: ============== END OF LOAD BALANCING =============== 630.888
Info: useSync: 0 useProxySync: 0
LDB: =============== DONE WITH MIGRATION ================ 630.888
PRESSURE: 202500 -855.421 154.477 -120.542 287.692 -423.118 -410.802 674.917 19.2599 -76.654
GPRESSURE: 202500 -1119.58 -24.5538 -251.884 89.3327 -342.059 -318.769 523.898 -100.085 118.069
PRESSAVG: 202500 -325.641 -140.701 78.7819 -180.806 -287.095 64.4221 -26.6599 286.417 710.317
GPRESSAVG: 202500 -326.875 -139.403 81.2796 -181.737 -286.575 67.3394 -28.906 289.039 709.84
ENERGY:  202500         0.0000         0.0000         0.0000         0.0000          -5604.7530       353.5278         0.0000         0.0000       941.8133          -4309.4119       299.2058     -5251.2252     -4307.2126       294.7613           -451.7310      -447.8554     22681.3476        32.5271        32.1297

PRESSURE: 203000 -922.673 83.4614 -188.989 348.96 -129.686 -132.66 153.168 -148.639 2287.45
GPRESSURE: 203000 -925.878 30.052 -440.872 534.879 -151.075 -45.092 355.445 -13.5469 2302.75
PRESSAVG: 203000 -347.028 -114.043 -124.612 -228.935 -253.25 15.3216 -110.222 329.905 685.895
GPRESSAVG: 203000 -347.252 -115.993 -126.857 -228.788 -255.595 15.5344 -107.204 329.775 688.012
ENERGY:  203000         0.0000         0.0000         0.0000         0.0000          -5668.4076       426.9462         0.0000         0.0000       936.7560          -4304.7054       297.5991     -5241.4614     -4301.9788       293.5411            411.6969       408.5997     22681.3476        28.5390        28.3885

PRESSURE: 203500 261.833 -415.588 81.1438 -452.284 -105.831 322.922 305.132 546.443 1566.3
GPRESSURE: 203500 477.362 -636.841 28.0807 -150.505 -271.372 431.265 469.911 383.665 1557.51
PRESSAVG: 203500 -505.514 18.7074 -73.6941 53.5173 -246.323 -20.8999 -46.9133 242.002 745.025
GPRESSAVG: 203500 -504.881 22.7216 -75.7381 51.0413 -245.519 -21.3503 -47.7841 244.611 743.745
ENERGY:  203500         0.0000         0.0000         0.0000         0.0000          -5731.7977       459.1355         0.0000         0.0000       936.3008          -4336.3613       297.4545     -5272.6622     -4333.9192       292.6754            574.0993       587.8345     22681.3476        -2.2708        -2.2180

PRESSURE: 204000 -981.383 -501.351 172.678 -707.837 557.092 531.906 35.3833 762.982 378.948
GPRESSURE: 204000 -961.896 -506.679 106.523 -537.509 550.864 467.657 59.5042 747.605 443.834
PRESSAVG: 204000 -145.515 74.8361 -24.5498 95.9931 -14.9057 48.5577 118.504 386.802 1496.44
GPRESSAVG: 204000 -147.487 73.3282 -22.4903 99.4869 -14.7969 48.637 120.162 386.072 1497.93
ENERGY:  204000         0.0000         0.0000         0.0000         0.0000          -5608.4481       400.3109         0.0000         0.0000       915.2710          -4292.8663       290.7736     -5208.1372     -4290.5212       295.9217            -15.1139        10.9341     22681.3476       445.3393       445.2156

LDB: ============= START OF LOAD BALANCING ============== 636.583
LDB: ============== END OF LOAD BALANCING =============== 636.583
Info: useSync: 0 useProxySync: 0
LDB: =============== DONE WITH MIGRATION ================ 636.583
LDB: ============= START OF LOAD BALANCING ============== 636.722
LDB: Largest compute 222 load 0.008269 is 13.7% of average load 0.060274
LDB: Average compute 0.002412 is 4.0% of average load 0.060274
LDB: TIME 636.722 LOAD: AVG 0.0602739 MAX 0.132529  PROXIES: TOTAL 28 MAXPE 3 MAXPATCH 5 None MEM: 0.407069 MB
LDB: TIME 636.722 LOAD: AVG 0.0602739 MAX 0.132529  PROXIES: TOTAL 32 MAXPE 4 MAXPATCH 6 RefineTorusLB MEM: 0.407069 MB
LDB: TIME 636.722 LOAD: AVG 0.0602739 MAX 0.132529  PROXIES: TOTAL 32 MAXPE 4 MAXPATCH 6 RefineTorusLB MEM: 0.407069 MB
LDB: Reverting to original mapping
LDB: ============== END OF LOAD BALANCING =============== 636.722
Info: useSync: 0 useProxySync: 0
LDB: =============== DONE WITH MIGRATION ================ 636.723
PRESSURE: 204500 -158.133 385.995 -346.262 756.376 -887.174 572.257 -0.476456 580.162 949.747
GPRESSURE: 204500 -169.948 286.389 -240.532 657.44 -835.925 606.253 24.7544 683.362 977.633
PRESSAVG: 204500 -190.247 59.9188 1.05587 114.551 -230.713 84.0243 -102.797 259.317 465.457
GPRESSAVG: 204500 -186.924 55.2506 3.41357 113.52 -232.601 85.4168 -106.212 260.944 465.052
ENERGY:  204500         0.0000         0.0000         0.0000         0.0000          -5591.8446       378.9185         0.0000         0.0000       930.2498          -4282.6763       295.5322     -5212.9261     -4279.2113       295.2542            -31.8530        -9.4134     22681.3476        14.8323        15.1757

WRITING COORDINATES TO DCD FILE MD.dcd AT STEP 205000
WRITING COORDINATES TO RESTART FILE AT STEP 205000
FINISHED WRITING RESTART COORDINATES
WRITING VELOCITIES TO RESTART FILE AT STEP 205000
FINISHED WRITING RESTART VELOCITIES
PRESSURE: 205000 -225.357 711.667 216.001 530.624 -366.909 -64.9682 141.281 311.756 913.888
GPRESSURE: 205000 -20.9188 586.975 356.836 810.933 -522.408 148.081 183.294 139.705 958.94
PRESSAVG: 205000 -198.083 85.0999 -28.6271 162.906 -304.209 20.1792 -232.8 171.473 876.552
GPRESSAVG: 205000 -197.873 89.6796 -32.5705 165.019 -303.202 21.014 -232.048 168.437 875.06
TIMING: 205000  CPU: 620.631, 0.00290743/step  Wall: 627.465, 0.002942/step, 0.0776361 hours remaining, 0.407069 MB of memory in use.
PERFORMANCE: 205000  averaging 56.4565 ns/day, 0.00306077 sec/step with standard deviation 0.000830807
ETITLE:      TS           BOND          ANGLE          DIHED          IMPRP               ELECT            VDW       BOUNDARY           MISC        KINETIC               TOTAL           TEMP      POTENTIAL         TOTAL3        TEMPAVG            PRESSURE      GPRESSURE         VOLUME       PRESSAVG      GPRESSAVG

ENERGY:  205000         0.0000         0.0000         0.0000         0.0000          -5585.1327       385.0367         0.0000         0.0000       956.5181          -4243.5779       303.8774     -5200.0960     -4241.1861       299.9686            107.2071       138.5378     22681.3476       124.7532       124.6614

WRITING EXTENDED SYSTEM TO RESTART FILE AT STEP 205000
PRESSURE: 205500 47.2143 41.9313 834.568 420.885 -1351.81 -226.992 1108.93 583.827 1456.55
GPRESSURE: 205500 239.908 2.71333 995.623 449.524 -1347.78 -365.688 1173.5 698.09 1350.2
PRESSAVG: 205500 131.071 -13.2545 6.74896 -104.06 -369.032 -62.9673 -61.8316 503.862 1249.92
GPRESSAVG: 205500 129.184 -17.6279 6.97482 -104.509 -367.48 -64.0342 -62.248 506.534 1251.88
ENERGY:  205500         0.0000         0.0000         0.0000         0.0000          -5532.7341       382.1419         0.0000         0.0000       918.5480          -4232.0442       291.8146     -5150.5922     -4229.4229       303.8720             50.6511        80.7762     22681.3476       337.3202       337.8606

PRESSURE: 206000 -153.481 58.6849 43.6134 99.48 -466.328 -6.96354 -44.2321 553.376 629.62
GPRESSURE: 206000 -60.8141 -156.49 232.949 65.183 -475.161 -3.9423 -176.389 567.075 605.286
PRESSAVG: 206000 126.88 110.176 -4.1098 86.8169 -492.397 -54.8784 110.204 327.996 812.327
GPRESSAVG: 206000 124.784 112.754 -4.67094 85.696 -491.237 -56.2939 110.424 328.751 813.165
ENERGY:  206000         0.0000         0.0000         0.0000         0.0000          -5588.9415       377.0294         0.0000         0.0000       956.9979          -4254.9141       304.0298     -5211.9120     -4253.9267       302.4118              3.2702        23.1037     22681.3476       148.9365       148.9040

LDB: ============= START OF LOAD BALANCING ============== 642.321
LDB: ============== END OF LOAD BALANCING =============== 642.321
Info: useSync: 0 useProxySync: 0
LDB: =============== DONE WITH MIGRATION ================ 642.321
LDB: ============= START OF LOAD BALANCING ============== 642.465
LDB: Largest compute 17 load 0.008268 is 13.9% of average load 0.059543
LDB: Average compute 0.002359 is 4.0% of average load 0.059543
LDB: TIME 642.465 LOAD: AVG 0.0595432 MAX 0.137236  PROXIES: TOTAL 28 MAXPE 3 MAXPATCH 5 None MEM: 0.407069 MB
LDB: TIME 642.465 LOAD: AVG 0.0595432 MAX 0.137236  PROXIES: TOTAL 32 MAXPE 4 MAXPATCH 6 RefineTorusLB MEM: 0.407069 MB
LDB: TIME 642.465 LOAD: AVG 0.0595432 MAX 0.137236  PROXIES: TOTAL 32 MAXPE 4 MAXPATCH 6 RefineTorusLB MEM: 0.407069 MB
LDB: ============== END OF LOAD BALANCING =============== 642.465
Info: useSync: 0 useProxySync: 0
LDB: =============== DONE WITH MIGRATION ================ 642.465
PRESSURE: 206500 -282.143 -779.35 -77.4797 -599.564 -685.453 -379.921 562.176 -141.408 622.799
GPRESSURE: 206500 -256.453 -365.345 45.2278 -735.682 -658.054 -622.33 159.815 -145.21 643.989
PRESSAVG: 206500 -389.914 114.281 -142.731 174.057 -478.668 -116.738 20.0286 201.789 961.32
GPRESSAVG: 206500 -386.4 114.311 -141.045 176.57 -480.655 -116.733 20.6747 199.874 960.976
ENERGY:  206500         0.0000         0.0000         0.0000         0.0000          -5594.8921       388.8510         0.0000         0.0000       956.1217          -4249.9194       303.7515     -5206.0412     -4247.2071       304.3720           -114.9322       -90.1727     22681.3476        30.9127        31.3070

PRESSURE: 207000 140.008 293.898 -251.769 450.495 -643.143 302.887 -39.2649 728.101 962.216
GPRESSURE: 207000 79.5398 638.313 -498.372 397.843 -518.617 156.016 120.5 475.446 950.134
PRESSAVG: 207000 -367.563 8.68444 -155.811 -34.9104 -527.51 -53.5784 85.7241 199.129 559.529
GPRESSAVG: 207000 -369.925 5.96931 -156.843 -35.3315 -526.106 -57.0048 83.9235 200.642 559.516
ENERGY:  207000         0.0000         0.0000         0.0000         0.0000          -5580.4752       394.0166         0.0000         0.0000       944.5338          -4241.9248       300.0701     -5186.4586     -4239.7420       298.7260            153.0270       170.3522     22681.3476      -111.8481      -112.1719

PRESSURE: 207500 -646.175 -104.621 296.858 186.401 -318.11 845.153 96.685 726.574 982.047
GPRESSURE: 207500 -558.85 -219.804 471.312 383.407 -326.904 960.574 -3.37841 807.24 967.903
PRESSAVG: 207500 -436.032 25.5232 179.434 101.497 -302.553 105.535 177.652 326.906 742.249
GPRESSAVG: 207500 -434.851 26.9165 181.458 101.226 -304.044 108.165 175.388 328.103 742.905
ENERGY:  207500         0.0000         0.0000         0.0000         0.0000          -5552.7284       368.1622         0.0000         0.0000       956.7312          -4227.8350       303.9451     -5184.5662     -4225.2279       302.6446              5.9207        27.3829     22681.3476         1.2214         1.3369

PRESSURE: 208000 -401.929 -74.3071 600.537 563.846 -223.34 -191.928 157.167 -78.343 870.729
GPRESSURE: 208000 -390.137 22.8311 373.524 393.019 -177.17 -37.0016 212.108 -36.3343 864.219
PRESSAVG: 208000 -298.383 121.321 136.225 108.823 -179.606 -117.516 90.2846 134.447 755.887
GPRESSAVG: 208000 -297.381 122.233 137.714 104.719 -178.152 -117.249 90.2292 132.701 754.066
ENERGY:  208000         0.0000         0.0000         0.0000         0.0000          -5566.6283       388.9626         0.0000         0.0000       931.8521          -4245.8136       296.0412     -5177.6657     -4242.8312       302.6562             81.8199        98.9708     22681.3476        92.6325        92.8446

LDB: ============= START OF LOAD BALANCING ============== 648.085
LDB: ============== END OF LOAD BALANCING =============== 648.085
Info: useSync: 0 useProxySync: 0
LDB: =============== DONE WITH MIGRATION ================ 648.085
LDB: ============= START OF LOAD BALANCING ============== 648.229
LDB: Largest compute 223 load 0.008113 is 13.6% of average load 0.059713
LDB: Average compute 0.002367 is 4.0% of average load 0.059713
LDB: TIME 648.229 LOAD: AVG 0.059713 MAX 0.137011  PROXIES: TOTAL 28 MAXPE 3 MAXPATCH 5 None MEM: 0.407069 MB
LDB: TIME 648.229 LOAD: AVG 0.059713 MAX 0.137011  PROXIES: TOTAL 32 MAXPE 4 MAXPATCH 6 RefineTorusLB MEM: 0.407069 MB
LDB: TIME 648.229 LOAD: AVG 0.059713 MAX 0.137011  PROXIES: TOTAL 32 MAXPE 4 MAXPATCH 6 RefineTorusLB MEM: 0.407069 MB
LDB: Reverting to original mapping
LDB: ============== END OF LOAD BALANCING =============== 648.229
Info: useSync: 0 useProxySync: 0
LDB: =============== DONE WITH MIGRATION ================ 648.229
PRESSURE: 208500 128.065 -260.892 -386.602 -534.565 657.029 -170.812 -231.904 248.148 391.832
GPRESSURE: 208500 104.13 -242.024 -816.869 -330.774 652.687 -160.832 -6.4211 252.179 454.821
PRESSAVG: 208500 -320.505 59.4707 118.706 -63.418 -287.762 55.8644 319.118 419.499 1143.41
GPRESSAVG: 208500 -321.308 57.7954 114.543 -59.2241 -288.609 53.8985 322.652 418.059 1145.39
ENERGY:  208500         0.0000         0.0000         0.0000         0.0000          -5628.4149       423.0110         0.0000         0.0000       934.1975          -4271.2063       296.7863     -5205.4038     -4268.2796       299.7676            392.3085       403.8794     22681.3476       178.3810       178.4900

PRESSURE: 209000 -315.437 -37.3852 141.357 102.048 -353.249 477.327 -424.293 344.414 1086.94
GPRESSURE: 209000 -229.942 -69.9092 64.2356 172.295 -362.377 180.496 -401.909 818.282 1080.48
PRESSAVG: 209000 -478.425 -131.374 -192.054 -50.8498 -467.343 103.237 105.444 431.862 1007.34
GPRESSAVG: 209000 -477.636 -131.451 -190.61 -53.2448 -468.511 106.154 104.804 430.733 1008.14
ENERGY:  209000         0.0000         0.0000         0.0000         0.0000          -5574.7949       385.0209         0.0000         0.0000       938.8644          -4250.9096       298.2690     -5189.7740     -4248.4275       299.1571            139.4175       162.7211     22681.3476        20.5225        20.6641

PRESSURE: 209500 -478.525 411.446 -290.497 416.137 200.595 -685.077 -139.473 -295.788 1119.14
GPRESSURE: 209500 -425.276 73.97 -266.651 393.255 82.7119 -718.211 -158.493 -90.0694 1217.28
PRESSAVG: 209500 -186.67 66.2506 -56.4389 -76.1512 -392.947 83.9641 -3.1815 252.164 1410.91
GPRESSAVG: 209500 -187.312 64.1856 -58.2496 -75.9371 -392.914 85.7645 -7.05352 253.592 1412.01
ENERGY:  209500         0.0000         0.0000         0.0000         0.0000          -5603.3756       399.0598         0.0000         0.0000       920.3577          -4283.9582       292.3895     -5204.3158     -4282.5707       299.7881            280.4025       291.5711     22681.3476       277.0965       277.2608

PRESSURE: 210000 -551.898 -106.775 -375.276 -497.941 485.125 400.086 -63.8036 706.463 296.714
GPRESSURE: 210000 -446.193 -100.197 -460.31 -471.016 477.011 494.627 -286.985 634.614 283.676
PRESSAVG: 210000 -504.383 -76.5943 16.8666 -72.1201 -390.91 -207.91 314.601 220.23 1025.47
GPRESSAVG: 210000 -503.553 -77.3633 20.0731 -69.4381 -390.724 -209.291 313.631 219.42 1025.77
TIMING: 210000  CPU: 639.773, 0.00382849/step  Wall: 647.4, 0.00398682/step, 0.0996704 hours remaining, 0.407069 MB of memory in use.
PERFORMANCE: 210000  averaging 56.0527 ns/day, 0.00308281 sec/step with standard deviation 0.00083296
ETITLE:      TS           BOND          ANGLE          DIHED          IMPRP               ELECT            VDW       BOUNDARY           MISC        KINETIC               TOTAL           TEMP      POTENTIAL         TOTAL3        TEMPAVG            PRESSURE      GPRESSURE         VOLUME       PRESSAVG      GPRESSAVG

ENERGY:  210000         0.0000         0.0000         0.0000         0.0000          -5638.5266       415.8400         0.0000         0.0000       899.5719          -4323.1147       285.7861     -5222.6866     -4319.7613       294.7514             76.6470       104.8311     22681.3476        43.3934        43.8310

WRITING EXTENDED SYSTEM TO RESTART FILE AT STEP 210000
WRITING COORDINATES TO DCD FILE MD.dcd AT STEP 210000
WRITING COORDINATES TO RESTART FILE AT STEP 210000
FINISHED WRITING RESTART COORDINATES
WRITING VELOCITIES TO RESTART FILE AT STEP 210000
FINISHED WRITING RESTART VELOCITIES
LDB: ============= START OF LOAD BALANCING ============== 659.981
LDB: ============== END OF LOAD BALANCING =============== 659.984
Info: useSync: 0 useProxySync: 0
LDB: =============== DONE WITH MIGRATION ================ 659.996
LDB: ============= START OF LOAD BALANCING ============== 660.389
LDB: Largest compute 17 load 0.027971 is 44.6% of average load 0.062783
LDB: Average compute 0.002408 is 3.8% of average load 0.062783
LDB: TIME 660.422 LOAD: AVG 0.0627833 MAX 0.149368  PROXIES: TOTAL 28 MAXPE 3 MAXPATCH 5 None MEM: 0.407069 MB
LDB: TIME 660.422 LOAD: AVG 0.0627833 MAX 0.149368  PROXIES: TOTAL 32 MAXPE 4 MAXPATCH 6 RefineTorusLB MEM: 0.407069 MB
LDB: TIME 660.422 LOAD: AVG 0.0627833 MAX 0.149368  PROXIES: TOTAL 32 MAXPE 4 MAXPATCH 6 RefineTorusLB MEM: 0.407069 MB
LDB: Reverting to original mapping
LDB: ============== END OF LOAD BALANCING =============== 660.422
Info: useSync: 0 useProxySync: 0
LDB: =============== DONE WITH MIGRATION ================ 660.433
PRESSURE: 210500 -127.261 -180.089 248.655 -10.7293 -1166.98 569.381 421.516 578.011 1128.86
GPRESSURE: 210500 -128.233 140.946 178.645 -282.403 -1350.97 609.486 586.723 620.627 1400.64
PRESSAVG: 210500 -357.975 -92.958 2.8094 -107.37 -395.923 -61.5868 356.18 234.262 627.493
GPRESSAVG: 210500 -357.937 -90.6672 -1.87396 -111.842 -396.217 -63.5753 358.582 236.272 626.641
ENERGY:  210500         0.0000         0.0000         0.0000         0.0000          -5628.8624       378.7085         0.0000         0.0000       922.8923          -4327.2616       293.1948     -5250.1539     -4325.2426       291.4697            -55.1262       -26.1873     22681.3476       -42.1352       -42.5042

PRESSURE: 211000 -1108.74 -715.4 521.25 -787.705 -530.495 742.763 11.5187 1193.72 -382.949
GPRESSURE: 211000 -979.461 -811.223 0.640792 -849.06 -648.57 631.378 185.297 941.317 -331.427
PRESSAVG: 211000 -443.281 -66.5965 -50.0542 -131.197 -517.48 42.021 -120.602 392.931 652.279
GPRESSAVG: 211000 -445.593 -67.079 -48.5131 -127.448 -519.322 44.7115 -120.007 390.719 654.58
ENERGY:  211000         0.0000         0.0000         0.0000         0.0000          -5591.6694       378.5294         0.0000         0.0000       875.8821          -4337.2579       278.2601     -5213.1400     -4333.8195       292.9343           -674.0601      -653.1530     22681.3476      -102.8275      -103.4450

PRESSURE: 211500 -255.317 -112.62 -264.058 -194.955 995.465 -299.212 -10.0582 439.823 2422.03
GPRESSURE: 211500 -189.757 95.4439 -316.593 -406.667 1214.71 89.007 -181.415 374.155 2219.62
PRESSAVG: 211500 -380.878 -20.7477 98.0795 -57.9609 -457.465 -192.316 -67.4756 62.4534 679.126
GPRESSAVG: 211500 -379.01 -17.8716 98.2664 -62.8181 -457.415 -194.834 -69.8436 62.9423 677.631
ENERGY:  211500         0.0000         0.0000         0.0000         0.0000          -5700.6685       467.7044         0.0000         0.0000       898.1242          -4334.8399       285.3262     -5232.9641     -4332.0200       291.2840           1054.0595      1081.5256     22681.3476       -53.0722       -52.9313

PRESSURE: 212000 224.784 -473.025 7.64766 -698.14 191.727 -164.965 110.749 244.593 2069.4
GPRESSURE: 212000 178.864 -313.328 140.173 -706.988 290.272 138.485 -137.818 -186.121 2066.66
PRESSAVG: 212000 -326.278 -200.903 -162.105 -135.104 -249.669 -119.381 -2.80562 567.312 1066.74
GPRESSAVG: 212000 -325.939 -205.371 -157.336 -131.069 -249.716 -118.028 -3.87552 564.2 1066.09
ENERGY:  212000         0.0000         0.0000         0.0000         0.0000          -5707.0553       460.5539         0.0000         0.0000       954.8748          -4291.6266       303.3553     -5246.5014     -4289.9105       291.8420            828.6385       845.2666     22681.3476       163.5991       163.4773

LDB: ============= START OF LOAD BALANCING ============== 675.528
LDB: ============== END OF LOAD BALANCING =============== 675.531
Info: useSync: 0 useProxySync: 0
LDB: =============== DONE WITH MIGRATION ================ 675.553
LDB: ============= START OF LOAD BALANCING ============== 676.01
LDB: Largest compute 16 load 0.008779 is 14.4% of average load 0.061151
LDB: Average compute 0.002276 is 3.7% of average load 0.061151
LDB: TIME 676.016 LOAD: AVG 0.0611513 MAX 0.141443  PROXIES: TOTAL 28 MAXPE 3 MAXPATCH 5 None MEM: 0.407069 MB
LDB: TIME 676.016 LOAD: AVG 0.0611513 MAX 0.141443  PROXIES: TOTAL 32 MAXPE 4 MAXPATCH 6 RefineTorusLB MEM: 0.407069 MB
LDB: TIME 676.016 LOAD: AVG 0.0611513 MAX 0.141443  PROXIES: TOTAL 32 MAXPE 4 MAXPATCH 6 RefineTorusLB MEM: 0.407069 MB
LDB: Reverting to original mapping
LDB: ============== END OF LOAD BALANCING =============== 676.022
Info: useSync: 0 useProxySync: 0
LDB: =============== DONE WITH MIGRATION ================ 676.078
PRESSURE: 212500 -179.706 -524.512 265.356 -797.287 -568.238 -308.567 -232.332 -133.739 -28.233
GPRESSURE: 212500 -322.902 -568.558 190.035 -554.839 -334.085 -181.394 -259.781 -150.461 4.44807
PRESSAVG: 212500 -480.284 -114.143 -156.298 -8.99713 -195.791 199.428 -8.92977 554.565 1227.75
GPRESSAVG: 212500 -480.437 -116.343 -159.182 -9.98575 -196.219 198.939 -8.05313 558.112 1228.12
ENERGY:  212500         0.0000         0.0000         0.0000         0.0000          -5597.6892       366.0216         0.0000         0.0000       906.4047          -4325.2629       287.9568     -5231.6676     -4322.8070       296.1027           -258.7259      -217.5128     22681.3476       183.8921       183.8227

PRESSURE: 213000 323.606 -920.265 370.27 -1281.53 615.824 298.832 992.783 927.101 1030.71
GPRESSURE: 213000 144.89 -868.054 342.948 -1434.74 556.483 412.664 1028.51 608.878 1266.04
PRESSAVG: 213000 -587.518 178.201 -105.942 50.0968 -582.558 119.088 135.783 401.617 551.602
GPRESSAVG: 213000 -588.942 183.794 -107.739 48.2301 -580.93 118.536 135.977 399.931 551.74
ENERGY:  213000         0.0000         0.0000         0.0000         0.0000          -5705.7121       456.7571         0.0000         0.0000       934.5002          -4314.4547       296.8825     -5248.9550     -4312.9985       293.9505            656.7138       655.8033     22681.3476      -206.1580      -206.0442

PRESSURE: 213500 -1243.17 297.761 -34.4252 258.255 -393.724 635.926 -583.26 755.095 -829.535
GPRESSURE: 213500 -1259.04 186.531 -49.5688 353.255 -204.338 463.943 -624.775 824.058 -940.787
PRESSAVG: 213500 -439.249 -129.916 27.8041 -117.473 -383.01 -19.5287 -95.5773 342.872 823.566
GPRESSAVG: 213500 -438.789 -136.836 23.8817 -115.438 -382.722 -17.0189 -94.1046 340.335 821.828
ENERGY:  213500         0.0000         0.0000         0.0000         0.0000          -5579.5039       318.9076         0.0000         0.0000       965.2812          -4295.3151       306.6614     -5260.5963     -4294.3483       294.3421           -822.1437      -801.3872     22681.3476         0.4357         0.1059

PRESSURE: 214000 -309.83 180.31 411.936 617.051 789.835 -191.737 484.319 457.058 663.025
GPRESSURE: 214000 -225.941 327.664 217.773 348.434 638.726 -135.896 431.538 737.602 768.985
PRESSAVG: 214000 -550.921 54.241 -116.183 109.578 -343.181 21.9492 9.73731 330.818 671.272
GPRESSAVG: 214000 -551.559 57.0577 -114.21 108.621 -342.266 19.509 7.45307 335.252 671.131
ENERGY:  214000         0.0000         0.0000         0.0000         0.0000          -5643.1894       432.5840         0.0000         0.0000       917.4975          -4293.1079       291.4809     -5210.6053     -4290.0090       298.7207            381.0097       393.9236     22681.3476       -74.2765       -74.2313

LDB: ============= START OF LOAD BALANCING ============== 691.253
LDB: ============== END OF LOAD BALANCING =============== 691.257
Info: useSync: 0 useProxySync: 0
LDB: =============== DONE WITH MIGRATION ================ 691.276
LDB: ============= START OF LOAD BALANCING ============== 691.695
LDB: Largest compute 230 load 0.014060 is 20.8% of average load 0.067693
LDB: Average compute 0.002408 is 3.6% of average load 0.067693
LDB: TIME 691.702 LOAD: AVG 0.067693 MAX 0.182174  PROXIES: TOTAL 28 MAXPE 3 MAXPATCH 5 None MEM: 0.407069 MB
LDB: TIME 691.702 LOAD: AVG 0.067693 MAX 0.182174  PROXIES: TOTAL 32 MAXPE 4 MAXPATCH 6 RefineTorusLB MEM: 0.407069 MB
LDB: TIME 691.702 LOAD: AVG 0.067693 MAX 0.182174  PROXIES: TOTAL 32 MAXPE 4 MAXPATCH 6 RefineTorusLB MEM: 0.407069 MB
LDB: Reverting to original mapping
LDB: ============== END OF LOAD BALANCING =============== 691.708
Info: useSync: 0 useProxySync: 0
LDB: =============== DONE WITH MIGRATION ================ 691.767
PRESSURE: 214500 89.884 -179.819 -415.046 124.533 -216.103 -726.784 -65.8186 -128.442 159.103
GPRESSURE: 214500 107.81 15.8753 -500.215 -167.415 -321.093 -503.871 -412.611 55.5822 291.499
PRESSAVG: 214500 -574.364 -190.502 -157.877 -80.2696 -240.014 85.3274 -67.3601 368.644 678.956
GPRESSAVG: 214500 -570.837 -191.595 -156.95 -80.1702 -242.269 89.9428 -69.4823 365.479 679.218
ENERGY:  214500         0.0000         0.0000         0.0000         0.0000          -5591.4054       391.0901         0.0000         0.0000       950.2441          -4250.0712       301.8842     -5200.3153     -4248.0462       295.0866             10.9613        26.0721     22681.3476       -45.1407       -44.6292

PRESSURE: 215000 -533.83 646.966 -615.987 348.734 -90.1613 -305.327 -57.0222 -427.782 458.945
GPRESSURE: 215000 -526.19 720.031 -554.546 381.217 -247.354 -283.802 -344.666 -431.582 599.081
PRESSAVG: 215000 -192.036 53.9744 -27.7591 -30.3362 -143.561 -46.1084 -169.991 59.1139 533.66
GPRESSAVG: 215000 -193.437 55.0319 -28.3299 -30.3892 -141.09 -50.1596 -165.826 60.8439 533.885
TIMING: 215000  CPU: 675.734, 0.00719215/step  Wall: 686.802, 0.00788039/step, 0.186065 hours remaining, 0.407069 MB of memory in use.
PERFORMANCE: 215000  averaging 54.0949 ns/day, 0.00319439 sec/step with standard deviation 0.00110117
ETITLE:      TS           BOND          ANGLE          DIHED          IMPRP               ELECT            VDW       BOUNDARY           MISC        KINETIC               TOTAL           TEMP      POTENTIAL         TOTAL3        TEMPAVG            PRESSURE      GPRESSURE         VOLUME       PRESSAVG      GPRESSAVG

ENERGY:  215000         0.0000         0.0000         0.0000         0.0000          -5645.9093       396.6609         0.0000         0.0000       951.2830          -4297.9655       302.2143     -5249.2485     -4295.5124       300.9700            -55.0153       -58.1542     22681.3476        66.0208        66.4528

WRITING EXTENDED SYSTEM TO RESTART FILE AT STEP 215000
WRITING COORDINATES TO DCD FILE MD.dcd AT STEP 215000
WRITING COORDINATES TO RESTART FILE AT STEP 215000
FINISHED WRITING RESTART COORDINATES
WRITING VELOCITIES TO RESTART FILE AT STEP 215000
FINISHED WRITING RESTART VELOCITIES
PRESSURE: 215500 -145.812 367.651 94.522 -600.176 -474.331 -459.202 331.31 -329.527 -64.5584
GPRESSURE: 215500 -225.699 427.758 -94.1857 -582.454 -396.264 -556.911 557.692 -158.918 25.5342
PRESSAVG: 215500 -387.464 106.829 -38.3789 -59.6144 -513.277 -38.9397 397.585 264.435 806.327
GPRESSAVG: 215500 -389.119 105.148 -39.2405 -61.2565 -511.809 -36.1943 395.772 261.99 806.207
ENERGY:  215500         0.0000         0.0000         0.0000         0.0000          -5640.3754       395.8955         0.0000         0.0000       925.3105          -4319.1693       293.9630     -5244.4798     -4315.7099       294.3865           -228.2339      -198.8095     22681.3476       -31.4713       -31.5737

PRESSURE: 216000 -189.042 -92.9752 -273.482 -212.88 -1080.62 402.975 -175.198 304.344 966.228
GPRESSURE: 216000 -177.117 -36.546 -30.4258 51.5718 -909.545 377.162 -186.115 266.375 848.738
PRESSAVG: 216000 -341.68 57.6032 29.2771 -21.432 -427.864 17.0498 59.2206 112.579 775.771
GPRESSAVG: 216000 -344.492 56.159 33.6453 -18.5331 -426.004 16.7834 58.4869 113.579 776.465
ENERGY:  216000         0.0000         0.0000         0.0000         0.0000          -5630.8455       383.9377         0.0000         0.0000       955.8643          -4291.0434       303.6697     -5246.9077     -4288.3954       295.1300           -101.1445       -79.3078     22681.3476         2.0755         1.9896

LDB: ============= START OF LOAD BALANCING ============== 707.839
LDB: ============== END OF LOAD BALANCING =============== 707.839
Info: useSync: 0 useProxySync: 0
LDB: =============== DONE WITH MIGRATION ================ 707.851
LDB: ============= START OF LOAD BALANCING ============== 708.283
LDB: Largest compute 226 load 0.048952 is 73.9% of average load 0.066225
LDB: Average compute 0.002561 is 3.9% of average load 0.066225
LDB: TIME 708.284 LOAD: AVG 0.0662253 MAX 0.133949  PROXIES: TOTAL 28 MAXPE 3 MAXPATCH 5 None MEM: 0.407069 MB
LDB: TIME 708.284 LOAD: AVG 0.0662253 MAX 0.133949  PROXIES: TOTAL 32 MAXPE 4 MAXPATCH 6 RefineTorusLB MEM: 0.407069 MB
LDB: TIME 708.284 LOAD: AVG 0.0662253 MAX 0.133949  PROXIES: TOTAL 33 MAXPE 4 MAXPATCH 7 RefineTorusLB MEM: 0.407069 MB
LDB: Reverting to original mapping
LDB: ============== END OF LOAD BALANCING =============== 708.284
Info: useSync: 0 useProxySync: 0
LDB: =============== DONE WITH MIGRATION ================ 708.284
PRESSURE: 216500 -232.531 -533.61 -399.752 -261.449 -737.652 228.526 -529.064 304.837 -231.726
GPRESSURE: 216500 -71.7483 -378.413 -414.106 -609.405 -762.79 308.975 -723.486 106.66 -315.296
PRESSAVG: 216500 -545.958 7.69434 69.8547 -8.54762 -477.384 18.8406 128.23 408.97 1050.09
GPRESSAVG: 216500 -541.107 9.98809 66.7211 -11.185 -481.157 19.3397 131.332 407.723 1047.58
ENERGY:  216500         0.0000         0.0000         0.0000         0.0000          -5576.7548       357.5589         0.0000         0.0000       918.2460          -4300.9499       291.7187     -5219.1959     -4297.6030       295.3955           -400.6360      -383.2780     22681.3476         8.9176         8.4395

PRESSURE: 217000 -998.121 -620.192 -380.081 -704.721 123.204 301.924 -389.145 677.306 894.518
GPRESSURE: 217000 -825.439 -484.239 -50.5533 -683.599 148.303 7.31552 -545.169 900.321 744.066
PRESSAVG: 217000 -682.001 69.7081 -201.187 -53.9094 -454.025 -36.4749 -197.796 338.444 694.014
GPRESSAVG: 217000 -684.247 67.9076 -198.283 -52.9495 -453.576 -35.3331 -197.835 337.735 695.52
ENERGY:  217000         0.0000         0.0000         0.0000         0.0000          -5617.0419       391.5082         0.0000         0.0000       932.6967          -4292.8370       296.3095     -5225.5336     -4290.5436       295.1287              6.5334        22.3099     22681.3476      -147.3374      -147.4344

PRESSURE: 217500 537.656 542.647 411.081 478.914 -700.763 -179.576 -297.73 -11.7257 1300.74
GPRESSURE: 217500 608.555 217.661 452.983 914.431 -548.805 -484.945 -306.06 138.831 1108.56
PRESSAVG: 217500 -349.582 197.351 93.453 18.8223 -73.5353 -143.766 -1.35295 336.749 1146.15
GPRESSAVG: 217500 -351.588 199.098 93.9163 19.4966 -71.2814 -147.669 -4.57834 341.237 1146.11
ENERGY:  217500         0.0000         0.0000         0.0000         0.0000          -5668.1055       406.2172         0.0000         0.0000       947.8087          -4314.0796       301.1105     -5261.8883     -4310.4987       296.2729            379.2114       389.4379     22681.3476       241.0099       241.0806

PRESSURE: 218000 -214.579 -391.388 292.46 -383.246 -484.309 -730.918 732.067 -202.353 1410.7
GPRESSURE: 218000 -290.179 -510.594 339.017 -455.612 -328.722 -1031.57 629.517 -137.195 1383.09
PRESSAVG: 218000 -271.061 140.808 -60.1799 -53.5036 -138.279 -53.8416 -205.194 204.044 1181.92
GPRESSAVG: 218000 -267.971 145.408 -62.3757 -55.0677 -141.011 -52.2103 -203.714 201.457 1183.15
ENERGY:  218000         0.0000         0.0000         0.0000         0.0000          -5636.7764       393.0534         0.0000         0.0000       969.5541          -4274.1689       308.0188     -5243.7230     -4271.0005       294.9570            237.2710       254.7302     22681.3476       257.5252       258.0577

LDB: ============= START OF LOAD BALANCING ============== 714.4
LDB: ============== END OF LOAD BALANCING =============== 714.4
Info: useSync: 0 useProxySync: 0
LDB: =============== DONE WITH MIGRATION ================ 714.4
LDB: ============= START OF LOAD BALANCING ============== 714.544
LDB: Largest compute 17 load 0.008679 is 14.5% of average load 0.060060
LDB: Average compute 0.002381 is 4.0% of average load 0.060060
LDB: TIME 714.545 LOAD: AVG 0.0600603 MAX 0.137558  PROXIES: TOTAL 28 MAXPE 3 MAXPATCH 5 None MEM: 0.407069 MB
LDB: TIME 714.545 LOAD: AVG 0.0600603 MAX 0.137558  PROXIES: TOTAL 32 MAXPE 4 MAXPATCH 6 RefineTorusLB MEM: 0.407069 MB
LDB: TIME 714.545 LOAD: AVG 0.0600603 MAX 0.137558  PROXIES: TOTAL 32 MAXPE 4 MAXPATCH 6 RefineTorusLB MEM: 0.407069 MB
LDB: Reverting to original mapping
LDB: ============== END OF LOAD BALANCING =============== 714.545
Info: useSync: 0 useProxySync: 0
LDB: =============== DONE WITH MIGRATION ================ 714.545
PRESSURE: 218500 -360.221 -214.53 35.6738 -131.981 184.729 -367.478 227.66 60.1765 775.403
GPRESSURE: 218500 -365.925 -201.472 179.338 3.45821 300.53 -501.331 -28.9072 169.904 766.602
PRESSAVG: 218500 7.36847 80.9936 34.5136 31.9711 -116.392 31.1975 308.329 422.928 1260.64
GPRESSAVG: 218500 6.98735 76.3671 35.4644 35.2277 -115.975 32.5947 309.001 424.109 1260.61
ENERGY:  218500         0.0000         0.0000         0.0000         0.0000          -5582.0979       390.5060         0.0000         0.0000       928.4410          -4263.1509       294.9575     -5191.5919     -4260.2956       300.9970            199.9700       233.7358     22681.3476       383.8715       383.8736

PRESSURE: 219000 -537.768 -1202.43 -436.724 -1269.18 -641.518 242.289 -309.24 371.805 1353.1
GPRESSURE: 219000 -633.247 -1039.78 -565.887 -1021.53 -646.319 67.2117 -418.47 255.56 1511.6
PRESSAVG: 219000 -157.605 55.2924 -30.0226 38.7544 -283.834 -169.042 80.2286 123.019 954.353
GPRESSAVG: 219000 -158.106 56.4323 -31.1333 36.1457 -283.023 -172.771 80.8305 124.772 952.851
ENERGY:  219000         0.0000         0.0000         0.0000         0.0000          -5612.2112       398.5228         0.0000         0.0000       914.3163          -4299.3721       290.4702     -5213.6884     -4297.4822       298.6296             57.9371        77.3458     22681.3476       170.9714       170.5742

PRESSURE: 219500 -1049.3 -453.186 -416.731 -109.552 -208.453 -53.7243 243.839 406.538 2314.18
GPRESSURE: 219500 -786.283 -325.639 -270.129 -166.089 -174.841 132.337 83.5565 387.371 2079.86
PRESSAVG: 219500 -370.015 172.557 -42.2839 224.235 -343.07 217.557 -102.516 493.406 493.8
GPRESSAVG: 219500 -370.819 171.413 -41.0234 223.011 -344.269 217.65 -99.0117 494.535 496.118
ENERGY:  219500         0.0000         0.0000         0.0000         0.0000          -5646.5686       422.4630         0.0000         0.0000       935.6596          -4288.4460       297.2508     -5224.1056     -4285.1959       296.9744            352.1404       372.9130     22681.3476       -73.0948       -72.9900

WRITING COORDINATES TO DCD FILE MD.dcd AT STEP 220000
WRITING COORDINATES TO RESTART FILE AT STEP 220000
FINISHED WRITING RESTART COORDINATES
WRITING VELOCITIES TO RESTART FILE AT STEP 220000
FINISHED WRITING RESTART VELOCITIES
PRESSURE: 220000 -1064.87 -106.317 1.15155 -314.731 376.646 -144.506 58.7707 632.864 932.167
GPRESSURE: 220000 -1091.27 47.4944 206.099 -519.413 451.059 -154.725 -269.569 1102.05 924.611
PRESSAVG: 220000 -257.883 64.9361 66.2933 29.9014 19.553 195.93 81.2397 542.036 1021.95
GPRESSAVG: 220000 -259.519 67.5573 67.892 30.6494 20.8402 199.377 78.4163 536.977 1022.8
TIMING: 220000  CPU: 698.187, 0.00449065/step  Wall: 710.478, 0.00473533/step, 0.10523 hours remaining, 0.407069 MB of memory in use.
PERFORMANCE: 220000  averaging 53.5083 ns/day, 0.00322941 sec/step with standard deviation 0.00111281
ETITLE:      TS           BOND          ANGLE          DIHED          IMPRP               ELECT            VDW       BOUNDARY           MISC        KINETIC               TOTAL           TEMP      POTENTIAL         TOTAL3        TEMPAVG            PRESSURE      GPRESSURE         VOLUME       PRESSAVG      GPRESSAVG

ENERGY:  220000         0.0000         0.0000         0.0000         0.0000          -5601.9492       380.9420         0.0000         0.0000       964.4511          -4256.5560       306.3977     -5221.0072     -4253.4199       298.1023             81.3139        94.7999     22681.3476       261.2074       261.3753

WRITING EXTENDED SYSTEM TO RESTART FILE AT STEP 220000
LDB: ============= START OF LOAD BALANCING ============== 722.427
LDB: ============== END OF LOAD BALANCING =============== 722.427
Info: useSync: 0 useProxySync: 0
LDB: =============== DONE WITH MIGRATION ================ 722.428
LDB: ============= START OF LOAD BALANCING ============== 722.573
LDB: Largest compute 215 load 0.009343 is 15.3% of average load 0.061075
LDB: Average compute 0.002431 is 4.0% of average load 0.061075
LDB: TIME 722.573 LOAD: AVG 0.0610749 MAX 0.13758  PROXIES: TOTAL 28 MAXPE 3 MAXPATCH 5 None MEM: 0.407069 MB
LDB: TIME 722.573 LOAD: AVG 0.0610749 MAX 0.13758  PROXIES: TOTAL 32 MAXPE 4 MAXPATCH 6 RefineTorusLB MEM: 0.407069 MB
LDB: TIME 722.573 LOAD: AVG 0.0610749 MAX 0.13758  PROXIES: TOTAL 32 MAXPE 4 MAXPATCH 6 RefineTorusLB MEM: 0.407069 MB
LDB: Reverting to original mapping
LDB: ============== END OF LOAD BALANCING =============== 722.573
Info: useSync: 0 useProxySync: 0
LDB: =============== DONE WITH MIGRATION ================ 722.574
PRESSURE: 220500 232.779 -235.312 53.379 -365.609 148.434 54.1051 -111.455 55.2322 1371.53
GPRESSURE: 220500 55.0319 -195.579 -198.015 -238.698 191.126 -111.843 117.091 17.6187 1567.7
PRESSAVG: 220500 -457.929 -10.0452 20.4037 40.5559 -347.496 33.576 164.8 474.109 1434.93
GPRESSAVG: 220500 -457.771 -11.2258 18.1916 43.9654 -346.325 32.6121 163.824 473.648 1435.07
ENERGY:  220500         0.0000         0.0000         0.0000         0.0000          -5605.5893       421.4501         0.0000         0.0000       911.7513          -4272.3879       289.6554     -5184.1392     -4268.8603       301.3515            584.2483       604.6191     22681.3476       209.8338       210.3257

PRESSURE: 221000 -258.811 -391.632 -301.989 -765.146 -976.324 -26.3156 -460.62 565.114 -531.133
GPRESSURE: 221000 -289.597 -439.463 -333.025 -672.457 -995.997 -81.1556 -590.983 605.898 -396.455
PRESSAVG: 221000 -404.995 42.3387 139.227 -12.7829 -523.558 -19.3464 -75.0358 523.576 618.296
GPRESSAVG: 221000 -406.391 42.4078 143.34 -13.5964 -523.133 -19.2181 -76.6717 524.52 620.65
ENERGY:  221000         0.0000         0.0000         0.0000         0.0000          -5557.7788       332.7085         0.0000         0.0000       954.9593          -4270.1109       303.3822     -5225.0703     -4268.2173       300.4715           -588.7561      -560.6831     22681.3476      -103.4188      -102.9579

PRESSURE: 221500 5.26678 28.0997 -41.4549 -352.056 -45.0776 63.9143 -303.885 -23.5542 666.162
GPRESSURE: 221500 262.47 222.746 -164.084 -547.133 -27.0185 398.84 -501.641 -137.818 480.63
PRESSAVG: 221500 -202.197 42.0217 37.7637 -115.45 -415.069 -72.6493 10.582 380.221 1133.1
GPRESSAVG: 221500 -198.595 44.1962 37.9001 -120.019 -416.134 -75.0262 10.9468 382.193 1132.39
ENERGY:  221500         0.0000         0.0000         0.0000         0.0000          -5654.0407       424.2676         0.0000         0.0000       953.1189          -4276.6542       302.7975     -5229.7731     -4274.7591       301.7336            208.7836       238.6939     22681.3476       171.9447       172.5535

PRESSURE: 222000 -764.661 -74.8194 -542.384 569.142 -425.153 -920.961 -768.284 -493.664 213.966
GPRESSURE: 222000 -548.581 135.488 -405.909 357.109 -511.211 -599.756 -648.439 -463.968 138.998
PRESSAVG: 222000 -442.41 -105.043 188.737 59.2689 -574.546 -149.225 29.2525 180.889 1027.06
GPRESSAVG: 222000 -443.644 -108.197 190.866 60.7467 -571.989 -147.425 32.2882 178.004 1027.57
ENERGY:  222000         0.0000         0.0000         0.0000         0.0000          -5558.6438       354.6064         0.0000         0.0000       953.9456          -4250.0917       303.0601     -5204.0373     -4247.6907       299.9483           -325.2826      -306.9311     22681.3476         3.3667         3.9799

LDB: ============= START OF LOAD BALANCING ============== 728.283
LDB: ============== END OF LOAD BALANCING =============== 728.283
Info: useSync: 0 useProxySync: 0
LDB: =============== DONE WITH MIGRATION ================ 728.284
LDB: ============= START OF LOAD BALANCING ============== 728.428
LDB: Largest compute 16 load 0.008412 is 13.7% of average load 0.061514
LDB: Average compute 0.002456 is 4.0% of average load 0.061514
LDB: TIME 728.429 LOAD: AVG 0.0615138 MAX 0.136932  PROXIES: TOTAL 28 MAXPE 3 MAXPATCH 5 None MEM: 0.407069 MB
LDB: TIME 728.429 LOAD: AVG 0.0615138 MAX 0.136932  PROXIES: TOTAL 32 MAXPE 4 MAXPATCH 6 RefineTorusLB MEM: 0.407069 MB
LDB: TIME 728.429 LOAD: AVG 0.0615138 MAX 0.136932  PROXIES: TOTAL 32 MAXPE 4 MAXPATCH 6 RefineTorusLB MEM: 0.407069 MB
LDB: ============== END OF LOAD BALANCING =============== 728.429
Info: useSync: 0 useProxySync: 0
LDB: =============== DONE WITH MIGRATION ================ 728.429
PRESSURE: 222500 -812.137 -71.7018 245.677 -396.851 -987.19 -532.542 -738.289 -480.214 489.716
GPRESSURE: 222500 -616.604 68.9551 343.045 -384.114 -1194.34 -774.048 -730.868 -651.649 589.707
PRESSAVG: 222500 -380.283 54.0895 144.039 -18.4143 -241.378 -275.842 -126.604 -93.8639 981.844
GPRESSAVG: 222500 -379.978 57.3156 140.704 -17.2413 -240.664 -276.954 -127.877 -92.5981 980.695
ENERGY:  222500         0.0000         0.0000         0.0000         0.0000          -5533.1335       338.6465         0.0000         0.0000       989.2474          -4205.2396       314.2752     -5194.4870     -4202.7562       303.6668           -436.5371      -407.0786     22681.3476       120.0609       120.0179

PRESSURE: 223000 321.152 47.7468 -461.42 -47.1894 -230.389 775.123 -719.417 846.581 305.608
GPRESSURE: 223000 208.001 220.567 -802.981 86.6892 -141.584 1357.37 -239.863 285.342 364.365
PRESSAVG: 223000 -68.5114 96.4002 12.1346 -55.7299 -206.468 -22.8753 -212.681 330.696 1213.93
GPRESSAVG: 223000 -69.8785 94.9889 9.49174 -56.3099 -208.991 -22.5678 -210.084 332.876 1216.77
ENERGY:  223000         0.0000         0.0000         0.0000         0.0000          -5553.8327       375.9312         0.0000         0.0000      1013.4332          -4164.4683       321.9588     -5177.9015     -4162.1603       310.2112            132.1235       143.5939     22681.3476       312.9823       312.6336

PRESSURE: 223500 354.56 -1.42991 -638.087 -224.138 350.049 323.094 -431.459 38.7698 1275.39
GPRESSURE: 223500 518.558 -173.82 -536.797 -78.4165 396.061 151.034 -437.932 93.353 1113.39
PRESSAVG: 223500 386.893 94.4262 -188.662 -71.3506 11.7468 119.103 -243.449 293.023 1521.68
GPRESSAVG: 223500 389.598 95.0404 -189.982 -68.9476 12.2823 119.719 -241.303 289.03 1518
ENERGY:  223500         0.0000         0.0000         0.0000         0.0000          -5539.9545       402.9717         0.0000         0.0000       986.1470          -4150.8358       313.2903     -5136.9828     -4149.6727       313.4048            660.0003       676.0027     22681.3476       640.1058       639.9591

PRESSURE: 224000 855.631 -418.599 -191.911 -636.282 -637.478 451.648 -272.043 959.019 510.709
GPRESSURE: 224000 725.694 -118.262 -116.056 -695.236 -568.497 247.512 -402.726 1005.78 665.534
PRESSAVG: 224000 71.7303 -34.813 -5.16683 100.841 -92.809 120.494 -114.793 293.868 1050.34
GPRESSAVG: 224000 71.8503 -36.5177 -5.52236 99.7978 -94.0879 118.987 -116.161 292.185 1051.79
ENERGY:  224000         0.0000         0.0000         0.0000         0.0000          -5558.7850       388.2973         0.0000         0.0000       975.2162          -4195.2715       309.8176     -5170.4877     -4194.3698       310.0555            242.9540       274.2439     22681.3476       343.0859       343.1848

LDB: ============= START OF LOAD BALANCING ============== 734.06
LDB: ============== END OF LOAD BALANCING =============== 734.06
Info: useSync: 0 useProxySync: 0
LDB: =============== DONE WITH MIGRATION ================ 734.06
LDB: ============= START OF LOAD BALANCING ============== 734.203
LDB: Largest compute 16 load 0.008824 is 14.8% of average load 0.059781
LDB: Average compute 0.002367 is 4.0% of average load 0.059781
LDB: TIME 734.203 LOAD: AVG 0.0597805 MAX 0.136852  PROXIES: TOTAL 28 MAXPE 3 MAXPATCH 5 None MEM: 0.407069 MB
LDB: TIME 734.203 LOAD: AVG 0.0597805 MAX 0.136852  PROXIES: TOTAL 32 MAXPE 4 MAXPATCH 6 RefineTorusLB MEM: 0.407069 MB
LDB: TIME 734.203 LOAD: AVG 0.0597805 MAX 0.136852  PROXIES: TOTAL 32 MAXPE 4 MAXPATCH 6 RefineTorusLB MEM: 0.407069 MB
LDB: Reverting to original mapping
LDB: ============== END OF LOAD BALANCING =============== 734.204
Info: useSync: 0 useProxySync: 0
LDB: =============== DONE WITH MIGRATION ================ 734.204
PRESSURE: 224500 -571.674 -140.287 411.198 98.0822 -371.45 170.898 -34.0716 752.811 1225.4
GPRESSURE: 224500 -528.359 -574.646 438.975 457.197 -407.963 -245.049 -329.401 1257.68 1255.76
PRESSAVG: 224500 -334.525 -53.7205 17.9967 39.2828 -296.001 -95.7394 -168.047 132.241 1457.12
GPRESSAVG: 224500 -334.236 -55.8123 22.2288 39.7033 -296.682 -94.3296 -170.133 131.845 1457.21
ENERGY:  224500         0.0000         0.0000         0.0000         0.0000          -5570.1796       375.4258         0.0000         0.0000       953.0780          -4241.6757       302.7845     -5194.7538     -4239.0984       304.5644             94.0929       106.4779     22681.3476       275.5310       275.4293

WRITING COORDINATES TO DCD FILE MD.dcd AT STEP 225000
WRITING COORDINATES TO RESTART FILE AT STEP 225000
FINISHED WRITING RESTART COORDINATES
WRITING VELOCITIES TO RESTART FILE AT STEP 225000
FINISHED WRITING RESTART VELOCITIES
PRESSURE: 225000 -491.8 873.962 -226.041 795.608 -75.615 747.334 22.225 1239.17 498.204
GPRESSURE: 225000 -489.202 913.443 -274.324 763.251 -39.6635 748.846 249.873 975.683 516.05
PRESSAVG: 225000 -432.402 183.997 167.478 270.934 -258.826 133.721 33.7552 384.48 875.438
GPRESSAVG: 225000 -431.888 187.167 171.42 267.458 -258.666 133.075 33.0731 385.503 874.285
TIMING: 225000  CPU: 712.678, 0.00289805/step  Wall: 725.009, 0.00290607/step, 0.0605432 hours remaining, 0.407069 MB of memory in use.
PERFORMANCE: 225000  averaging 53.6276 ns/day, 0.00322222 sec/step with standard deviation 0.00110115
ETITLE:      TS           BOND          ANGLE          DIHED          IMPRP               ELECT            VDW       BOUNDARY           MISC        KINETIC               TOTAL           TEMP      POTENTIAL         TOTAL3        TEMPAVG            PRESSURE      GPRESSURE         VOLUME       PRESSAVG      GPRESSAVG

ENERGY:  225000         0.0000         0.0000         0.0000         0.0000          -5590.2255       394.4616         0.0000         0.0000       925.5177          -4270.2462       294.0288     -5195.7639     -4268.1869       298.6410            -23.0704        -4.2718     22681.3476        61.4034        61.2439

WRITING EXTENDED SYSTEM TO RESTART FILE AT STEP 225000
PRESSURE: 225500 -435.923 68.6178 -165.168 216.56 176.947 -415.872 -447.212 -142.309 968.892
GPRESSURE: 225500 -406.477 144.913 -112.108 196.788 45.3054 -395.677 -356.607 -240.447 1127.01
PRESSAVG: 225500 -387.808 278.091 -74.9693 289.298 -268.145 -71.822 -110.574 153.532 687.321
GPRESSAVG: 225500 -389.698 279.359 -79.7043 293.825 -269.765 -73.6284 -107.586 154.677 690.837
ENERGY:  225500         0.0000         0.0000         0.0000         0.0000          -5614.1560       410.7852         0.0000         0.0000       965.9290          -4237.4417       306.8672     -5203.3708     -4234.6529       301.3184            236.6388       255.2810     22681.3476        10.4562        10.4577

PRESSURE: 226000 -1128.66 25.2113 -469.275 -39.8304 -679.04 -325.51 -600.739 85.6384 1584.98
GPRESSURE: 226000 -1218.34 -260.729 -251.913 155.594 -592.091 -557.834 -783.741 18.9364 1630.77
PRESSAVG: 226000 -324.054 66.6085 95.7105 16.5544 -313.579 -60.9724 -92.7356 154.752 1059.87
GPRESSAVG: 226000 -322.668 68.195 94.0006 14.6696 -312.022 -62.0132 -94.5558 152.93 1058.31
ENERGY:  226000         0.0000         0.0000         0.0000         0.0000          -5558.2146       361.4083         0.0000         0.0000       958.3431          -4238.4632       304.4572     -5196.8063     -4235.7414       301.5446            -74.2387       -59.8868     22681.3476       140.7445       141.2066

LDB: ============= START OF LOAD BALANCING ============== 739.811
LDB: ============== END OF LOAD BALANCING =============== 739.811
Info: useSync: 0 useProxySync: 0
LDB: =============== DONE WITH MIGRATION ================ 739.811
LDB: ============= START OF LOAD BALANCING ============== 739.952
LDB: Largest compute 16 load 0.008083 is 13.5% of average load 0.059889
LDB: Average compute 0.002385 is 4.0% of average load 0.059889
LDB: TIME 739.953 LOAD: AVG 0.059889 MAX 0.134204  PROXIES: TOTAL 28 MAXPE 3 MAXPATCH 5 None MEM: 0.407069 MB
LDB: TIME 739.953 LOAD: AVG 0.059889 MAX 0.134204  PROXIES: TOTAL 32 MAXPE 4 MAXPATCH 6 RefineTorusLB MEM: 0.407069 MB
LDB: TIME 739.953 LOAD: AVG 0.059889 MAX 0.134204  PROXIES: TOTAL 32 MAXPE 4 MAXPATCH 6 RefineTorusLB MEM: 0.407069 MB
LDB: Reverting to original mapping
LDB: ============== END OF LOAD BALANCING =============== 739.953
Info: useSync: 0 useProxySync: 0
LDB: =============== DONE WITH MIGRATION ================ 739.953
PRESSURE: 226500 -194.183 -260.363 -34.8961 -194.976 -244.725 149.988 40.8108 284.811 618.967
GPRESSURE: 226500 -220.715 -401.752 -213.78 -202.47 -181.614 41.4346 204.511 434.181 641.157
PRESSAVG: 226500 -385.285 -137.271 114.641 -128.912 -343.652 -86.804 -107.163 416.388 1276.19
GPRESSAVG: 226500 -384.184 -142.432 115.768 -128.416 -343.575 -82.5845 -104.882 414.481 1276.69
ENERGY:  226500         0.0000         0.0000         0.0000         0.0000          -5555.2670       369.4050         0.0000         0.0000       983.8276          -4202.0344       312.5534     -5185.8620     -4199.3884       306.4754             60.0195        79.6093     22681.3476       182.4185       182.9783

PRESSURE: 227000 -540.052 26.432 64.7377 159.014 570.924 577.519 -705.033 1148.82 2091.17
GPRESSURE: 227000 -417.658 171.081 -11.9655 311.448 594.8 811.83 -358.911 892.606 1971.28
PRESSAVG: 227000 -96.6049 6.5163 90.2735 4.68031 -66.9062 -62.5631 -136.193 257.999 1154
GPRESSAVG: 227000 -97.9785 8.29528 91.8644 6.41626 -65.9126 -63.1356 -139.871 262.521 1154.51
ENERGY:  227000         0.0000         0.0000         0.0000         0.0000          -5582.1660       414.7709         0.0000         0.0000       960.3441          -4207.0510       305.0929     -5167.3951     -4205.2099       306.1891            707.3493       716.1394     22681.3476       330.1643       330.2078

PRESSURE: 227500 -133.048 493.846 40.8154 906.689 50.788 55.917 -193.814 684.847 1776.11
GPRESSURE: 227500 -105.089 539.098 167.988 576.365 226.421 -129.575 -455.949 814.781 1644.12
PRESSAVG: 227500 -271.987 -53.0495 -152.262 84.4303 -230.957 26.7537 -184.741 266.338 1227.03
GPRESSAVG: 227500 -271.029 -52.6355 -149.312 80.9796 -231.164 24.4441 -181.921 262.729 1225.13
ENERGY:  227500         0.0000         0.0000         0.0000         0.0000          -5602.9716       414.8237         0.0000         0.0000       967.5425          -4220.6053       307.3798     -5188.1479     -4218.1159       303.6147            564.6182       588.4851     22681.3476       241.3614       240.9777

PRESSURE: 228000 -457.476 349.714 -401.476 433.273 -647.792 -95.8219 -623.025 525.113 1642.59
GPRESSURE: 228000 -248.766 137.74 -339.845 651.225 -919.342 -29.2342 -496.05 648.059 1783.14
PRESSAVG: 228000 -34.376 142.668 130.807 383.064 -2.63073 -35.108 43.5581 177.361 1560.97
GPRESSAVG: 228000 -32.6654 142.726 128.151 385.862 -3.61531 -34.522 44.7849 176.676 1561.38
ENERGY:  228000         0.0000         0.0000         0.0000         0.0000          -5535.2563       375.8410         0.0000         0.0000       893.6575          -4265.7578       283.9072     -5159.4154     -4263.6208       300.2515            179.1063       205.0110     22681.3476       507.9893       508.3681

LDB: ============= START OF LOAD BALANCING ============== 745.506
LDB: ============== END OF LOAD BALANCING =============== 745.506
Info: useSync: 0 useProxySync: 0
LDB: =============== DONE WITH MIGRATION ================ 745.506
LDB: ============= START OF LOAD BALANCING ============== 745.649
LDB: Largest compute 222 load 0.009094 is 15.1% of average load 0.060263
LDB: Average compute 0.002397 is 4.0% of average load 0.060263
LDB: TIME 745.65 LOAD: AVG 0.0602631 MAX 0.134377  PROXIES: TOTAL 28 MAXPE 3 MAXPATCH 5 None MEM: 0.407069 MB
LDB: TIME 745.65 LOAD: AVG 0.0602631 MAX 0.134377  PROXIES: TOTAL 32 MAXPE 4 MAXPATCH 6 RefineTorusLB MEM: 0.407069 MB
LDB: TIME 745.65 LOAD: AVG 0.0602631 MAX 0.134377  PROXIES: TOTAL 32 MAXPE 4 MAXPATCH 6 RefineTorusLB MEM: 0.407069 MB
LDB: ============== END OF LOAD BALANCING =============== 745.65
Info: useSync: 0 useProxySync: 0
LDB: =============== DONE WITH MIGRATION ================ 745.65
PRESSURE: 228500 -728.745 -366.981 186.01 -538.4 444.636 492.712 187.686 752.311 1968.09
GPRESSURE: 228500 -764.512 -428.812 73.0632 -634.793 582.365 497.683 218.702 909.768 1923.33
PRESSAVG: 228500 -150.991 51.1033 -127.986 -14.6963 -246.968 16.4443 -165.475 302.766 1319.78
GPRESSAVG: 228500 -152.47 52.2897 -128.453 -17.0468 -245.146 12.795 -165.062 305.636 1319.08
ENERGY:  228500         0.0000         0.0000         0.0000         0.0000          -5653.6214       435.6149         0.0000         0.0000       972.0053          -4246.0012       308.7976     -5218.0066     -4244.0078       301.1595            561.3277       580.3960     22681.3476       307.2749       307.1563

PRESSURE: 229000 -1646.5 -1145.51 641.124 -1125.32 -968.693 -363.682 1127.87 -91.7689 241.048
GPRESSURE: 229000 -1600.06 -1355.87 736.314 -750.849 -949.336 -473.683 1058.28 349.61 207.901
PRESSAVG: 229000 -352.103 -211.081 120.042 -307.64 -373.961 53.9183 63.0636 301.786 1150.06
GPRESSAVG: 229000 -351.66 -212.929 120.262 -304.226 -375.153 57.0291 63.4559 302.059 1149.84
ENERGY:  229000         0.0000         0.0000         0.0000         0.0000          -5438.0150       287.6908         0.0000         0.0000       916.5614          -4233.7628       291.1835     -5150.3242     -4231.5209       301.8955           -791.3833      -780.4993     22681.3476       141.3318       141.0087

PRESSURE: 229500 -1135.22 -79.1575 117.669 -195.618 -524.012 576.633 -139.679 440.25 2384.17
GPRESSURE: 229500 -1020.59 -241.032 -43.1836 -115.246 -345.629 855.856 159.288 382.856 2171.44
PRESSAVG: 229500 -502.731 -117.572 97.985 -68.9081 -510.667 28.0845 148.845 476.426 859.608
GPRESSAVG: 229500 -503.927 -113.412 94.7546 -72.8219 -509.746 30.7378 143.964 473.728 859.692
ENERGY:  229500         0.0000         0.0000         0.0000         0.0000          -5541.7887       381.1331         0.0000         0.0000       938.5143          -4222.1413       298.1578     -5160.6556     -4220.1735       300.6354            241.6445       268.4069     22681.3476       -51.2635       -51.3267

WRITING COORDINATES TO DCD FILE MD.dcd AT STEP 230000
WRITING COORDINATES TO RESTART FILE AT STEP 230000
FINISHED WRITING RESTART COORDINATES
WRITING VELOCITIES TO RESTART FILE AT STEP 230000
FINISHED WRITING RESTART VELOCITIES
PRESSURE: 230000 7.60456 -659.143 -429.86 -635.499 184.817 -332.852 -590.871 38.9798 133.25
GPRESSURE: 230000 -1.80019 -501.877 -591.555 -446 21.8205 -221.512 -232.57 239.461 369.78
PRESSAVG: 230000 -218.889 -66.4202 1.02701 -126.703 23.6284 75.1086 -109.541 195.909 835.664
GPRESSAVG: 230000 -217.475 -68.3845 4.09008 -123.499 23.3199 74.0342 -108.73 198.258 834.922
TIMING: 230000  CPU: 727.082, 0.00288095/step  Wall: 739.522, 0.00290267/step, 0.0564409 hours remaining, 0.407069 MB of memory in use.
PERFORMANCE: 230000  averaging 53.7434 ns/day, 0.00321528 sec/step with standard deviation 0.00108986
ETITLE:      TS           BOND          ANGLE          DIHED          IMPRP               ELECT            VDW       BOUNDARY           MISC        KINETIC               TOTAL           TEMP      POTENTIAL         TOTAL3        TEMPAVG            PRESSURE      GPRESSURE         VOLUME       PRESSAVG      GPRESSAVG

ENERGY:  230000         0.0000         0.0000         0.0000         0.0000          -5531.5059       357.1252         0.0000         0.0000       976.1852          -4198.1955       310.1255     -5174.3807     -4194.6263       302.7200            108.5569       129.9336     22681.3476       213.4680       213.5890

WRITING EXTENDED SYSTEM TO RESTART FILE AT STEP 230000
LDB: ============= START OF LOAD BALANCING ============== 751.455
LDB: ============== END OF LOAD BALANCING =============== 751.455
Info: useSync: 0 useProxySync: 0
LDB: =============== DONE WITH MIGRATION ================ 751.455
LDB: ============= START OF LOAD BALANCING ============== 751.602
LDB: Largest compute 16 load 0.008844 is 14.8% of average load 0.059816
LDB: Average compute 0.002353 is 3.9% of average load 0.059816
LDB: TIME 751.602 LOAD: AVG 0.0598157 MAX 0.140409  PROXIES: TOTAL 28 MAXPE 3 MAXPATCH 5 None MEM: 0.407069 MB
LDB: TIME 751.602 LOAD: AVG 0.0598157 MAX 0.140409  PROXIES: TOTAL 32 MAXPE 4 MAXPATCH 6 RefineTorusLB MEM: 0.407069 MB
LDB: TIME 751.602 LOAD: AVG 0.0598157 MAX 0.140409  PROXIES: TOTAL 32 MAXPE 4 MAXPATCH 6 RefineTorusLB MEM: 0.407069 MB
LDB: ============== END OF LOAD BALANCING =============== 751.603
Info: useSync: 0 useProxySync: 0
LDB: =============== DONE WITH MIGRATION ================ 751.603
PRESSURE: 230500 -169.76 -238.055 -72.6863 -537.217 -781.403 127.096 -88.8773 865.3 2751.22
GPRESSURE: 230500 -201.764 -312.676 28.0346 -511.325 -804.87 -195.493 -225.544 859.456 2883.64
PRESSAVG: 230500 65.3143 77.7604 167.131 56.6786 97.3682 2.7054 52.9981 292.663 1461.13
GPRESSAVG: 230500 66.4487 78.6315 166.532 55.3501 96.1238 1.95796 55.3126 293.508 1459.92
ENERGY:  230500         0.0000         0.0000         0.0000         0.0000          -5533.5368       386.6787         0.0000         0.0000       949.5551          -4197.3030       301.6653     -5146.8581     -4194.8854       307.3201            600.0184       625.6693     22681.3476       541.2721       540.8302

PRESSURE: 231000 -824.69 -195.623 -306.788 -335.794 -613.729 -70.502 -28.8057 76.8944 1337.78
GPRESSURE: 231000 -679.195 31.5178 38.004 -526.057 -616.732 -155.951 -433.499 -78.2341 1262.53
PRESSAVG: 231000 -200.2 -28.2445 -296.582 84.9818 -103.265 115.818 -309.143 384.662 1360.59
GPRESSAVG: 231000 -201.296 -30.4444 -300.502 87.861 -104.806 116.58 -309.711 379.678 1364.14
ENERGY:  231000         0.0000         0.0000         0.0000         0.0000          -5520.5077       366.2523         0.0000         0.0000       959.3573          -4194.8980       304.7794     -5154.2553     -4193.3789       307.3338            -33.5472       -11.1321     22681.3476       352.3765       352.6798

PRESSURE: 231500 -154.123 -859.612 104.252 -594.127 -1083.43 -629.953 -371.533 -521.966 622.326
GPRESSURE: 231500 -178.545 -1055.62 397.255 -114.418 -1092.35 -736.338 -726.203 -433.674 676.918
PRESSAVG: 231500 -379.027 -47.9974 -142.622 -179.073 -166.546 142.418 -145.353 269.79 1271.13
GPRESSAVG: 231500 -378.425 -46.5366 -139.474 -187.566 -165.2 142.458 -146.942 272.69 1268.15
ENERGY:  231500         0.0000         0.0000         0.0000         0.0000          -5465.5089       330.7158         0.0000         0.0000       923.6254          -4211.1677       293.4277     -5134.7930     -4209.7120       306.9800           -205.0762      -197.9918     22681.3476       241.8516       241.5097

PRESSURE: 232000 -189.222 -222.031 182.354 -205.562 413.18 400.647 -273.22 109.909 492.446
GPRESSURE: 232000 -80.5542 26.9723 211.299 -285.383 352.601 254.198 10.4097 -60.0417 508.857
PRESSAVG: 232000 -115.793 70.0901 48.5031 95.1108 -25.5266 -97.87 -99.2661 186.67 1587.11
GPRESSAVG: 232000 -115.967 70.2932 48.6561 100.104 -24.5962 -95.8371 -99.044 186.399 1586.42
ENERGY:  232000         0.0000         0.0000         0.0000         0.0000          -5588.0826       390.7147         0.0000         0.0000       947.4111          -4249.9568       300.9842     -5197.3679     -4248.4367       303.3340            238.8012       260.3012     22681.3476       481.9299       481.9521

LDB: ============= START OF LOAD BALANCING ============== 757.348
LDB: ============== END OF LOAD BALANCING =============== 757.348
Info: useSync: 0 useProxySync: 0
LDB: =============== DONE WITH MIGRATION ================ 757.348
LDB: ============= START OF LOAD BALANCING ============== 757.494
LDB: Largest compute 222 load 0.008869 is 14.7% of average load 0.060536
LDB: Average compute 0.002397 is 4.0% of average load 0.060536
LDB: TIME 757.495 LOAD: AVG 0.0605355 MAX 0.139797  PROXIES: TOTAL 28 MAXPE 3 MAXPATCH 5 None MEM: 0.407069 MB
LDB: TIME 757.495 LOAD: AVG 0.0605355 MAX 0.139797  PROXIES: TOTAL 32 MAXPE 4 MAXPATCH 6 RefineTorusLB MEM: 0.407069 MB
LDB: TIME 757.495 LOAD: AVG 0.0605355 MAX 0.139797  PROXIES: TOTAL 32 MAXPE 4 MAXPATCH 6 RefineTorusLB MEM: 0.407069 MB
LDB: ============== END OF LOAD BALANCING =============== 757.495
Info: useSync: 0 useProxySync: 0
LDB: =============== DONE WITH MIGRATION ================ 757.495
PRESSURE: 232500 508.678 -556.144 -560.657 -868.744 -902.098 204.943 137.154 812.835 316.501
GPRESSURE: 232500 420.093 -175.786 -327.207 -1157.45 -786.347 -63.5211 0.617999 857.296 357.82
PRESSAVG: 232500 -14.3817 43.5736 24.6277 -40.8881 -158.722 78.4206 74.6201 542.441 700.006
GPRESSAVG: 232500 -14.2113 39.1978 24.1042 -42.0526 -160.717 78.5752 75.7082 544.807 701.221
ENERGY:  232500         0.0000         0.0000         0.0000         0.0000          -5626.2308       399.5675         0.0000         0.0000       942.2393          -4284.4239       299.3411     -5226.6632     -4283.2549       296.7725            -25.6397        -2.8111     22681.3476       175.6340       175.4307

PRESSURE: 233000 -363.739 -329.597 54.1717 -567.052 524.51 -34.262 220.047 -327.583 345.764
GPRESSURE: 233000 -392.128 -496.235 -76.9846 -602.685 556.107 -112.71 -79.3277 -208.138 391.096
PRESSAVG: 233000 -368.589 80.3761 -196.565 127.213 -257.866 63.7341 -75.7001 218.418 1219.72
GPRESSAVG: 233000 -368.884 82.7929 -200.176 128.373 -257.787 64.0868 -76.4778 215.527 1219.76
ENERGY:  233000         0.0000         0.0000         0.0000         0.0000          -5587.6537       397.3413         0.0000         0.0000       939.0598          -4251.2526       298.3310     -5190.3124     -4249.6253       299.2531            168.8450       185.0250     22681.3476       197.7537       197.6975

PRESSURE: 233500 793.314 -255.264 -728.401 -31.8495 225.955 727.296 -504.424 753.604 1154.16
GPRESSURE: 233500 891.909 47.0945 -1008.18 -408.433 82.3444 487.696 -311.303 845.049 1276.16
PRESSAVG: 233500 -388.703 -82.8506 -33.1766 -44.9649 -511.576 67.4386 -31.1436 173.765 1064.07
GPRESSAVG: 233500 -387.873 -82.6416 -29.6327 -52.3198 -512.99 67.4488 -31.4643 175.705 1063.65
ENERGY:  233500         0.0000         0.0000         0.0000         0.0000          -5614.9470       433.8323         0.0000         0.0000       881.4288          -4299.6859       280.0222     -5181.1147     -4297.0991       294.2096            724.4751       750.1379     22681.3476        54.5957        54.2629

PRESSURE: 234000 -976.253 -575.668 411.828 -560.406 -1253.5 566.205 752.626 846.714 -92.8441
GPRESSURE: 234000 -963.996 -687.385 787.461 -643.608 -1380.14 323.836 602.408 856.956 73.1182
PRESSAVG: 234000 -490.114 -104.765 30.8274 -155.409 -488.425 255.659 133.828 428.947 550.345
GPRESSAVG: 234000 -490.122 -103.257 27.9571 -153.22 -489.446 252.501 136.825 426.845 551.656
ENERGY:  234000         0.0000         0.0000         0.0000         0.0000          -5591.6039       353.6961         0.0000         0.0000       954.2415          -4283.6663       303.1542     -5237.9078     -4280.3933       296.5597           -774.1981      -757.0063     22681.3476      -142.7311      -142.6371

LDB: ============= START OF LOAD BALANCING ============== 763.242
LDB: ============== END OF LOAD BALANCING =============== 763.243
Info: useSync: 0 useProxySync: 0
LDB: =============== DONE WITH MIGRATION ================ 763.243
LDB: ============= START OF LOAD BALANCING ============== 763.385
LDB: Largest compute 224 load 0.008517 is 14.2% of average load 0.059956
LDB: Average compute 0.002388 is 4.0% of average load 0.059956
LDB: TIME 763.385 LOAD: AVG 0.0599563 MAX 0.136208  PROXIES: TOTAL 28 MAXPE 3 MAXPATCH 5 None MEM: 0.407069 MB
LDB: TIME 763.385 LOAD: AVG 0.0599563 MAX 0.136208  PROXIES: TOTAL 32 MAXPE 4 MAXPATCH 6 RefineTorusLB MEM: 0.407069 MB
LDB: TIME 763.385 LOAD: AVG 0.0599563 MAX 0.136208  PROXIES: TOTAL 32 MAXPE 4 MAXPATCH 6 RefineTorusLB MEM: 0.407069 MB
LDB: Reverting to original mapping
LDB: ============== END OF LOAD BALANCING =============== 763.385
Info: useSync: 0 useProxySync: 0
LDB: =============== DONE WITH MIGRATION ================ 763.386
PRESSURE: 234500 532.846 849.925 -180.068 554.488 -194.304 81.451 -331.628 444.195 832.902
GPRESSURE: 234500 715.909 676.549 -252.376 591.474 -280.389 300.896 -541.826 187.278 835.257
PRESSAVG: 234500 10.7886 141.06 197.587 82.9186 -128.424 133.593 221.992 226.643 1119.33
GPRESSAVG: 234500 11.6572 137.729 198.996 81.9699 -127.123 136.69 220.393 222.605 1117.95
ENERGY:  234500         0.0000         0.0000         0.0000         0.0000          -5624.4701       414.9406         0.0000         0.0000       915.2274          -4294.3021       290.7597     -5209.5295     -4290.9067       297.2983            390.4815       423.5920     22681.3476       333.8974       334.1625

PRESSURE: 235000 -741 -253.621 -386.901 -459.811 -193.3 -660.344 59.5936 452.603 1697.61
GPRESSURE: 235000 -699.743 -131.416 -349.564 -742.055 -65.0928 -1045.63 286.325 844.831 1569.53
PRESSAVG: 235000 -258.778 44.6235 -178.677 -81.8283 -420.808 1.26027 -113.954 289.03 855.58
GPRESSAVG: 235000 -257.919 46.9272 -178.553 -80.8431 -420.228 -1.08765 -114.437 292.495 855.515
TIMING: 235000  CPU: 741.642, 0.00291186/step  Wall: 754.165, 0.00292861/step, 0.0528777 hours remaining, 0.407069 MB of memory in use.
PERFORMANCE: 235000  averaging 53.8456 ns/day, 0.00320918 sec/step with standard deviation 0.00107876
ETITLE:      TS           BOND          ANGLE          DIHED          IMPRP               ELECT            VDW       BOUNDARY           MISC        KINETIC               TOTAL           TEMP      POTENTIAL         TOTAL3        TEMPAVG            PRESSURE      GPRESSURE         VOLUME       PRESSAVG      GPRESSAVG

ENERGY:  235000         0.0000         0.0000         0.0000         0.0000          -5639.4794       431.5939         0.0000         0.0000       935.9792          -4271.9063       297.3524     -5207.8855     -4269.8405       297.1588            254.4371       268.2312     22681.3476        58.6644        59.1225

WRITING EXTENDED SYSTEM TO RESTART FILE AT STEP 235000
WRITING COORDINATES TO DCD FILE MD.dcd AT STEP 235000
WRITING COORDINATES TO RESTART FILE AT STEP 235000
FINISHED WRITING RESTART COORDINATES
WRITING VELOCITIES TO RESTART FILE AT STEP 235000
FINISHED WRITING RESTART VELOCITIES
PRESSURE: 235500 -3.38758 -127.737 -123.556 400.84 -430.34 -70.4119 -228.39 351.685 238.119
GPRESSURE: 235500 186.952 -89.1412 -277.849 586.934 -574.005 113.886 -31.259 460.376 267.485
PRESSAVG: 235500 -260.686 -62.1916 -103.125 -50.3984 -381.997 -94.7073 -234.524 202.139 1032.82
GPRESSAVG: 235500 -262.302 -64.4466 -104.267 -47.938 -382.708 -95.6212 -235.967 205.058 1034.74
ENERGY:  235500         0.0000         0.0000         0.0000         0.0000          -5525.5922       355.2490         0.0000         0.0000       969.1957          -4201.1476       307.9050     -5170.3432     -4198.9567       301.4298            -65.2029       -39.8561     22681.3476       130.0446       129.9111

PRESSURE: 236000 -264.76 303.199 95.0724 481.106 -865.702 -282.156 -822.063 -628.911 1486.07
GPRESSURE: 236000 -323.226 -59.7331 371.43 269.457 -970.403 -377.98 -1026.46 -548.61 1687.06
PRESSAVG: 236000 -259.317 -45.5869 346.083 181.608 -151.426 -51.5139 127.151 56.0058 809.872
GPRESSAVG: 236000 -260.259 -41.8606 346.82 178.515 -151.081 -48.1309 128.788 55.2112 809.329
ENERGY:  236000         0.0000         0.0000         0.0000         0.0000          -5516.7915       340.9818         0.0000         0.0000       986.1549          -4189.6548       313.2927     -5175.8096     -4187.3425       306.0669            118.5349       131.1439     22681.3476       133.0431       132.6629

LDB: ============= START OF LOAD BALANCING ============== 768.983
LDB: ============== END OF LOAD BALANCING =============== 768.983
Info: useSync: 0 useProxySync: 0
LDB: =============== DONE WITH MIGRATION ================ 768.983
LDB: ============= START OF LOAD BALANCING ============== 769.126
LDB: Largest compute 223 load 0.009067 is 15.0% of average load 0.060507
LDB: Average compute 0.002406 is 4.0% of average load 0.060507
LDB: TIME 769.126 LOAD: AVG 0.0605071 MAX 0.136193  PROXIES: TOTAL 28 MAXPE 3 MAXPATCH 5 None MEM: 0.407069 MB
LDB: TIME 769.126 LOAD: AVG 0.0605071 MAX 0.136193  PROXIES: TOTAL 32 MAXPE 4 MAXPATCH 6 RefineTorusLB MEM: 0.407069 MB
LDB: TIME 769.126 LOAD: AVG 0.0605071 MAX 0.136193  PROXIES: TOTAL 32 MAXPE 4 MAXPATCH 6 RefineTorusLB MEM: 0.407069 MB
LDB: Reverting to original mapping
LDB: ============== END OF LOAD BALANCING =============== 769.126
Info: useSync: 0 useProxySync: 0
LDB: =============== DONE WITH MIGRATION ================ 769.126
PRESSURE: 236500 -266.334 360.327 -71.3934 160.031 -568.187 247.424 457.142 471.833 457.231
GPRESSURE: 236500 -359.979 582.567 -96.7338 -36.1999 -592.929 597.658 571.458 397.5 629.357
PRESSAVG: 236500 -100.803 91.3807 76.9277 93.0111 -347.06 -16.2333 114.067 276.079 998.726
GPRESSAVG: 236500 -100.344 89.3548 75.8299 92.3438 -346.915 -18.0439 117.543 274.898 998.785
ENERGY:  236500         0.0000         0.0000         0.0000         0.0000          -5564.5619       374.8052         0.0000         0.0000       975.6053          -4214.1514       309.9412     -5189.7567     -4212.4717       302.8760           -125.7636      -107.8503     22681.3476       183.6211       183.8422

PRESSURE: 237000 -1191.44 116.378 8.76079 150.887 -846.819 554.184 -205.899 80.0332 344.288
GPRESSURE: 237000 -1043.25 152.093 79.6055 -51.9651 -1099.99 633.943 -362.355 357.27 511.033
PRESSAVG: 237000 -802.027 70.942 -245.809 92.9446 -582.794 255.684 -16.6676 260.675 866.004
GPRESSAVG: 237000 -800.893 72.3412 -243.07 94.0274 -582.523 253.431 -22.5 261.932 863.441
ENERGY:  237000         0.0000         0.0000         0.0000         0.0000          -5535.5600       332.3469         0.0000         0.0000       936.4186          -4266.7945       297.4920     -5203.2131     -4264.0539       300.4417           -564.6575      -544.0695     22681.3476      -172.9389      -173.3250

PRESSURE: 237500 359.841 -436.648 -77.8009 -53.3562 333.187 -125.588 -540.834 129.588 901.675
GPRESSURE: 237500 275.227 -339.316 32.8646 -422.694 286.8 -124.12 -908.106 200.513 1110.4
PRESSAVG: 237500 -802.649 145.535 -38.3161 169.658 -627.569 -35.9807 -443.166 114.553 607.885
GPRESSAVG: 237500 -802.643 144.333 -38.9192 165.891 -627.708 -33.5501 -441.663 112.075 609.255
ENERGY:  237500         0.0000         0.0000         0.0000         0.0000          -5614.5985       426.1845         0.0000         0.0000       915.3218          -4273.0922       290.7897     -5188.4140     -4271.4842       296.2146            531.5679       557.4764     22681.3476      -274.1111      -273.6988

PRESSURE: 238000 -810.169 -24.0756 -695.754 -373.312 -378.529 139.723 -879.164 180.376 1927.86
GPRESSURE: 238000 -784.657 277.746 -437.053 -757.009 -399.915 310.965 -871.102 179.923 1940.39
PRESSAVG: 238000 -162.973 -61.4636 -43.0828 -189.148 -110.42 -63.9905 -41.3797 34.5401 1318.88
GPRESSAVG: 238000 -165.632 -62.3231 -47.197 -184.03 -110.534 -65.5492 -35.8084 35.3305 1321.23
ENERGY:  238000         0.0000         0.0000         0.0000         0.0000          -5506.1010       349.6169         0.0000         0.0000       888.1487          -4268.3353       282.1570     -5156.4840     -4266.3733       299.8026            246.3873       251.9394     22681.3476       348.4953       348.3561

LDB: ============= START OF LOAD BALANCING ============== 774.691
LDB: ============== END OF LOAD BALANCING =============== 774.691
Info: useSync: 0 useProxySync: 0
LDB: =============== DONE WITH MIGRATION ================ 774.691
LDB: ============= START OF LOAD BALANCING ============== 774.879
LDB: Largest compute 224 load 0.009441 is 15.4% of average load 0.061260
LDB: Average compute 0.002422 is 4.0% of average load 0.061260
LDB: TIME 774.885 LOAD: AVG 0.0612603 MAX 0.135344  PROXIES: TOTAL 28 MAXPE 3 MAXPATCH 5 None MEM: 0.407069 MB
LDB: TIME 774.885 LOAD: AVG 0.0612603 MAX 0.135344  PROXIES: TOTAL 32 MAXPE 4 MAXPATCH 6 RefineTorusLB MEM: 0.407069 MB
LDB: TIME 774.885 LOAD: AVG 0.0612603 MAX 0.135344  PROXIES: TOTAL 32 MAXPE 4 MAXPATCH 6 RefineTorusLB MEM: 0.407069 MB
LDB: Reverting to original mapping
LDB: ============== END OF LOAD BALANCING =============== 774.891
Info: useSync: 0 useProxySync: 0
LDB: =============== DONE WITH MIGRATION ================ 774.937
PRESSURE: 238500 -572.856 90.2466 -385.159 609.317 -282.277 -194.911 -630.308 133.232 2050.59
GPRESSURE: 238500 -525.003 -14.9874 -328.488 856.567 -462.917 42.1673 -953.028 -142.672 2281.74
PRESSAVG: 238500 -439.091 -9.6367 6.50658 -17.0763 -52.8916 -165.7 66.8964 82.0332 1666.33
GPRESSAVG: 238500 -437.31 -10.5709 12.0643 -18.145 -52.1022 -166.843 60.6779 83.1012 1664.53
ENERGY:  238500         0.0000         0.0000         0.0000         0.0000          -5620.4995       413.8676         0.0000         0.0000       921.9635          -4284.6684       292.8997     -5206.6318     -4282.1715       295.2206            398.4851       431.2727     22681.3476       391.4501       391.7063

PRESSURE: 239000 -468.414 259.416 -291.628 -80.6646 -717.226 -490.089 301.922 -59.3681 1184.15
GPRESSURE: 239000 -393.332 143.671 -209.908 324.702 -680.597 -77.1735 453.222 158.17 1104.46
PRESSAVG: 239000 -288.657 36.6796 105.275 7.32261 -328.049 161.327 -135.089 223.99 1241
GPRESSAVG: 239000 -289.648 38.5142 104.478 5.43814 -329.581 164.792 -132.363 225.354 1242.94
ENERGY:  239000         0.0000         0.0000         0.0000         0.0000          -5610.2405       389.9362         0.0000         0.0000       938.7410          -4281.5633       298.2298     -5220.3043     -4278.5190       298.6732             -0.4960        10.1774     22681.3476       208.0974       207.9039

PRESSURE: 239500 -1297.54 -460.387 293.174 -553.921 -736.449 153.376 249.759 276.234 1004.33
GPRESSURE: 239500 -1191.02 -347.18 474.549 -772.024 -831.437 314.113 369.773 259.108 1077.11
PRESSAVG: 239500 -377.145 -73.2588 -45.8334 -129.473 -539.216 -121.699 37.0898 139.458 672.497
GPRESSAVG: 239500 -374.994 -73.0392 -50.3035 -128.133 -541.438 -121.801 38.1036 136.474 672.596
ENERGY:  239500         0.0000         0.0000         0.0000         0.0000          -5631.7603       379.2594         0.0000         0.0000       955.9804          -4296.5205       303.7066     -5252.5009     -4294.8876       294.1004           -343.2185      -315.1168     22681.3476       -81.2880       -81.2786

WRITING COORDINATES TO DCD FILE MD.dcd AT STEP 240000
WRITING COORDINATES TO RESTART FILE AT STEP 240000
FINISHED WRITING RESTART COORDINATES
WRITING VELOCITIES TO RESTART FILE AT STEP 240000
FINISHED WRITING RESTART VELOCITIES
PRESSURE: 240000 -1063.81 -541.427 684.775 -526.792 -1107.4 -236.348 131.305 -206.049 1479.58
GPRESSURE: 240000 -1142.71 -679.448 553.737 -236.799 -1001.51 -208.663 373.241 -515.167 1554.88
PRESSAVG: 240000 -482.583 -38.6941 -169.869 -27.2326 -645.397 204.775 -41.9899 380.727 899.8
GPRESSAVG: 240000 -485.076 -41.7143 -165.704 -27.8722 -643.364 204.027 -42.4767 382.532 900.205
TIMING: 240000  CPU: 755.992, 0.00287005/step  Wall: 768.596, 0.00288626/step, 0.0481043 hours remaining, 0.407069 MB of memory in use.
PERFORMANCE: 240000  averaging 53.9587 ns/day, 0.00320245 sec/step with standard deviation 0.00106824
ETITLE:      TS           BOND          ANGLE          DIHED          IMPRP               ELECT            VDW       BOUNDARY           MISC        KINETIC               TOTAL           TEMP      POTENTIAL         TOTAL3        TEMPAVG            PRESSURE      GPRESSURE         VOLUME       PRESSAVG      GPRESSAVG

ENERGY:  240000         0.0000         0.0000         0.0000         0.0000          -5597.8849       362.4350         0.0000         0.0000       902.9396          -4332.5103       286.8560     -5235.4499     -4330.4144       293.4989           -230.5421      -196.4481     22681.3476       -76.0600       -76.0784

WRITING EXTENDED SYSTEM TO RESTART FILE AT STEP 240000
LDB: ============= START OF LOAD BALANCING ============== 780.533
LDB: ============== END OF LOAD BALANCING =============== 780.533
Info: useSync: 0 useProxySync: 0
LDB: =============== DONE WITH MIGRATION ================ 780.533
LDB: ============= START OF LOAD BALANCING ============== 780.676
LDB: Largest compute 224 load 0.008451 is 14.0% of average load 0.060170
LDB: Average compute 0.002386 is 4.0% of average load 0.060170
LDB: TIME 780.676 LOAD: AVG 0.0601699 MAX 0.136211  PROXIES: TOTAL 28 MAXPE 3 MAXPATCH 5 None MEM: 0.407069 MB
LDB: TIME 780.676 LOAD: AVG 0.0601699 MAX 0.136211  PROXIES: TOTAL 32 MAXPE 4 MAXPATCH 6 RefineTorusLB MEM: 0.407069 MB
LDB: TIME 780.676 LOAD: AVG 0.0601699 MAX 0.136211  PROXIES: TOTAL 32 MAXPE 4 MAXPATCH 6 RefineTorusLB MEM: 0.407069 MB
LDB: ============== END OF LOAD BALANCING =============== 780.676
Info: useSync: 0 useProxySync: 0
LDB: =============== DONE WITH MIGRATION ================ 780.676
PRESSURE: 240500 -136.374 -224.6 -44.3954 235.726 -604.887 338.297 -50.9693 312.369 660.915
GPRESSURE: 240500 39.3932 74.511 -334.767 123.726 -508.097 459.848 4.45009 113.073 452.581
PRESSAVG: 240500 -80.3989 141.684 183.755 137.143 -301.68 -175.006 -71.7205 -22.9408 936.766
GPRESSAVG: 240500 -80.14 141.555 182.543 139.569 -301.05 -173.499 -74.8412 -27.3348 936.478
ENERGY:  240500         0.0000         0.0000         0.0000         0.0000          -5624.9148       395.8570         0.0000         0.0000       949.9040          -4279.1537       301.7762     -5229.0577     -4276.8942       298.0944            -26.7822        -5.3742     22681.3476       184.8957       185.0961

PRESSURE: 241000 55.6603 -452.564 893.936 -480.688 -253.631 -1169.67 521.38 -1105.93 628.47
GPRESSURE: 241000 -60.9954 -771.52 1045.07 -432.013 -375.576 -1199.11 488.392 -954.522 915.944
PRESSAVG: 241000 -311.25 -7.40356 201.651 67.0433 -553.429 -2.2035 73.1806 115.346 1157.71
GPRESSAVG: 241000 -309.682 -4.70966 198.697 63.1748 -554.51 -1.03691 73.1802 117.092 1156.79
ENERGY:  241000         0.0000         0.0000         0.0000         0.0000          -5591.0446       382.1504         0.0000         0.0000       925.9941          -4282.9001       294.1802     -5208.8942     -4280.8873       299.4730            143.4997       159.7908     22681.3476        97.6763        97.5327

PRESSURE: 241500 741.23 240.352 -245.044 364.181 -846.291 386.457 -15.2937 755.185 803.52
GPRESSURE: 241500 865.334 608.607 219.557 131.151 -867.432 381.519 -112.529 863.686 715.965
PRESSAVG: 241500 -249.746 -24.886 129.215 -72.105 -446.454 -64.8894 -24.8229 60.5654 1051.43
GPRESSAVG: 241500 -248.372 -26.0935 130.139 -70.1607 -445.485 -66.9994 -21.2088 60.5469 1050.04
ENERGY:  241500         0.0000         0.0000         0.0000         0.0000          -5659.0634       407.7343         0.0000         0.0000       963.3169          -4288.0122       306.0373     -5251.3291     -4284.5371       300.8012            232.8195       237.9557     22681.3476       118.4090       118.7293

PRESSURE: 242000 -1511.9 -801.803 -319.521 -471.698 -392.294 175.216 251.588 366.69 1404.68
GPRESSURE: 242000 -1451.01 -882.338 -505.387 -465.799 -230.983 237.518 288.016 201.641 1243.53
PRESSAVG: 242000 -147.028 -245.81 -86.4755 -163.189 -127.866 0.101846 189.686 -112.468 1051.33
GPRESSAVG: 242000 -147.905 -244.968 -84.2308 -161.318 -127.921 1.70796 184.513 -108.294 1053.66
ENERGY:  242000         0.0000         0.0000         0.0000         0.0000          -5552.5278       354.9649         0.0000         0.0000       921.4314          -4276.1315       292.7307     -5197.5629     -4273.6733       297.7165           -166.5037      -146.1555     22681.3476       258.8120       259.2768

LDB: ============= START OF LOAD BALANCING ============== 786.254
LDB: ============== END OF LOAD BALANCING =============== 786.255
Info: useSync: 0 useProxySync: 0
LDB: =============== DONE WITH MIGRATION ================ 786.255
LDB: ============= START OF LOAD BALANCING ============== 786.396
LDB: Largest compute 224 load 0.008826 is 14.7% of average load 0.059995
LDB: Average compute 0.002391 is 4.0% of average load 0.059995
LDB: TIME 786.397 LOAD: AVG 0.0599954 MAX 0.135688  PROXIES: TOTAL 28 MAXPE 3 MAXPATCH 5 None MEM: 0.407069 MB
LDB: TIME 786.397 LOAD: AVG 0.0599954 MAX 0.135688  PROXIES: TOTAL 32 MAXPE 4 MAXPATCH 6 RefineTorusLB MEM: 0.407069 MB
LDB: TIME 786.397 LOAD: AVG 0.0599954 MAX 0.135688  PROXIES: TOTAL 32 MAXPE 4 MAXPATCH 6 RefineTorusLB MEM: 0.407069 MB
LDB: Reverting to original mapping
LDB: ============== END OF LOAD BALANCING =============== 786.397
Info: useSync: 0 useProxySync: 0
LDB: =============== DONE WITH MIGRATION ================ 786.397
PRESSURE: 242500 -441.847 -252.195 -284.09 -369.5 -832.797 219.788 -697.292 66.5528 920.707
GPRESSURE: 242500 -586.235 -298.904 -121.561 -240.687 -626.194 373.761 -662.971 264.539 914.111
PRESSAVG: 242500 -713.507 -22.683 115.438 76.7629 -461.966 8.88201 -14.2636 147.612 982.4
GPRESSAVG: 242500 -712.942 -22.9599 116.982 76.1862 -461.482 10.2954 -12.5202 143.955 978.871
ENERGY:  242500         0.0000         0.0000         0.0000         0.0000          -5585.9450       380.4534         0.0000         0.0000       924.9619          -4280.5297       293.8523     -5205.4916     -4279.3385       297.6973           -117.9792       -99.4393     22681.3476       -64.3579       -65.1844

PRESSURE: 243000 -671.468 546.859 -355.774 716.716 407.558 434.994 -436.772 755.35 -910.421
GPRESSURE: 243000 -638.204 876.934 -722.922 758.759 438.708 169.557 -345.29 627.185 -939.833
PRESSAVG: 243000 -566.939 -17.3632 -136.428 -19.4845 -133.487 94.8518 -135.082 296.463 892.841
GPRESSAVG: 243000 -568.571 -21.2425 -138.227 -20.4132 -134.011 93.2361 -135.94 300.109 893.803
ENERGY:  243000         0.0000         0.0000         0.0000         0.0000          -5546.2818       359.0843         0.0000         0.0000       916.1395          -4271.0580       291.0495     -5187.1974     -4269.0656       301.2416           -391.4438      -379.7766     22681.3476        64.1385        63.7403

PRESSURE: 243500 -21.3971 -140.928 -37.9662 76.8807 -1210.29 14.3219 335.486 272.957 769.79
GPRESSURE: 243500 -203.727 -184.814 -57.3141 82.5937 -1070.04 104.119 539.04 48.6019 871.31
PRESSAVG: 243500 -433.687 -39.5992 -124.429 -91.6784 -551.965 -163.914 20.089 256.745 824.264
GPRESSAVG: 243500 -435.391 -37.4854 -122.147 -93.3178 -550.909 -166.207 18.296 253.018 824.472
ENERGY:  243500         0.0000         0.0000         0.0000         0.0000          -5512.1448       350.8542         0.0000         0.0000       966.1841          -4195.1065       306.9482     -5161.2905     -4193.3454       299.8257           -153.9641      -134.1512     22681.3476       -53.7958       -53.9426

PRESSURE: 244000 240.645 379.799 210.061 418.641 330 -17.3209 -420.296 -374.91 540.334
GPRESSURE: 244000 309.379 438.713 -14.842 345.571 195.178 -247.426 -382.516 -330.426 667.46
PRESSAVG: 244000 142.949 -79.44 -51.2853 -29.3671 -90.6833 55.6591 1.13718 78.7077 1485.18
GPRESSAVG: 244000 144.312 -78.7392 -51.5684 -28.43 -92.9485 56.3517 1.13895 79.0213 1486.34
ENERGY:  244000         0.0000         0.0000         0.0000         0.0000          -5636.3457       423.0865         0.0000         0.0000       955.6591          -4257.6002       303.6045     -5213.2593     -4255.2953       305.9791            370.3264       390.6721     22681.3476       512.4835       512.5690

LDB: ============= START OF LOAD BALANCING ============== 791.932
LDB: ============== END OF LOAD BALANCING =============== 791.932
Info: useSync: 0 useProxySync: 0
LDB: =============== DONE WITH MIGRATION ================ 791.933
LDB: ============= START OF LOAD BALANCING ============== 792.074
LDB: Largest compute 223 load 0.008960 is 15.1% of average load 0.059174
LDB: Average compute 0.002351 is 4.0% of average load 0.059174
LDB: TIME 792.074 LOAD: AVG 0.0591742 MAX 0.13541  PROXIES: TOTAL 28 MAXPE 3 MAXPATCH 5 None MEM: 0.407069 MB
LDB: TIME 792.074 LOAD: AVG 0.0591742 MAX 0.13541  PROXIES: TOTAL 32 MAXPE 4 MAXPATCH 6 RefineTorusLB MEM: 0.407069 MB
LDB: TIME 792.074 LOAD: AVG 0.0591742 MAX 0.13541  PROXIES: TOTAL 32 MAXPE 4 MAXPATCH 6 RefineTorusLB MEM: 0.407069 MB
LDB: ============== END OF LOAD BALANCING =============== 792.074
Info: useSync: 0 useProxySync: 0
LDB: =============== DONE WITH MIGRATION ================ 792.075
PRESSURE: 244500 -98.1851 -309.556 -224.089 -141.142 529.18 80.314 256.163 -93.1428 2097.08
GPRESSURE: 244500 -30.5569 -351.311 -58.255 -142.307 514.488 123.555 308.606 -317.302 2121.62
PRESSAVG: 244500 -251.596 -62.9559 90.2941 38.0868 -189.123 36.8526 -8.22004 -29.1634 1030.3
GPRESSAVG: 244500 -254.178 -60.8699 90.5768 36.8054 -188.983 36.0952 -8.9741 -25.816 1033.31
ENERGY:  244500         0.0000         0.0000         0.0000         0.0000          -5610.1631       419.5636         0.0000         0.0000       949.0525          -4241.5471       301.5056     -5190.5996     -4239.6140       302.7596            842.6928       868.5166     22681.3476       196.5278       196.7177

WRITING COORDINATES TO DCD FILE MD.dcd AT STEP 245000
WRITING COORDINATES TO RESTART FILE AT STEP 245000
FINISHED WRITING RESTART COORDINATES
WRITING VELOCITIES TO RESTART FILE AT STEP 245000
FINISHED WRITING RESTART VELOCITIES
PRESSURE: 245000 -902.509 -15.3479 -358.807 54.8258 -95.4778 36.9638 -499.736 199.949 947.169
GPRESSURE: 245000 -797.648 -20.2797 -218.994 357.401 -80.8684 210.114 -536.751 180.338 859.91
PRESSAVG: 245000 -25.7704 -9.166 27.283 78.1386 46.8717 -45.4621 334.12 139.058 1369.16
GPRESSAVG: 245000 -25.7478 -11.6932 25.9989 81.3087 48.0554 -42.8814 332.594 132.444 1366.9
TIMING: 245000  CPU: 770.196, 0.00284078/step  Wall: 782.849, 0.00285063/step, 0.0435512 hours remaining, 0.407069 MB of memory in use.
PERFORMANCE: 245000  averaging 54.08 ns/day, 0.00319527 sec/step with standard deviation 0.00105825
ETITLE:      TS           BOND          ANGLE          DIHED          IMPRP               ELECT            VDW       BOUNDARY           MISC        KINETIC               TOTAL           TEMP      POTENTIAL         TOTAL3        TEMPAVG            PRESSURE      GPRESSURE         VOLUME       PRESSAVG      GPRESSAVG

ENERGY:  245000         0.0000         0.0000         0.0000         0.0000          -5589.3007       379.0777         0.0000         0.0000       934.2290          -4275.9941       296.7964     -5210.2231     -4273.1043       300.2137            -16.9390        -6.2021     22681.3476       463.4210       463.0702

WRITING EXTENDED SYSTEM TO RESTART FILE AT STEP 245000
PRESSURE: 245500 -1109.05 195.039 -4.93535 -225.259 -134.923 127.692 -199.086 -271.157 1651.85
GPRESSURE: 245500 -909.514 385.826 -213.465 -292.268 -139.461 23.372 -207.566 86.6674 1456.14
PRESSAVG: 245500 -527.816 -144.116 -138.672 -85.6893 -385.934 198.69 -31.7387 152.107 976.53
GPRESSAVG: 245500 -526.734 -143.451 -144.364 -89.7988 -386.578 197.956 -27.6469 155.789 975.116
ENERGY:  245500         0.0000         0.0000         0.0000         0.0000          -5587.7500       374.3608         0.0000         0.0000       949.4339          -4263.9553       301.6268     -5213.3892     -4261.2099       299.7371            135.9603       135.7228     22681.3476        20.9266        20.6011

PRESSURE: 246000 -209.278 248.95 407.064 193.559 -1000.51 33.6211 -61.0319 358.819 742.444
GPRESSURE: 246000 -236.883 400.863 337.831 38.4041 -1109.32 137.845 -52.0193 501.271 923.237
PRESSAVG: 246000 -355.418 -10.2646 26.3079 -83.8029 -268.372 -41.8348 -155.843 117.524 1072.82
GPRESSAVG: 246000 -356.513 -12.6357 30.6547 -79.0634 -269.284 -40.7935 -157.54 115.591 1074.29
ENERGY:  246000         0.0000         0.0000         0.0000         0.0000          -5594.6532       368.4206         0.0000         0.0000       953.7899          -4272.4427       303.0107     -5226.2326     -4269.5275       296.3950           -155.7820      -140.9880     22681.3476       149.6778       149.4975

LDB: ============= START OF LOAD BALANCING ============== 797.645
LDB: ============== END OF LOAD BALANCING =============== 797.646
Info: useSync: 0 useProxySync: 0
LDB: =============== DONE WITH MIGRATION ================ 797.646
LDB: ============= START OF LOAD BALANCING ============== 797.798
LDB: Largest compute 17 load 0.008787 is 14.6% of average load 0.060315
LDB: Average compute 0.002384 is 4.0% of average load 0.060315
LDB: TIME 797.798 LOAD: AVG 0.060315 MAX 0.138698  PROXIES: TOTAL 28 MAXPE 3 MAXPATCH 5 None MEM: 0.407069 MB
LDB: TIME 797.798 LOAD: AVG 0.060315 MAX 0.138698  PROXIES: TOTAL 32 MAXPE 4 MAXPATCH 6 RefineTorusLB MEM: 0.407069 MB
LDB: TIME 797.798 LOAD: AVG 0.060315 MAX 0.138698  PROXIES: TOTAL 32 MAXPE 4 MAXPATCH 6 RefineTorusLB MEM: 0.407069 MB
LDB: ============== END OF LOAD BALANCING =============== 797.798
Info: useSync: 0 useProxySync: 0
LDB: =============== DONE WITH MIGRATION ================ 797.799
PRESSURE: 246500 -479.851 -94.4357 443.856 220.805 -480.033 136.603 498.664 44.8022 555.005
GPRESSURE: 246500 -358.82 312.313 597.608 -350.852 -424.056 -111.746 481.377 255.598 449.607
PRESSAVG: 246500 -323.374 69.2323 -6.78101 -3.2584 -178.885 -148.406 57.1613 107.761 799.632
GPRESSAVG: 246500 -325.495 72.5977 -7.68168 -5.80463 -179.665 -150.868 63.2799 110.096 800.925
ENERGY:  246500         0.0000         0.0000         0.0000         0.0000          -5591.2043       390.1367         0.0000         0.0000       942.8073          -4258.2603       299.5216     -5201.0676     -4255.0482       298.1215           -134.9598      -111.0898     22681.3476        99.1241        98.5883

PRESSURE: 247000 340.505 341.233 420.875 -336.079 577.91 399.35 55.3859 351.742 1002.51
GPRESSURE: 247000 277.49 629.614 637.044 -439.919 787.156 553.024 -103.385 225.468 931.027
PRESSAVG: 247000 -144.819 -50.7901 234.008 41.126 -111.389 91.7061 137.912 150.423 1292.37
GPRESSAVG: 247000 -142.95 -52.6689 234.568 43.4128 -111.422 93.0611 135.673 150.675 1290.88
ENERGY:  247000         0.0000         0.0000         0.0000         0.0000          -5581.7627       418.4260         0.0000         0.0000       937.3193          -4226.0174       297.7781     -5163.3367     -4225.2934       299.5106            640.3088       665.2244     22681.3476       345.3885       345.5034

PRESSURE: 247500 1524.11 -724.021 196.796 -958.872 -508.278 350.606 676.039 487.164 2363.13
GPRESSURE: 247500 1445.59 -793.453 430.255 -1162.2 -355.793 198.183 470.861 435.371 2330.16
PRESSAVG: 247500 -47.4143 -24.6799 203.578 -13.8153 -10.1544 116.767 196.305 288.187 1482.07
GPRESSAVG: 247500 -48.7048 -26.2443 205.508 -17.3964 -10.167 117.045 192.316 285.517 1484.26
ENERGY:  247500         0.0000         0.0000         0.0000         0.0000          -5622.6950       434.7964         0.0000         0.0000       966.7869          -4221.1117       307.1397     -5187.8986     -4217.6792       305.2077           1126.3200      1139.9840     22681.3476       474.8330       475.1305

PRESSURE: 248000 -797.796 -486.624 567.702 -131.624 389.999 -47.3005 678.967 320.822 648.431
GPRESSURE: 248000 -572.096 -349.61 707.671 -320.307 177.897 -6.09909 477.947 480.582 670.112
PRESSAVG: 248000 -151.252 -80.9353 83.0223 -118.912 -240.027 223.673 48.7926 272.031 1265.52
GPRESSAVG: 248000 -151.05 -75.2844 84.742 -121.129 -242.3 221.266 50.4321 272.526 1268.24
ENERGY:  248000         0.0000         0.0000         0.0000         0.0000          -5569.4315       393.7367         0.0000         0.0000       928.7212          -4246.9736       295.0466     -5175.6948     -4244.8211       303.4245             80.2113        91.9711     22681.3476       291.4142       291.6285

LDB: ============= START OF LOAD BALANCING ============== 803.395
LDB: ============== END OF LOAD BALANCING =============== 803.395
Info: useSync: 0 useProxySync: 0
LDB: =============== DONE WITH MIGRATION ================ 803.395
LDB: ============= START OF LOAD BALANCING ============== 803.537
LDB: Largest compute 223 load 0.008685 is 14.6% of average load 0.059574
LDB: Average compute 0.002367 is 4.0% of average load 0.059574
LDB: TIME 803.537 LOAD: AVG 0.0595744 MAX 0.135587  PROXIES: TOTAL 28 MAXPE 3 MAXPATCH 5 None MEM: 0.407069 MB
LDB: TIME 803.537 LOAD: AVG 0.0595744 MAX 0.135587  PROXIES: TOTAL 32 MAXPE 4 MAXPATCH 6 RefineTorusLB MEM: 0.407069 MB
LDB: TIME 803.537 LOAD: AVG 0.0595744 MAX 0.135587  PROXIES: TOTAL 32 MAXPE 4 MAXPATCH 6 RefineTorusLB MEM: 0.407069 MB
LDB: Reverting to original mapping
LDB: ============== END OF LOAD BALANCING =============== 803.537
Info: useSync: 0 useProxySync: 0
LDB: =============== DONE WITH MIGRATION ================ 803.538
PRESSURE: 248500 -164.021 231.87 334.471 321.854 135.938 -452.215 61.8876 -226.938 1332.07
GPRESSURE: 248500 -383.471 578.366 124.751 -133.016 291.055 -431.493 328.348 -114.552 1403.18
PRESSAVG: 248500 -167.417 -38.5635 162.54 -19.8609 -375.528 -166.556 101.682 117.769 1016.47
GPRESSAVG: 248500 -167.389 -42.1584 161.056 -15.1757 -372.337 -164.807 100.681 120.299 1013.89
ENERGY:  248500         0.0000         0.0000         0.0000         0.0000          -5625.0530       421.6272         0.0000         0.0000       957.4642          -4245.9615       304.1780     -5203.4257     -4243.4844       300.3042            434.6633       436.9214     22681.3476       157.8433       158.0542

PRESSURE: 249000 -461.104 354.163 140.277 205.114 -949.972 57.6773 -374.792 541.271 1429.76
GPRESSURE: 249000 -612.003 725.768 -81.0318 161.922 -777.33 11.9084 -26.5432 664.231 1497.28
PRESSAVG: 249000 -190.377 76.6046 70.632 57.6803 2.26639 -109.349 276.593 -31.2248 1199.37
GPRESSAVG: 249000 -190.989 75.7127 69.6776 57.8933 1.44816 -110.413 279.051 -35.0561 1198.92
ENERGY:  249000         0.0000         0.0000         0.0000         0.0000          -5523.3751       375.9422         0.0000         0.0000       943.1154          -4204.3174       299.6195     -5147.4329     -4202.3467       303.8117              6.2296        35.9815     22681.3476       337.0873       336.4603

PRESSURE: 249500 -598.23 39.6833 -140.829 411.213 -321.397 -339.812 -65.1198 -351.983 1498.35
GPRESSURE: 249500 -674.989 89.1307 -56.379 449.564 -219.259 -345.4 1.81096 -432.104 1553.67
PRESSAVG: 249500 -107.74 -24.0261 196.157 -30.9198 -7.9007 42.5717 252.965 -32.6719 1191.99
GPRESSAVG: 249500 -108.381 -21.5365 198.546 -30.4152 -7.46965 45.6847 251.366 -33.3669 1191.78
ENERGY:  249500         0.0000         0.0000         0.0000         0.0000          -5524.7222       377.7806         0.0000         0.0000       923.9147          -4223.0269       293.5196     -5146.9417     -4220.2983       307.8360            192.9067       219.8062     22681.3476       358.7816       358.6428

WRITING COORDINATES TO DCD FILE MD.dcd AT STEP 250000
WRITING COORDINATES TO RESTART FILE AT STEP 250000
FINISHED WRITING RESTART COORDINATES
WRITING VELOCITIES TO RESTART FILE AT STEP 250000
FINISHED WRITING RESTART VELOCITIES
PRESSURE: 250000 -39.6016 -712.96 30.3563 -238.504 432.978 -414.848 58.2977 -613.018 983.697
GPRESSURE: 250000 13.4816 -705.026 141.311 -148.281 395.364 -667.118 -31.751 -311.368 1033.71
PRESSAVG: 250000 -464.845 199.088 96.7282 303.55 -133.658 -5.8338 211.517 75.9628 1213.79
GPRESSAVG: 250000 -463.676 199.276 96.1785 300.155 -134.114 -6.8402 214.882 76.7595 1213.08
TIMING: 250000  CPU: 784.48, 0.00285683/step  Wall: 797.186, 0.00286727/step, 0.0398232 hours remaining, 0.407069 MB of memory in use.
PERFORMANCE: 250000  averaging 54.1912 ns/day, 0.00318871 sec/step with standard deviation 0.00104842
ETITLE:      TS           BOND          ANGLE          DIHED          IMPRP               ELECT            VDW       BOUNDARY           MISC        KINETIC               TOTAL           TEMP      POTENTIAL         TOTAL3        TEMPAVG            PRESSURE      GPRESSURE         VOLUME       PRESSAVG      GPRESSAVG

ENERGY:  250000         0.0000         0.0000         0.0000         0.0000          -5605.9930       406.0680         0.0000         0.0000       953.1300          -4246.7950       302.8010     -5199.9250     -4245.7237       303.5729            459.0243       480.8506     22681.3476       205.0947       205.0962

WRITING EXTENDED SYSTEM TO RESTART FILE AT STEP 250000
LDB: ============= START OF LOAD BALANCING ============== 809.106
LDB: ============== END OF LOAD BALANCING =============== 809.106
Info: useSync: 0 useProxySync: 0
LDB: =============== DONE WITH MIGRATION ================ 809.106
LDB: ============= START OF LOAD BALANCING ============== 809.247
LDB: Largest compute 220 load 0.008691 is 14.6% of average load 0.059604
LDB: Average compute 0.002375 is 4.0% of average load 0.059604
LDB: TIME 809.247 LOAD: AVG 0.059604 MAX 0.134809  PROXIES: TOTAL 28 MAXPE 3 MAXPATCH 5 None MEM: 0.407069 MB
LDB: TIME 809.247 LOAD: AVG 0.059604 MAX 0.134809  PROXIES: TOTAL 32 MAXPE 4 MAXPATCH 6 RefineTorusLB MEM: 0.407069 MB
LDB: TIME 809.247 LOAD: AVG 0.059604 MAX 0.134809  PROXIES: TOTAL 32 MAXPE 4 MAXPATCH 6 RefineTorusLB MEM: 0.407069 MB
LDB: ============== END OF LOAD BALANCING =============== 809.248
Info: useSync: 0 useProxySync: 0
LDB: =============== DONE WITH MIGRATION ================ 809.248
PRESSURE: 250500 -896.757 123.656 -58.738 571.748 66.1996 -32.2091 -62.729 242.115 697.051
GPRESSURE: 250500 -799.145 289.616 -134.527 396.244 42.5849 22.5991 189.323 338.479 698.698
PRESSAVG: 250500 -452.193 92.0919 77.0073 52.4494 -280.343 -23.4637 274.44 135.637 895.421
GPRESSAVG: 250500 -450.469 88.5919 73.1704 55.9121 -280.809 -23.439 278.292 131.565 893.172
ENERGY:  250500         0.0000         0.0000         0.0000         0.0000          -5519.1577       353.4919         0.0000         0.0000       921.9511          -4243.7148       292.8958     -5165.6659     -4241.6739       301.6730            -44.5018       -19.2873     22681.3476        54.2950        53.9647

PRESSURE: 251000 -148.411 -76.4598 -220.176 46.926 111.638 195.855 -343.529 65.2172 305.326
GPRESSURE: 251000 -190.384 -251.544 -322.903 209.463 -21.3005 -56.1068 -302.817 74.8304 533.505
PRESSAVG: 251000 -285.533 -28.3021 -156.515 140.219 -279.471 -32.6522 -99.5135 73.0831 713.337
GPRESSAVG: 251000 -285.267 -26.2174 -156.366 137.11 -280.274 -37.0526 -102.887 78.9925 713.573
ENERGY:  251000         0.0000         0.0000         0.0000         0.0000          -5577.1772       384.5719         0.0000         0.0000       988.3551          -4204.2503       313.9917     -5192.6053     -4202.7802       308.0164             89.5176       107.2737     22681.3476        49.4444        49.3441

PRESSURE: 251500 -1045.95 -383.433 -789.963 -603.503 -465.915 353.833 -126.986 290.035 386.113
GPRESSURE: 251500 -919.683 -419.864 -730.29 -632.194 -396.427 506.122 129.559 142.958 244.156
PRESSAVG: 251500 -449.159 40.7139 0.811627 46.3893 -521.824 118.57 -78.7485 38.1524 574.339
GPRESSAVG: 251500 -449.297 41.1915 0.687677 42.3027 -521.985 122.519 -80.3775 35.6989 573.752
ENERGY:  251500         0.0000         0.0000         0.0000         0.0000          -5537.5464       357.4227         0.0000         0.0000       940.9919          -4239.1318       298.9449     -5180.1237     -4236.9464       300.8348           -375.2520      -357.3181     22681.3476      -132.2147      -132.5103

PRESSURE: 252000 313.828 123.16 1475.1 -249.634 -139.006 -339.408 800.348 168.895 2209.13
GPRESSURE: 252000 223.274 180.963 1566.96 -50.4675 83.6644 -474.099 567.259 495.275 2139.38
PRESSAVG: 252000 -316.816 -61.8717 148.312 -15.4732 27.5817 273.089 134.562 229.252 1278.17
GPRESSAVG: 252000 -319.425 -64.7094 150.883 -12.4424 29.9015 269.08 134.884 227.236 1278.85
ENERGY:  252000         0.0000         0.0000         0.0000         0.0000          -5640.5807       438.9933         0.0000         0.0000       956.5809          -4245.0066       303.8973     -5201.5875     -4243.1183       302.5943            794.6515       815.4391     22681.3476       329.6462       329.7747

LDB: ============= START OF LOAD BALANCING ============== 814.813
LDB: ============== END OF LOAD BALANCING =============== 814.813
Info: useSync: 0 useProxySync: 0
LDB: =============== DONE WITH MIGRATION ================ 814.813
LDB: ============= START OF LOAD BALANCING ============== 814.954
LDB: Largest compute 16 load 0.009407 is 15.7% of average load 0.059977
LDB: Average compute 0.002390 is 4.0% of average load 0.059977
LDB: TIME 814.955 LOAD: AVG 0.059977 MAX 0.135427  PROXIES: TOTAL 28 MAXPE 3 MAXPATCH 5 None MEM: 0.407069 MB
LDB: TIME 814.955 LOAD: AVG 0.059977 MAX 0.135427  PROXIES: TOTAL 32 MAXPE 4 MAXPATCH 6 RefineTorusLB MEM: 0.407069 MB
LDB: TIME 814.955 LOAD: AVG 0.059977 MAX 0.135427  PROXIES: TOTAL 32 MAXPE 4 MAXPATCH 6 RefineTorusLB MEM: 0.407069 MB
LDB: Reverting to original mapping
LDB: ============== END OF LOAD BALANCING =============== 814.955
Info: useSync: 0 useProxySync: 0
LDB: =============== DONE WITH MIGRATION ================ 814.955
PRESSURE: 252500 -372.132 -132.798 -119.56 -117.482 -670.863 -265.161 -130.719 -176.86 590.561
GPRESSURE: 252500 -291.821 -131.521 -138.106 59.9123 -755.851 4.92903 -220.706 -389.919 663.035
PRESSAVG: 252500 -492.739 -34.744 75.4869 -78.3357 -290.062 107.492 -37.9347 141.55 984.581
GPRESSAVG: 252500 -491.893 -36.1346 76.19 -76.3083 -290.563 111.774 -39.011 145.779 985.257
ENERGY:  252500         0.0000         0.0000         0.0000         0.0000          -5591.3967       377.7390         0.0000         0.0000       924.0796          -4289.5781       293.5720     -5213.6577     -4286.9026       300.0270           -150.8113      -128.2124     22681.3476        67.2598        67.6004

PRESSURE: 253000 5.77471 344.28 169.389 410.896 -376.131 -117.77 223.63 244.426 496.387
GPRESSURE: 253000 -134.694 507.533 -153.555 94.067 -276.921 -294.036 203.445 597.31 603.408
PRESSAVG: 253000 -398.15 -44.8863 -99.0352 -106.688 -416.553 5.53805 -40.3563 95.571 1051.03
GPRESSAVG: 253000 -400.369 -41.9574 -101.608 -111.29 -416.539 3.59804 -42.7064 95.8027 1052.43
ENERGY:  253000         0.0000         0.0000         0.0000         0.0000          -5597.7339       384.2004         0.0000         0.0000       916.0802          -4297.4533       291.0306     -5213.5335     -4296.1232       293.6755             42.0103        63.9311     22681.3476        78.7751        78.5075

PRESSURE: 253500 418.207 -306.974 263.096 34.8089 1478.1 747.728 146.442 430.114 978.371
GPRESSURE: 253500 296.059 -6.68418 148.671 -402.715 1574.81 649.715 233.26 385.551 1042.03
PRESSAVG: 253500 -329.993 61.5369 154.492 45.6395 -121.401 214.008 192.784 338.158 919.9
GPRESSAVG: 253500 -329.582 61.7407 152.575 48.3502 -122.362 215.69 195.935 334.625 919.368
ENERGY:  253500         0.0000         0.0000         0.0000         0.0000          -5649.7368       454.7133         0.0000         0.0000       903.5031          -4291.5204       287.0350     -5195.0235     -4289.5066       294.9580            958.2270       970.9632     22681.3476       156.1686       155.8081

PRESSURE: 254000 143.755 -676.393 -466.314 -926.886 477.17 240.286 -899.271 518.145 1632.59
GPRESSURE: 254000 84.3699 -577.088 -773.029 -1035.14 530.048 111.894 -425.51 740.39 1710.81
PRESSAVG: 254000 -161.529 -214.73 54.9568 -117.377 -30.0289 63.3095 -216.44 -27.3324 838.551
GPRESSAVG: 254000 -161.469 -218.105 55.1716 -114.52 -32.178 61.1933 -219.203 -24.6046 840.042
ENERGY:  254000         0.0000         0.0000         0.0000         0.0000          -5636.2673       429.1084         0.0000         0.0000       945.6110          -4261.5479       300.4123     -5207.1589     -4259.0257       298.2681            751.1725       775.0744     22681.3476       215.6643       215.4649

LDB: ============= START OF LOAD BALANCING ============== 820.512
LDB: ============== END OF LOAD BALANCING =============== 820.512
Info: useSync: 0 useProxySync: 0
LDB: =============== DONE WITH MIGRATION ================ 820.512
LDB: ============= START OF LOAD BALANCING ============== 820.653
LDB: Largest compute 224 load 0.009259 is 15.5% of average load 0.059744
LDB: Average compute 0.002383 is 4.0% of average load 0.059744
LDB: TIME 820.653 LOAD: AVG 0.0597444 MAX 0.134926  PROXIES: TOTAL 28 MAXPE 3 MAXPATCH 5 None MEM: 0.407069 MB
LDB: TIME 820.653 LOAD: AVG 0.0597444 MAX 0.134926  PROXIES: TOTAL 32 MAXPE 4 MAXPATCH 6 RefineTorusLB MEM: 0.407069 MB
LDB: TIME 820.653 LOAD: AVG 0.0597444 MAX 0.134926  PROXIES: TOTAL 32 MAXPE 4 MAXPATCH 6 RefineTorusLB MEM: 0.407069 MB
LDB: ============== END OF LOAD BALANCING =============== 820.653
Info: useSync: 0 useProxySync: 0
LDB: =============== DONE WITH MIGRATION ================ 820.654
PRESSURE: 254500 548.657 -450.351 -116.551 -234.933 54.7089 -106.841 -1.84202 155.801 451.152
GPRESSURE: 254500 683.473 -158.304 -208.656 -451.542 -52.036 60.7814 -78.4327 67.9068 499.612
PRESSAVG: 254500 -150.371 -3.174 -62.4559 2.30158 -62.9709 -186.623 -129.501 -8.18181 1188.58
GPRESSAVG: 254500 -148.711 -3.93428 -61.9676 1.7554 -62.5732 -186.685 -127.969 -6.59204 1186.04
ENERGY:  254500         0.0000         0.0000         0.0000         0.0000          -5634.8013       410.2869         0.0000         0.0000       957.8368          -4266.6775       304.2964     -5224.5144     -4263.3867       300.4154            351.5059       377.0164     22681.3476       325.0794       324.9180

WRITING COORDINATES TO DCD FILE MD.dcd AT STEP 255000
WRITING COORDINATES TO RESTART FILE AT STEP 255000
FINISHED WRITING RESTART COORDINATES
WRITING VELOCITIES TO RESTART FILE AT STEP 255000
FINISHED WRITING RESTART VELOCITIES
PRESSURE: 255000 -345.373 354.845 -771.937 257.479 -1580.44 -162.297 93.3805 -107.763 1441.84
GPRESSURE: 255000 -409.048 569.606 -355.693 174.642 -1325.34 -143.853 126.518 50.9642 1300.81
PRESSAVG: 255000 -16.6283 -4.16151 37.3309 36.7347 -3.15107 134.752 113.16 253.483 855.687
GPRESSAVG: 255000 -18.209 -5.01779 39.473 37.7983 -3.60022 133.177 112.752 255.36 857.662
TIMING: 255000  CPU: 798.667, 0.00283751/step  Wall: 811.439, 0.00285056/step, 0.035632 hours remaining, 0.407069 MB of memory in use.
PERFORMANCE: 255000  averaging 54.3041 ns/day, 0.00318208 sec/step with standard deviation 0.00103896
ETITLE:      TS           BOND          ANGLE          DIHED          IMPRP               ELECT            VDW       BOUNDARY           MISC        KINETIC               TOTAL           TEMP      POTENTIAL         TOTAL3        TEMPAVG            PRESSURE      GPRESSURE         VOLUME       PRESSAVG      GPRESSAVG

ENERGY:  255000         0.0000         0.0000         0.0000         0.0000          -5570.6957       363.9287         0.0000         0.0000       918.9859          -4287.7811       291.9538     -5206.7670     -4286.1395       299.1546           -161.3241      -144.5274     22681.3476       278.6359       278.6175

WRITING EXTENDED SYSTEM TO RESTART FILE AT STEP 255000
PRESSURE: 255500 77.2854 -767.313 262.222 -540.939 -615.213 100.518 130.912 234.099 1182.49
GPRESSURE: 255500 166.807 -652.655 42.9315 -659.404 -628.489 429.489 485.729 324.172 1186.26
PRESSAVG: 255500 -383.193 -77.9826 -209.081 -73.9128 -309.499 -203.749 232.241 66.0377 1172.51
GPRESSAVG: 255500 -383.158 -76.2472 -210.352 -75.4915 -308.488 -202.433 233.048 64.4199 1171.06
ENERGY:  255500         0.0000         0.0000         0.0000         0.0000          -5636.6483       433.9844         0.0000         0.0000       908.5072          -4294.1567       288.6248     -5202.6639     -4292.1642       297.6354            214.8530       241.5269     22681.3476       159.9392       159.8050

PRESSURE: 256000 -333.007 700.089 -37.9305 459.316 -1145.43 -444.573 320.98 -98.6742 779.112
GPRESSURE: 256000 -455.445 1110.35 -151.256 231.418 -1121.81 -399.656 370.208 -232.481 932.592
PRESSAVG: 256000 -516.991 -4.55271 45.0795 -113.943 -374.636 -71.2123 38.3904 64.5811 957.562
GPRESSAVG: 256000 -517.836 -2.06735 44.1329 -116.752 -374.506 -73.2403 41.3059 64.8883 957.494
ENERGY:  256000         0.0000         0.0000         0.0000         0.0000          -5571.5036       379.4829         0.0000         0.0000       910.7439          -4281.2768       289.3354     -5192.0207     -4277.7449       298.6349           -233.1086      -214.8887     22681.3476        21.9784        21.7174

LDB: ============= START OF LOAD BALANCING ============== 826.238
LDB: ============== END OF LOAD BALANCING =============== 826.239
Info: useSync: 0 useProxySync: 0
LDB: =============== DONE WITH MIGRATION ================ 826.239
LDB: ============= START OF LOAD BALANCING ============== 826.38
LDB: Largest compute 16 load 0.008726 is 14.6% of average load 0.059913
LDB: Average compute 0.002386 is 4.0% of average load 0.059913
LDB: TIME 826.38 LOAD: AVG 0.0599133 MAX 0.135691  PROXIES: TOTAL 28 MAXPE 3 MAXPATCH 5 None MEM: 0.407069 MB
LDB: TIME 826.381 LOAD: AVG 0.0599133 MAX 0.135691  PROXIES: TOTAL 32 MAXPE 4 MAXPATCH 6 RefineTorusLB MEM: 0.407069 MB
LDB: TIME 826.381 LOAD: AVG 0.0599133 MAX 0.135691  PROXIES: TOTAL 32 MAXPE 4 MAXPATCH 6 RefineTorusLB MEM: 0.407069 MB
LDB: Reverting to original mapping
LDB: ============== END OF LOAD BALANCING =============== 826.381
Info: useSync: 0 useProxySync: 0
LDB: =============== DONE WITH MIGRATION ================ 826.381
PRESSURE: 256500 -654.792 -143.615 -54.9987 -173.438 -585.076 397.74 342.753 546.904 592.619
GPRESSURE: 256500 -556.729 -254.372 189.28 35.7325 -613.772 489.395 165.781 300.151 547.206
PRESSAVG: 256500 -299.235 35.773 117.242 -34.0447 -335.045 87.5849 109.818 160.226 1159.94
GPRESSAVG: 256500 -295.882 36.8599 117.323 -34.3806 -337.973 90.186 107.184 161.097 1159.57
ENERGY:  256500         0.0000         0.0000         0.0000         0.0000          -5491.9150       347.0475         0.0000         0.0000       934.7438          -4210.1237       296.9599     -5144.8675     -4208.8065       297.9209           -215.7496      -207.7651     22681.3476       175.2211       175.2399

PRESSURE: 257000 813.798 -28.6502 -390.692 -618.262 -294.035 100.083 -524.592 338.185 1483.93
GPRESSURE: 257000 696.613 -401.904 -112.461 -541.419 -82.3657 127.38 -648.551 314.525 1417.89
PRESSAVG: 257000 -131.977 -68.0772 18.1555 65.2361 -326.972 97.5875 239.217 157.242 1231.97
GPRESSAVG: 257000 -132.737 -70.8757 17.7204 67.3937 -325.634 96.7799 238.345 155.19 1231.16
ENERGY:  257000         0.0000         0.0000         0.0000         0.0000          -5626.5434       435.1113         0.0000         0.0000       968.0925          -4223.3396       307.5545     -5191.4321     -4219.6143       304.8025            667.8989       677.3807     22681.3476       257.6722       257.5971

PRESSURE: 257500 -604.389 -175.229 -132.526 -42.9893 -204.3 -174.275 646.618 -507.285 2098.06
GPRESSURE: 257500 -616.968 -67.3742 -731.836 -28.048 -214.076 -112.524 810.612 -817.417 2214
PRESSAVG: 257500 13.694 25.8591 -4.76566 62.6348 -109.069 -99.9191 188.362 368.133 979.293
GPRESSAVG: 257500 13.2499 27.6678 -6.8453 61.1461 -109.603 -97.499 191.658 368.79 979.428
ENERGY:  257500         0.0000         0.0000         0.0000         0.0000          -5518.5975       394.9314         0.0000         0.0000       916.9382          -4206.7280       291.3032     -5123.6661     -4203.9451       302.8963            429.7919       460.9847     22681.3476       294.6393       294.3584

PRESSURE: 258000 -1099.74 193.67 468.952 -261.084 -526.763 9.52536 846.213 528.412 572.253
GPRESSURE: 258000 -1008.62 421.231 466.631 -132.539 -598.794 -246.967 898.483 391.176 619.419
PRESSAVG: 258000 -500.238 21.8618 -18.9795 82.1427 -419.844 90.4472 158.101 -60.6992 886.449
GPRESSAVG: 258000 -500.296 18.8813 -15.4697 80.9106 -418.4 87.4035 155.469 -63.7635 884.324
ENERGY:  258000         0.0000         0.0000         0.0000         0.0000          -5516.4548       342.1442         0.0000         0.0000       958.6336          -4215.6770       304.5495     -5174.3106     -4213.5277       300.2708           -351.4166      -329.3306     22681.3476       -11.2112       -11.4577

LDB: ============= START OF LOAD BALANCING ============== 831.942
LDB: ============== END OF LOAD BALANCING =============== 831.942
Info: useSync: 0 useProxySync: 0
LDB: =============== DONE WITH MIGRATION ================ 831.942
LDB: ============= START OF LOAD BALANCING ============== 832.084
LDB: Largest compute 16 load 0.009863 is 16.3% of average load 0.060563
LDB: Average compute 0.002415 is 4.0% of average load 0.060563
LDB: TIME 832.084 LOAD: AVG 0.0605632 MAX 0.136299  PROXIES: TOTAL 28 MAXPE 3 MAXPATCH 5 None MEM: 0.407069 MB
LDB: TIME 832.085 LOAD: AVG 0.0605632 MAX 0.136299  PROXIES: TOTAL 32 MAXPE 4 MAXPATCH 6 RefineTorusLB MEM: 0.407069 MB
LDB: TIME 832.085 LOAD: AVG 0.0605632 MAX 0.136299  PROXIES: TOTAL 32 MAXPE 4 MAXPATCH 6 RefineTorusLB MEM: 0.407069 MB
LDB: Reverting to original mapping
LDB: ============== END OF LOAD BALANCING =============== 832.085
Info: useSync: 0 useProxySync: 0
LDB: =============== DONE WITH MIGRATION ================ 832.085
PRESSURE: 258500 -810.368 -94.5728 276.923 64.6583 -1342.01 146.391 -169.46 271.785 819.571
GPRESSURE: 258500 -626.623 186.399 354.551 -105.867 -1331.07 177.379 -360.685 84.5613 702.504
PRESSAVG: 258500 -478.624 -34.2694 96.327 14.6901 -287.939 38.6633 -71.6846 138.971 853.011
GPRESSAVG: 258500 -477.995 -32.2754 93.3604 15.0367 -291.242 36.5672 -69.579 140.663 857.696
ENERGY:  258500         0.0000         0.0000         0.0000         0.0000          -5540.7698       354.6852         0.0000         0.0000       938.6948          -4247.3899       298.2151     -5186.0847     -4244.6419       303.7903           -444.2705      -418.3977     22681.3476        28.8160        29.4861

PRESSURE: 259000 13.2902 93.804 232.878 428.337 -586.82 406.672 515.291 1099.5 2785.69
GPRESSURE: 259000 138.465 -1.73201 103.548 519.847 -763.686 311.387 430.313 939.075 2886.56
PRESSAVG: 259000 -479.644 -86.6177 53.8345 -83.2628 -576.491 -121.691 -51.8534 284.633 671.622
GPRESSAVG: 259000 -477.513 -88.3936 56.8655 -82.2381 -572.594 -119.441 -50.1824 285.089 667.275
ENERGY:  259000         0.0000         0.0000         0.0000         0.0000          -5659.5887       438.7640         0.0000         0.0000       960.5383          -4260.2864       305.1546     -5220.8247     -4257.4115       298.4629            737.3857       753.7789     22681.3476      -128.1709      -127.6108

PRESSURE: 259500 -316.152 -355.642 92.8429 2.07401 501.565 -78.0693 392.821 242.108 935.282
GPRESSURE: 259500 -244.958 -352.802 199.938 182.252 386.023 -56.5167 375.977 254.273 1031.76
PRESSAVG: 259500 -4.50951 72.4971 -22.0293 113.906 -366.229 -165.101 74.5738 189.965 1073.74
GPRESSAVG: 259500 -5.04152 72.7897 -21.5972 113.691 -365.766 -163.803 73.9404 188.222 1073.68
ENERGY:  259500         0.0000         0.0000         0.0000         0.0000          -5570.2001       395.7319         0.0000         0.0000       948.9511          -4225.5171       301.4734     -5174.4682     -4223.9490       300.6471            373.5649       390.9406     22681.3476       234.3330       234.2894

WRITING COORDINATES TO DCD FILE MD.dcd AT STEP 260000
WRITING COORDINATES TO RESTART FILE AT STEP 260000
FINISHED WRITING RESTART COORDINATES
WRITING VELOCITIES TO RESTART FILE AT STEP 260000
FINISHED WRITING RESTART VELOCITIES
PRESSURE: 260000 -402.448 30.8543 -154.393 71.8229 297.613 387.972 -428.026 378.094 835.316
GPRESSURE: 260000 -506.114 315.246 4.63998 -353.989 408.201 229.875 -645.505 220.534 889.694
PRESSAVG: 260000 -119.155 33.4761 11.7758 134.416 -72.6488 44.0754 91.3294 256.053 1279.48
GPRESSAVG: 260000 -120.987 30.8332 10.3723 136.376 -72.6682 43.0342 89.0845 257.023 1280.04
TIMING: 260000  CPU: 812.981, 0.0028628/step  Wall: 825.833, 0.00287895/step, 0.0319884 hours remaining, 0.407069 MB of memory in use.
PERFORMANCE: 260000  averaging 54.4038 ns/day, 0.00317625 sec/step with standard deviation 0.00102958
ETITLE:      TS           BOND          ANGLE          DIHED          IMPRP               ELECT            VDW       BOUNDARY           MISC        KINETIC               TOTAL           TEMP      POTENTIAL         TOTAL3        TEMPAVG            PRESSURE      GPRESSURE         VOLUME       PRESSAVG      GPRESSAVG

ENERGY:  260000         0.0000         0.0000         0.0000         0.0000          -5561.7185       372.7031         0.0000         0.0000       978.8224          -4210.1930       310.9633     -5189.0154     -4208.4049       305.0756            243.4936       263.9273     22681.3476       362.5575       362.1285

WRITING EXTENDED SYSTEM TO RESTART FILE AT STEP 260000
LDB: ============= START OF LOAD BALANCING ============== 837.769
LDB: ============== END OF LOAD BALANCING =============== 837.769
Info: useSync: 0 useProxySync: 0
LDB: =============== DONE WITH MIGRATION ================ 837.769
LDB: ============= START OF LOAD BALANCING ============== 837.912
LDB: Largest compute 222 load 0.008499 is 14.0% of average load 0.060513
LDB: Average compute 0.002403 is 4.0% of average load 0.060513
LDB: TIME 837.912 LOAD: AVG 0.0605126 MAX 0.13675  PROXIES: TOTAL 28 MAXPE 3 MAXPATCH 5 None MEM: 0.407069 MB
LDB: TIME 837.912 LOAD: AVG 0.0605126 MAX 0.13675  PROXIES: TOTAL 32 MAXPE 4 MAXPATCH 6 RefineTorusLB MEM: 0.407069 MB
LDB: TIME 837.912 LOAD: AVG 0.0605126 MAX 0.13675  PROXIES: TOTAL 32 MAXPE 4 MAXPATCH 6 RefineTorusLB MEM: 0.407069 MB
LDB: Reverting to original mapping
LDB: ============== END OF LOAD BALANCING =============== 837.912
Info: useSync: 0 useProxySync: 0
LDB: =============== DONE WITH MIGRATION ================ 837.913
PRESSURE: 260500 -974.459 -530.148 112.82 -309.983 586.523 -590.04 67.732 -544.771 750.711
GPRESSURE: 260500 -1093.34 -187.162 21.7967 -636.908 484.589 -652.459 -18.0727 -284.286 1037.07
PRESSAVG: 260500 -97.2456 -93.5705 -81.4039 -122.784 -168.524 -58.9222 -62.2681 319.158 1076.23
GPRESSAVG: 260500 -97.2016 -93.4523 -81.4809 -123.539 -169.335 -60.8127 -65.38 318.11 1077.6
ENERGY:  260500         0.0000         0.0000         0.0000         0.0000          -5542.7369       375.1848         0.0000         0.0000       936.8869          -4230.6652       297.6407     -5167.5521     -4227.9230       306.0316            120.9250       142.7748     22681.3476       270.1522       270.3540

PRESSURE: 261000 565.436 40.3718 -662.467 68.6988 -689.044 -22.8858 -360.477 561.182 1531.11
GPRESSURE: 261000 649.622 -2.66324 -533.749 224.995 -770.934 -295.273 -641.655 574.059 1573.3
PRESSAVG: 261000 -414.774 97.4374 -192.252 111.449 -163.459 -179.136 82.0814 84.106 1379.73
GPRESSAVG: 261000 -414.939 97.2184 -190.193 110.765 -162.06 -180.12 83.131 85.9357 1378.54
ENERGY:  261000         0.0000         0.0000         0.0000         0.0000          -5612.1731       394.4191         0.0000         0.0000       976.1620          -4241.5920       310.1181     -5217.7539     -4239.7284       301.7089            469.1674       483.9952     22681.3476       267.1654       267.1806

PRESSURE: 261500 -586.178 462.127 132.589 494.443 777.177 -150.698 139.079 118.891 1922.46
GPRESSURE: 261500 -650.074 246.059 208.341 572.786 872.651 66.2194 133.187 -137.447 1955.75
PRESSAVG: 261500 -179.664 2.7708 -147.163 -47.5575 -93.6392 -121.685 178.577 324.47 1185.65
GPRESSAVG: 261500 -179.695 3.48406 -150.545 -45.964 -95.8361 -117.571 178.469 319.639 1187.63
ENERGY:  261500         0.0000         0.0000         0.0000         0.0000          -5581.1363       418.4778         0.0000         0.0000       948.6094          -4214.0491       301.3649     -5162.6585     -4212.0468       303.4066            704.4867       726.1087     22681.3476       304.1161       304.0320

PRESSURE: 262000 -923.739 -313.809 -252.582 -56.0253 -357.229 -98.9781 350.636 477.137 1266.57
GPRESSURE: 262000 -833.197 -64.1984 -90.4619 -26.2713 -372.088 94.6298 118.915 337.486 1289.4
PRESSAVG: 262000 -309.595 11.8554 107.279 -46.5462 -252.221 209.739 142.071 451.178 1018.05
GPRESSAVG: 262000 -309.995 11.5947 108.784 -45.9325 -251.272 210.143 140.078 448.946 1017.89
ENERGY:  262000         0.0000         0.0000         0.0000         0.0000          -5503.7633       356.2654         0.0000         0.0000       949.5510          -4197.9469       301.6640     -5147.4979     -4194.6580       306.2078             -4.8001        28.0400     22681.3476       152.0775       152.2074

LDB: ============= START OF LOAD BALANCING ============== 843.523
LDB: ============== END OF LOAD BALANCING =============== 843.524
Info: useSync: 0 useProxySync: 0
LDB: =============== DONE WITH MIGRATION ================ 843.524
LDB: ============= START OF LOAD BALANCING ============== 843.667
LDB: Largest compute 16 load 0.008914 is 14.8% of average load 0.060338
LDB: Average compute 0.002397 is 4.0% of average load 0.060338
LDB: TIME 843.667 LOAD: AVG 0.0603378 MAX 0.136935  PROXIES: TOTAL 28 MAXPE 3 MAXPATCH 5 None MEM: 0.407069 MB
LDB: TIME 843.667 LOAD: AVG 0.0603378 MAX 0.136935  PROXIES: TOTAL 32 MAXPE 4 MAXPATCH 6 RefineTorusLB MEM: 0.407069 MB
LDB: TIME 843.667 LOAD: AVG 0.0603378 MAX 0.136935  PROXIES: TOTAL 32 MAXPE 4 MAXPATCH 6 RefineTorusLB MEM: 0.407069 MB
LDB: Reverting to original mapping
LDB: ============== END OF LOAD BALANCING =============== 843.667
Info: useSync: 0 useProxySync: 0
LDB: =============== DONE WITH MIGRATION ================ 843.668
PRESSURE: 262500 81.607 504.439 219.697 598.347 287.429 92.6514 282.306 264.348 2374.48
GPRESSURE: 262500 9.44534 727.924 339.719 454.02 443.832 306.412 171.151 731.797 2356.76
PRESSAVG: 262500 -70.0526 -14.2832 -8.44567 10.8811 -134.145 169.778 110.44 506.786 957.541
GPRESSAVG: 262500 -69.5028 -13.8929 -9.45651 9.27162 -134.852 166.994 112.871 512.464 957.615
ENERGY:  262500         0.0000         0.0000         0.0000         0.0000          -5598.0476       443.5935         0.0000         0.0000       970.7709          -4183.6831       308.4054     -5154.4540     -4182.8462       305.1826            914.5048       936.6782     22681.3476       251.1146       251.0868

PRESSURE: 263000 5.25069 319.196 -43.8195 -13.7199 -1568.85 454.874 -346.292 716.25 785.885
GPRESSURE: 263000 -59.3921 551.366 -310.416 -152.869 -1462.76 290.541 -144.63 825.532 764.296
PRESSAVG: 263000 -256.904 -80.1679 -48.5837 -103.71 -159.29 4.20951 -166.869 136.562 1314.12
GPRESSAVG: 263000 -257.96 -79.2375 -48.2051 -101.602 -158.613 4.48806 -168.062 134.683 1314.05
ENERGY:  263000         0.0000         0.0000         0.0000         0.0000          -5558.7984       358.0948         0.0000         0.0000       964.9857          -4235.7180       306.5675     -5200.7037     -4233.6328       306.5644           -259.2386      -252.6185     22681.3476       299.3090       299.1584

PRESSURE: 263500 552.21 -869.383 44.0259 -1122.72 74.9825 -206.38 -94.7641 -295.981 1023.44
GPRESSURE: 263500 716.771 -531.296 55.1836 -1134.93 -15.0209 -191.783 -162.181 -31.7972 965.234
PRESSAVG: 263500 -297.252 -3.14984 -38.1109 162.75 -379.091 248.094 171.338 242.131 1214.74
GPRESSAVG: 263500 -295.109 -5.31239 -38.8342 160.834 -381.291 247.46 169.967 243.186 1214.31
ENERGY:  263500         0.0000         0.0000         0.0000         0.0000          -5611.9363       436.0085         0.0000         0.0000       936.0987          -4239.8290       297.3903     -5175.9278     -4237.5597       302.9067            550.2113       555.6613     22681.3476       179.4650       179.3018

PRESSURE: 264000 -760.151 207.163 -329.631 -265.68 744.228 -25.6515 -236.308 -87.7527 1410.9
GPRESSURE: 264000 -735.019 139.53 -294.742 -250.253 722.561 76.9945 -4.2884 -91.483 1413.66
PRESSAVG: 264000 -153.336 -43.6448 21.49 -59.9956 -41.1554 -200.359 -68.8183 95.9441 965.745
GPRESSAVG: 264000 -154.324 -40.7698 25.7282 -60.1354 -42.698 -203.04 -69.1528 97.7438 967.319
ENERGY:  264000         0.0000         0.0000         0.0000         0.0000          -5606.9234       414.3813         0.0000         0.0000       931.8679          -4260.6742       296.0463     -5192.5421     -4259.0406       300.9698            464.9927       467.0663     22681.3476       257.0847       256.7659

LDB: ============= START OF LOAD BALANCING ============== 849.292
LDB: ============== END OF LOAD BALANCING =============== 849.292
Info: useSync: 0 useProxySync: 0
LDB: =============== DONE WITH MIGRATION ================ 849.292
LDB: ============= START OF LOAD BALANCING ============== 849.437
LDB: Largest compute 17 load 0.008479 is 14.0% of average load 0.060717
LDB: Average compute 0.002412 is 4.0% of average load 0.060717
LDB: TIME 849.437 LOAD: AVG 0.0607174 MAX 0.136502  PROXIES: TOTAL 28 MAXPE 3 MAXPATCH 5 None MEM: 0.407069 MB
LDB: TIME 849.437 LOAD: AVG 0.0607174 MAX 0.136502  PROXIES: TOTAL 32 MAXPE 4 MAXPATCH 6 RefineTorusLB MEM: 0.407069 MB
LDB: TIME 849.438 LOAD: AVG 0.0607174 MAX 0.136502  PROXIES: TOTAL 32 MAXPE 4 MAXPATCH 6 RefineTorusLB MEM: 0.407069 MB
LDB: Reverting to original mapping
LDB: ============== END OF LOAD BALANCING =============== 849.438
Info: useSync: 0 useProxySync: 0
LDB: =============== DONE WITH MIGRATION ================ 849.438
PRESSURE: 264500 -896.118 -234.294 210.398 78.6577 996.166 69.0219 713.516 361.909 1608.24
GPRESSURE: 264500 -787.499 -598.071 288.144 108.574 892.472 356.433 330.912 286.921 1651.28
PRESSAVG: 264500 -206.455 98.1396 -160.6 -24.039 -104.771 58.6404 -44.1551 108.437 1333.28
GPRESSAVG: 264500 -205.92 95.4461 -163.2 -21.0083 -103.884 62.5128 -40.7904 103.225 1331.81
ENERGY:  264500         0.0000         0.0000         0.0000         0.0000          -5598.4965       412.5615         0.0000         0.0000       960.6966          -4225.2385       305.2049     -5185.9350     -4222.6452       302.0517            569.4295       585.4175     22681.3476       340.6842       340.6698

WRITING COORDINATES TO DCD FILE MD.dcd AT STEP 265000
WRITING COORDINATES TO RESTART FILE AT STEP 265000
FINISHED WRITING RESTART COORDINATES
WRITING VELOCITIES TO RESTART FILE AT STEP 265000
FINISHED WRITING RESTART VELOCITIES
PRESSURE: 265000 945.517 312.612 648.794 254.687 22.1839 112.767 737.034 427.87 727.923
GPRESSURE: 265000 973.813 363.731 695.069 370.341 51.2834 -128.143 894.056 667.409 757.237
PRESSAVG: 265000 -57.5819 -9.37022 88.1497 -100.138 -358.737 -215.619 414.461 79.2181 1253.62
GPRESSAVG: 265000 -58.6368 -11.0862 88.0759 -98.8386 -358.122 -215.807 412.74 80.5756 1254.64
TIMING: 265000  CPU: 827.357, 0.00287517/step  Wall: 840.254, 0.00288413/step, 0.0280401 hours remaining, 0.407069 MB of memory in use.
PERFORMANCE: 265000  averaging 54.4984 ns/day, 0.00317074 sec/step with standard deviation 0.00102043
ETITLE:      TS           BOND          ANGLE          DIHED          IMPRP               ELECT            VDW       BOUNDARY           MISC        KINETIC               TOTAL           TEMP      POTENTIAL         TOTAL3        TEMPAVG            PRESSURE      GPRESSURE         VOLUME       PRESSAVG      GPRESSAVG

ENERGY:  265000         0.0000         0.0000         0.0000         0.0000          -5563.3767       401.3238         0.0000         0.0000       945.1079          -4216.9450       300.2525     -5162.0529     -4215.1355       302.3133            565.2080       594.1111     22681.3476       279.1010       279.2926

WRITING EXTENDED SYSTEM TO RESTART FILE AT STEP 265000
PRESSURE: 265500 -91.7502 -87.2985 361.237 20.7627 -610.635 307.556 708.162 581.381 1453.62
GPRESSURE: 265500 18.9415 53.972 624.625 -19.1989 -730.361 397.615 577.03 373.966 1550.38
PRESSAVG: 265500 116.12 -34.4007 -10.0403 -37.2492 -261.282 -80.7322 91.4278 50.2006 1316.68
GPRESSAVG: 265500 113.448 -31.8287 -7.47279 -38.5934 -259.833 -78.9435 92.2229 49.0187 1318.16
ENERGY:  265500         0.0000         0.0000         0.0000         0.0000          -5586.7732       404.8092         0.0000         0.0000       950.5143          -4231.4497       301.9701     -5181.9640     -4229.4123       301.7464            250.4115       279.6522     22681.3476       390.5047       390.5924

PRESSURE: 266000 -1121.71 -533.593 505.526 121.542 -383.787 88.7975 2.23803 18.7851 849.229
GPRESSURE: 266000 -1191.37 -438.966 868.11 442.447 -265.785 -76.7258 -144.395 374.988 866.427
PRESSAVG: 266000 -351.542 93.5188 75.3591 117.301 -446.309 171.712 82.5972 337.053 1090.07
GPRESSAVG: 266000 -350.565 92.9954 77.6714 115.653 -447.849 169.843 80.6446 343.523 1090.91
ENERGY:  266000         0.0000         0.0000         0.0000         0.0000          -5559.9886       372.2391         0.0000         0.0000       948.4559          -4239.2937       301.3161     -5187.7495     -4237.5254       305.8008           -218.7572      -196.9104     22681.3476        97.4078        97.4993

LDB: ============= START OF LOAD BALANCING ============== 855.109
LDB: ============== END OF LOAD BALANCING =============== 855.11
Info: useSync: 0 useProxySync: 0
LDB: =============== DONE WITH MIGRATION ================ 855.11
LDB: ============= START OF LOAD BALANCING ============== 855.253
LDB: Largest compute 17 load 0.008051 is 13.3% of average load 0.060511
LDB: Average compute 0.002399 is 4.0% of average load 0.060511
LDB: TIME 855.253 LOAD: AVG 0.0605108 MAX 0.136532  PROXIES: TOTAL 28 MAXPE 3 MAXPATCH 5 None MEM: 0.407069 MB
LDB: TIME 855.253 LOAD: AVG 0.0605108 MAX 0.136532  PROXIES: TOTAL 32 MAXPE 4 MAXPATCH 6 RefineTorusLB MEM: 0.407069 MB
LDB: TIME 855.253 LOAD: AVG 0.0605108 MAX 0.136532  PROXIES: TOTAL 32 MAXPE 4 MAXPATCH 6 RefineTorusLB MEM: 0.407069 MB
LDB: Reverting to original mapping
LDB: ============== END OF LOAD BALANCING =============== 855.253
Info: useSync: 0 useProxySync: 0
LDB: =============== DONE WITH MIGRATION ================ 855.254
PRESSURE: 266500 -647.776 511.559 295.064 271.361 -980.011 -491.212 492.53 -169.687 997.068
GPRESSURE: 266500 -848.388 435.556 699.876 319.99 -1035.64 -381.461 395.642 -424.154 1269.79
PRESSAVG: 266500 -599.035 -8.1005 131.883 -12.6213 -676.967 -66.6299 244.752 234.343 836.182
GPRESSAVG: 266500 -596.963 -5.33133 131.58 -10.8306 -677.783 -63.682 244.138 231.531 836.883
ENERGY:  266500         0.0000         0.0000         0.0000         0.0000          -5584.9115       361.9617         0.0000         0.0000       957.9471          -4265.0027       304.3314     -5222.9498     -4261.6196       298.4553           -210.2394      -204.7442     22681.3476      -146.6067      -145.9545

PRESSURE: 267000 -352.937 318.241 -194.772 300.879 -578.523 355.205 458.622 467.413 1128.12
GPRESSURE: 267000 -216.068 172.546 -93.2158 577.754 -410.399 312.723 367.499 392.122 898.747
PRESSAVG: 267000 -580.601 10.7989 183.361 102.088 -374.433 66.4687 280.967 268.644 931.628
GPRESSAVG: 267000 -580.391 6.62329 183.002 105.075 -374.472 66.3557 283.337 265.743 931.145
ENERGY:  267000         0.0000         0.0000         0.0000         0.0000          -5614.0674       381.0626         0.0000         0.0000       983.8310          -4249.1738       312.5545     -5233.0048     -4247.5135       298.7140             65.5538        90.7600     22681.3476        -7.8019        -7.9057

PRESSURE: 267500 245.073 82.886 6.76686 -55.8313 -660.86 -525.288 123.954 -779.868 802.003
GPRESSURE: 267500 418.164 -43.8891 -31.6798 24.1588 -662.646 -264.884 75.4682 -799.323 705.477
PRESSAVG: 267500 -323.31 -59.4998 210.543 120.009 -341.725 -14.423 247.716 -14.5674 1251.12
GPRESSAVG: 267500 -324.128 -57.3188 209.382 115.474 -340.533 -18.1302 246.368 -10.5484 1251.28
ENERGY:  267500         0.0000         0.0000         0.0000         0.0000          -5582.1528       405.1903         0.0000         0.0000       906.1695          -4270.7931       287.8821     -5176.9625     -4268.6745       297.9211            128.7387       153.6652     22681.3476       195.3629       195.5385

PRESSURE: 268000 -1120.27 -214.17 -403.803 -505.846 -619.985 -189.166 50.6419 520.173 -26.7596
GPRESSURE: 268000 -1079.38 -219.843 -306.384 -756.364 -619.403 -272.851 -32.2191 651.182 -1.84061
PRESSAVG: 268000 -525.449 -46.412 186.711 -32.5937 -416.688 -258.948 98.375 75.175 1348.46
GPRESSAVG: 268000 -527.429 -47.9573 183.584 -30.9896 -416.544 -258.269 99.7381 73.8378 1348.31
ENERGY:  268000         0.0000         0.0000         0.0000         0.0000          -5566.1588       333.9852         0.0000         0.0000       897.9231          -4334.2506       285.2623     -5232.1736     -4330.9930       292.2207           -589.0035      -566.8751     22681.3476       135.4414       134.7794

LDB: ============= START OF LOAD BALANCING ============== 860.869
LDB: ============== END OF LOAD BALANCING =============== 860.869
Info: useSync: 0 useProxySync: 0
LDB: =============== DONE WITH MIGRATION ================ 860.87
LDB: ============= START OF LOAD BALANCING ============== 861.012
LDB: Largest compute 219 load 0.008230 is 13.7% of average load 0.059884
LDB: Average compute 0.002371 is 4.0% of average load 0.059884
LDB: TIME 861.013 LOAD: AVG 0.0598837 MAX 0.136713  PROXIES: TOTAL 28 MAXPE 3 MAXPATCH 5 None MEM: 0.407069 MB
LDB: TIME 861.013 LOAD: AVG 0.0598837 MAX 0.136713  PROXIES: TOTAL 32 MAXPE 4 MAXPATCH 6 RefineTorusLB MEM: 0.407069 MB
LDB: TIME 861.013 LOAD: AVG 0.0598837 MAX 0.136713  PROXIES: TOTAL 32 MAXPE 4 MAXPATCH 6 RefineTorusLB MEM: 0.407069 MB
LDB: ============== END OF LOAD BALANCING =============== 861.013
Info: useSync: 0 useProxySync: 0
LDB: =============== DONE WITH MIGRATION ================ 861.013
PRESSURE: 268500 -1429.85 -66.9514 145.59 -120.336 -1224.61 -243.827 -201.56 -135.553 365.702
GPRESSURE: 268500 -1441.3 -107.046 201.746 -444.268 -1189.12 -560.351 -255.372 90.9945 409.49
PRESSAVG: 268500 -805.391 -22.216 86.0042 133.904 -574.87 -118.774 25.9223 77.7718 411.656
GPRESSAVG: 268500 -803.721 -17.2569 85.6055 127.864 -575.613 -120.741 24.6555 79.801 410.627
ENERGY:  268500         0.0000         0.0000         0.0000         0.0000          -5546.5912       313.4694         0.0000         0.0000       910.0731          -4323.0488       289.1222     -5233.1218     -4319.8637       290.4623           -762.9202      -740.3089     22681.3476      -322.8684      -322.9021

PRESSURE: 269000 -691.676 -639.613 499.344 -469.689 -916.062 237.706 479.449 416.98 -272.914
GPRESSURE: 269000 -694.867 -532.729 537.262 -664.276 -851.601 395.756 323.841 421.941 -265.187
PRESSAVG: 269000 -658.096 -140.063 102.158 -20.2221 -494.246 53.1696 209.074 270.333 948.351
GPRESSAVG: 269000 -658.977 -140.802 108.25 -17.0281 -491.874 58.0468 210.106 270.34 946.401
ENERGY:  269000         0.0000         0.0000         0.0000         0.0000          -5599.6108       341.0517         0.0000         0.0000       935.5522          -4323.0069       297.2167     -5258.5590     -4320.7152       291.3221           -626.8838      -603.8848     22681.3476       -67.9972       -68.1498

PRESSURE: 269500 -640.979 691.405 508.309 666.82 -139.26 971.268 405.644 1025.66 1331.88
GPRESSURE: 269500 -615.231 821.188 498.841 679.338 -54.4307 995.634 296.731 979.965 1246.1
PRESSAVG: 269500 -503.252 147.589 212.771 132.229 -542 145.449 330.139 421.054 1079.86
GPRESSAVG: 269500 -503.182 146.327 209.062 130.778 -543.128 146.059 329.732 420.947 1081.66
ENERGY:  269500         0.0000         0.0000         0.0000         0.0000          -5678.5696       419.7787         0.0000         0.0000       932.5677          -4326.2232       296.2686     -5258.7909     -4323.8214       293.2953            183.8797       192.1455     22681.3476        11.5371        11.7828

WRITING COORDINATES TO DCD FILE MD.dcd AT STEP 270000
WRITING COORDINATES TO RESTART FILE AT STEP 270000
FINISHED WRITING RESTART COORDINATES
WRITING VELOCITIES TO RESTART FILE AT STEP 270000
FINISHED WRITING RESTART VELOCITIES
PRESSURE: 270000 -478.159 273.632 -100.695 -129.541 -796.051 -566.253 143.09 -433.506 1404.61
GPRESSURE: 270000 -309.453 271.922 -38.0844 -428.342 -908.041 -698.517 56.7303 -502.235 1377.02
PRESSAVG: 270000 -539.182 166.81 138.775 138.103 -354.31 -104.924 362.323 339.743 957.969
GPRESSAVG: 270000 -541.074 166.479 140.83 136.827 -352.975 -107.786 363.799 343.069 957.414
TIMING: 270000  CPU: 841.795, 0.00288761/step  Wall: 854.752, 0.0028996/step, 0.0241633 hours remaining, 0.407069 MB of memory in use.
PERFORMANCE: 270000  averaging 54.5848 ns/day, 0.00316572 sec/step with standard deviation 0.00101143
ETITLE:      TS           BOND          ANGLE          DIHED          IMPRP               ELECT            VDW       BOUNDARY           MISC        KINETIC               TOTAL           TEMP      POTENTIAL         TOTAL3        TEMPAVG            PRESSURE      GPRESSURE         VOLUME       PRESSAVG      GPRESSAVG

ENERGY:  270000         0.0000         0.0000         0.0000         0.0000          -5586.2584       391.1227         0.0000         0.0000       922.6433          -4272.4923       293.1157     -5195.1357     -4269.6117       297.2833             43.4666        53.1756     22681.3476        21.4924        21.1219

WRITING EXTENDED SYSTEM TO RESTART FILE AT STEP 270000
LDB: ============= START OF LOAD BALANCING ============== 866.682
LDB: ============== END OF LOAD BALANCING =============== 866.682
Info: useSync: 0 useProxySync: 0
LDB: =============== DONE WITH MIGRATION ================ 866.682
LDB: ============= START OF LOAD BALANCING ============== 866.827
LDB: Largest compute 18 load 0.007959 is 13.2% of average load 0.060086
LDB: Average compute 0.002379 is 4.0% of average load 0.060086
LDB: TIME 866.827 LOAD: AVG 0.0600864 MAX 0.138327  PROXIES: TOTAL 28 MAXPE 3 MAXPATCH 5 None MEM: 0.407069 MB
LDB: TIME 866.827 LOAD: AVG 0.0600864 MAX 0.138327  PROXIES: TOTAL 32 MAXPE 4 MAXPATCH 6 RefineTorusLB MEM: 0.407069 MB
LDB: TIME 866.827 LOAD: AVG 0.0600864 MAX 0.138327  PROXIES: TOTAL 32 MAXPE 4 MAXPATCH 6 RefineTorusLB MEM: 0.407069 MB
LDB: Reverting to original mapping
LDB: ============== END OF LOAD BALANCING =============== 866.827
Info: useSync: 0 useProxySync: 0
LDB: =============== DONE WITH MIGRATION ================ 866.827
PRESSURE: 270500 -224.03 -148.27 -397.373 48.6389 288.189 327.491 -394.868 359.931 993.367
GPRESSURE: 270500 -222.064 61.3555 -288.989 238.063 318.46 530.096 -714.703 82.8005 1015.68
PRESSAVG: 270500 -373.885 -98.4845 -120.031 -55.4274 -423.32 105.106 75.1051 201.476 904.88
GPRESSAVG: 270500 -373.832 -100.37 -117.242 -51.3328 -425.33 103.95 71.1891 199.699 906.397
ENERGY:  270500         0.0000         0.0000         0.0000         0.0000          -5586.3036       401.0255         0.0000         0.0000       912.3677          -4272.9104       289.8512     -5185.2781     -4270.9612       296.0670            352.5087       370.6920     22681.3476        35.8917        35.7453

PRESSURE: 271000 -28.6213 -1196.65 141.526 -1300.16 -209.057 275.755 -271.189 531.743 984.356
GPRESSURE: 271000 -148.235 -1180.71 -95.2115 -1168.84 -225.946 281.707 -175.447 211.144 1223.81
PRESSAVG: 271000 -445.306 -128.781 -212.378 -70.5671 -116.673 45.5849 -202.017 154.473 1131.09
GPRESSAVG: 271000 -442.107 -126.417 -215.746 -73.598 -118.582 48.9859 -199.921 153.271 1130.63
ENERGY:  271000         0.0000         0.0000         0.0000         0.0000          -5574.7399       401.6794         0.0000         0.0000       951.8819          -4221.1787       302.4045     -5173.0605     -4219.8758       299.8959            248.8926       283.2091     22681.3476       189.7038       189.9817

PRESSURE: 271500 182.842 -281.473 -468.617 145.038 -8.4459 -454.439 -822.217 -385.713 1523.77
GPRESSURE: 271500 299.369 -142.4 -265.901 -268.233 45.9078 -375.968 -890.413 -405.932 1370.33
PRESSAVG: 271500 -175.219 -133.744 -6.18837 -123.001 -127.607 -265.149 169.347 -95.1163 1141.22
GPRESSAVG: 271500 -177.244 -134.886 -4.0199 -124.161 -124.433 -264.915 170.742 -94.654 1140.12
ENERGY:  271500         0.0000         0.0000         0.0000         0.0000          -5594.7019       408.6776         0.0000         0.0000       957.5318          -4228.4925       304.1994     -5186.0243     -4226.8653       303.5273            566.0546       571.8698     22681.3476       279.4637       279.4795

PRESSURE: 272000 -27.0235 637.686 -616.301 183.221 -1190.9 -10.3894 -456 577.246 935.919
GPRESSURE: 272000 -63.8651 401.855 -799.534 516.251 -1041.78 -91.283 -247.548 506.608 896.256
PRESSAVG: 272000 -344.565 -100.804 132.453 22.8773 -454.85 -119.617 389.606 97.7427 1521.44
GPRESSAVG: 272000 -343.738 -99.1834 130.234 25.5736 -453.374 -119.775 388.141 97.4604 1521.32
ENERGY:  272000         0.0000         0.0000         0.0000         0.0000          -5549.0907       358.0416         0.0000         0.0000       963.5381          -4227.5111       306.1076     -5191.0492     -4225.5556       303.7179            -94.0025       -69.7974     22681.3476       240.6757       241.4036

LDB: ============= START OF LOAD BALANCING ============== 872.499
LDB: ============== END OF LOAD BALANCING =============== 872.499
Info: useSync: 0 useProxySync: 0
LDB: =============== DONE WITH MIGRATION ================ 872.499
LDB: ============= START OF LOAD BALANCING ============== 872.644
LDB: Largest compute 219 load 0.007746 is 12.9% of average load 0.060031
LDB: Average compute 0.002379 is 4.0% of average load 0.060031
LDB: TIME 872.644 LOAD: AVG 0.0600308 MAX 0.138333  PROXIES: TOTAL 28 MAXPE 3 MAXPATCH 5 None MEM: 0.407069 MB
LDB: TIME 872.644 LOAD: AVG 0.0600308 MAX 0.138333  PROXIES: TOTAL 32 MAXPE 4 MAXPATCH 6 RefineTorusLB MEM: 0.407069 MB
LDB: TIME 872.644 LOAD: AVG 0.0600308 MAX 0.138333  PROXIES: TOTAL 32 MAXPE 4 MAXPATCH 6 RefineTorusLB MEM: 0.407069 MB
LDB: Reverting to original mapping
LDB: ============== END OF LOAD BALANCING =============== 872.645
Info: useSync: 0 useProxySync: 0
LDB: =============== DONE WITH MIGRATION ================ 872.645
PRESSURE: 272500 -114.332 -250.926 168.058 -198.842 -591.927 -358.077 190.031 -181.784 144.93
GPRESSURE: 272500 -3.53702 -215.129 185.523 -92.5525 -577.466 -199.952 -118.425 -167.256 102.972
PRESSAVG: 272500 -136.469 -88.8567 -72.0386 -40.7591 -357.945 -235.468 112.786 -11.1733 1069.72
GPRESSAVG: 272500 -135.314 -91.1927 -70.6186 -44.8762 -359.394 -234.399 115.635 -10.294 1069.58
ENERGY:  272500         0.0000         0.0000         0.0000         0.0000          -5569.4255       361.8660         0.0000         0.0000       943.9779          -4263.5817       299.8935     -5207.5596     -4262.2039       300.3134           -187.1098      -159.3438     22681.3476       191.7688       191.6247

PRESSURE: 273000 -1229.04 -248.197 -221.307 246.116 415.814 213.423 388.321 67.4843 1623.94
GPRESSURE: 273000 -1238.59 -243.258 -182.662 244.161 586.285 223.654 319.371 125.319 1560.04
PRESSAVG: 273000 -388.996 18.0533 -70.9045 72.5432 -266.695 -82.2319 67.7738 123.476 411.888
GPRESSAVG: 273000 -388.164 19.1585 -68.6094 73.6264 -266.529 -84.4188 65.3395 124.317 411.775
ENERGY:  273000         0.0000         0.0000         0.0000         0.0000          -5585.8560       390.0968         0.0000         0.0000       924.8241          -4270.9352       293.8085     -5195.7593     -4268.9136       296.6552            270.2371       302.5798     22681.3476       -81.2674       -80.9726

PRESSURE: 273500 -945.413 635.481 -73.6391 661.281 -245.787 -479.189 718.223 351.224 101.106
GPRESSURE: 273500 -783.176 511.783 -28.4756 875.05 -179.057 -459.378 725.657 490.877 -62.346
PRESSAVG: 273500 -235.153 -25.4881 -132.28 46.8344 5.54677 -67.5514 357.23 231.721 1266.03
GPRESSAVG: 273500 -236.081 -26.3457 -133.033 48.5445 5.18972 -68.3295 357.668 232.129 1266.24
ENERGY:  273500         0.0000         0.0000         0.0000         0.0000          -5616.6055       379.3099         0.0000         0.0000       969.6786          -4267.6170       308.0584     -5237.2956     -4266.0105       300.0096           -363.3644      -341.5263     22681.3476       345.4755       345.1176

PRESSURE: 274000 -22.8538 -123.461 -365.319 -211.052 17.0326 235.969 -317.095 339.801 1001.28
GPRESSURE: 274000 192.27 -295.633 -332.342 -185.28 -264.444 479.45 92.3508 284.731 1139.53
PRESSAVG: 274000 -507.573 -79.8285 174.664 -107.076 -598.871 -93.6738 241.243 108.985 694.101
GPRESSAVG: 274000 -505.394 -82.2065 174.507 -109.316 -600.515 -90.7259 239.674 106.879 692.803
ENERGY:  274000         0.0000         0.0000         0.0000         0.0000          -5571.6886       406.3069         0.0000         0.0000       895.4716          -4269.9101       284.4835     -5165.3817     -4268.2210       296.6592            331.8197       355.7849     22681.3476      -137.4477      -137.7020

LDB: ============= START OF LOAD BALANCING ============== 878.298
LDB: ============== END OF LOAD BALANCING =============== 878.298
Info: useSync: 0 useProxySync: 0
LDB: =============== DONE WITH MIGRATION ================ 878.298
LDB: ============= START OF LOAD BALANCING ============== 878.443
LDB: Largest compute 17 load 0.007865 is 13.0% of average load 0.060430
LDB: Average compute 0.002398 is 4.0% of average load 0.060430
LDB: TIME 878.443 LOAD: AVG 0.06043 MAX 0.138695  PROXIES: TOTAL 28 MAXPE 3 MAXPATCH 5 None MEM: 0.407069 MB
LDB: TIME 878.443 LOAD: AVG 0.06043 MAX 0.138695  PROXIES: TOTAL 32 MAXPE 4 MAXPATCH 6 RefineTorusLB MEM: 0.407069 MB
LDB: TIME 878.443 LOAD: AVG 0.06043 MAX 0.138695  PROXIES: TOTAL 32 MAXPE 4 MAXPATCH 6 RefineTorusLB MEM: 0.407069 MB
LDB: Reverting to original mapping
LDB: ============== END OF LOAD BALANCING =============== 878.443
Info: useSync: 0 useProxySync: 0
LDB: =============== DONE WITH MIGRATION ================ 878.443
PRESSURE: 274500 -619.713 440.314 416.554 521.469 168.315 386.107 31.33 206.823 687.742
GPRESSURE: 274500 -856.13 388.93 317.498 569.294 280.277 195.734 -35.6044 152.013 855.547
PRESSAVG: 274500 -339.289 -101.16 135.038 -171.019 -306.106 68.1307 175.919 529.189 1232.78
GPRESSAVG: 274500 -340.23 -99.6628 133.211 -169.486 -304.925 68.6618 178.306 529.812 1233.31
ENERGY:  274500         0.0000         0.0000         0.0000         0.0000          -5565.2124       367.3468         0.0000         0.0000       933.5129          -4264.3527       296.5689     -5197.8656     -4263.2205       296.4297             78.7814        93.2316     22681.3476       195.7944       196.0532

PRESSURE: 275000 -258.91 -435.871 193.631 -318.842 -407.866 -198.497 25.9826 98.7161 897.442
GPRESSURE: 275000 -137.761 -378.237 190.655 -310.185 -501.776 -437.254 421.996 34.8201 920.919
PRESSAVG: 275000 -446.15 -5.77688 -13.8303 44.9634 -191.24 -18.3908 -76.1586 101.305 1309.35
GPRESSAVG: 275000 -445.002 -8.4785 -14.4034 42.8987 -190.872 -21.2569 -74.8531 102.422 1309.37
TIMING: 275000  CPU: 856.32, 0.00290496/step  Wall: 869.305, 0.00291061/step, 0.0202126 hours remaining, 0.407069 MB of memory in use.
PERFORMANCE: 275000  averaging 54.6649 ns/day, 0.00316108 sec/step with standard deviation 0.00100261
ETITLE:      TS           BOND          ANGLE          DIHED          IMPRP               ELECT            VDW       BOUNDARY           MISC        KINETIC               TOTAL           TEMP      POTENTIAL         TOTAL3        TEMPAVG            PRESSURE      GPRESSURE         VOLUME       PRESSAVG      GPRESSAVG

ENERGY:  275000         0.0000         0.0000         0.0000         0.0000          -5634.8156       409.5486         0.0000         0.0000       940.9168          -4284.3502       298.9210     -5225.2670     -4283.6559       299.1422             76.8886        93.7942     22681.3476       223.9883       224.4992

WRITING EXTENDED SYSTEM TO RESTART FILE AT STEP 275000
WRITING COORDINATES TO DCD FILE MD.dcd AT STEP 275000
WRITING COORDINATES TO RESTART FILE AT STEP 275000
FINISHED WRITING RESTART COORDINATES
WRITING VELOCITIES TO RESTART FILE AT STEP 275000
FINISHED WRITING RESTART VELOCITIES
PRESSURE: 275500 -559.993 2.61009 178.139 -8.98398 -330.477 423.129 -143.539 1059.28 931.393
GPRESSURE: 275500 -483.088 222.091 40.3319 -92.0874 -329.29 367.795 -35.3542 1098.99 907.727
PRESSAVG: 275500 -341.372 -5.74014 179.549 17.6708 -389.462 154.055 -54.6597 106.903 766.932
GPRESSAVG: 275500 -342.494 -6.89804 186.622 16.3741 -391.24 155.827 -56.8317 103.978 769.457
ENERGY:  275500         0.0000         0.0000         0.0000         0.0000          -5591.2334       378.3771         0.0000         0.0000       942.2964          -4270.5599       299.3593     -5212.8563     -4268.4421       297.1618             13.6409        31.7829     22681.3476        12.0329        11.9077

PRESSURE: 276000 160.793 -128.054 261.529 -506.253 152.065 880.491 430.939 507.592 1379.33
GPRESSURE: 276000 433.434 -78.875 283.635 -720.86 -22.7619 1008.67 337.463 457.729 1357.94
PRESSAVG: 276000 -236.712 127.088 -20.2473 132.241 -250.617 289.023 17.7243 429.903 1012.57
GPRESSAVG: 276000 -234.243 130.402 -24.6508 132.184 -250.584 285.766 16.2483 431.679 1009.63
ENERGY:  276000         0.0000         0.0000         0.0000         0.0000          -5662.7977       429.5007         0.0000         0.0000       952.3415          -4280.9555       302.5505     -5233.2970     -4278.7495       297.9720            564.0635       589.5374     22681.3476       175.0809       174.9337

LDB: ============= START OF LOAD BALANCING ============== 884.204
LDB: ============== END OF LOAD BALANCING =============== 884.205
Info: useSync: 0 useProxySync: 0
LDB: =============== DONE WITH MIGRATION ================ 884.206
LDB: ============= START OF LOAD BALANCING ============== 884.349
LDB: Largest compute 16 load 0.009082 is 14.9% of average load 0.060832
LDB: Average compute 0.002417 is 4.0% of average load 0.060832
LDB: TIME 884.35 LOAD: AVG 0.060832 MAX 0.136999  PROXIES: TOTAL 28 MAXPE 3 MAXPATCH 5 None MEM: 0.407069 MB
LDB: TIME 884.35 LOAD: AVG 0.060832 MAX 0.136999  PROXIES: TOTAL 32 MAXPE 4 MAXPATCH 6 RefineTorusLB MEM: 0.407069 MB
LDB: TIME 884.35 LOAD: AVG 0.060832 MAX 0.136999  PROXIES: TOTAL 32 MAXPE 4 MAXPATCH 6 RefineTorusLB MEM: 0.407069 MB
LDB: ============== END OF LOAD BALANCING =============== 884.35
Info: useSync: 0 useProxySync: 0
LDB: =============== DONE WITH MIGRATION ================ 884.35
PRESSURE: 276500 328.06 -315.319 -484.794 -612.734 240.369 -49.5798 -455.763 -476.946 897.372
GPRESSURE: 276500 336.325 -407.873 -681.675 -512.313 226.271 -154.311 -392.908 -349.508 978.095
PRESSAVG: 276500 -387.074 101.436 -8.38845 -52.8691 -274.019 228.683 150.767 332.765 1292.52
GPRESSAVG: 276500 -386.771 97.9199 -10.0332 -49.899 -273.427 231.033 152.637 331.872 1291.1
ENERGY:  276500         0.0000         0.0000         0.0000         0.0000          -5630.0135       414.2718         0.0000         0.0000       928.2684          -4287.4734       294.9027     -5215.7418     -4285.5966       295.7360            488.6005       513.5639     22681.3476       210.4768       210.3015

PRESSURE: 277000 78.6389 243.485 -105.487 -82.7808 -889.299 405.591 265.814 407.298 1056.34
GPRESSURE: 277000 221.245 480.84 -151.54 8.62927 -982.746 301.395 407.27 457.399 1058.13
PRESSAVG: 277000 -596.782 -65.1222 -300.894 -87.8225 -338.01 -2.9566 -92.2205 179.795 781.752
GPRESSAVG: 277000 -597.898 -64.4169 -298.944 -86.9737 -339.547 -1.50127 -95.4797 179.364 784.123
ENERGY:  277000         0.0000         0.0000         0.0000         0.0000          -5584.3447       378.7801         0.0000         0.0000       940.6837          -4264.8809       298.8469     -5205.5646     -4262.3587       297.2353             81.8926        98.8763     22681.3476       -51.0130       -51.1073

PRESSURE: 277500 900.656 -315.429 -470.256 -506.524 -1080.61 -283.083 -625.389 -121.909 696.75
GPRESSURE: 277500 788.605 -354.29 -373.726 -648.49 -944.944 -105.22 -667.13 -365.275 700.824
PRESSAVG: 277500 -417.589 -4.9145 -128.961 -31.8139 -470.669 -29.1776 -96.959 111.09 1024.68
GPRESSAVG: 277500 -415.796 -6.44265 -129.35 -29.6994 -472.07 -32.3694 -94.4539 109.044 1026.46
ENERGY:  277500         0.0000         0.0000         0.0000         0.0000          -5606.8664       388.7706         0.0000         0.0000       959.4376          -4258.6583       304.8049     -5218.0958     -4256.3009       302.6297            172.2645       181.4951     22681.3476        45.4727        46.1982

PRESSURE: 278000 -214.506 305.111 -289.193 424.894 -166.711 30.836 -261.295 300.274 858.397
GPRESSURE: 278000 -271.897 635.127 -489.974 99.4983 -103.746 -183.755 83.6772 201.154 919.501
PRESSAVG: 278000 183.48 45.9921 115.192 -112.283 -303.189 263.894 112.332 72.024 1411.32
GPRESSAVG: 278000 181.813 48.9489 116.332 -114.717 -301.585 267.63 114.778 73.0552 1411.86
ENERGY:  278000         0.0000         0.0000         0.0000         0.0000          -5575.4606       377.5111         0.0000         0.0000       931.4823          -4266.4672       295.9238     -5197.9495     -4264.0126       301.3276            159.0601       181.2861     22681.3476       430.5363       430.6950

LDB: ============= START OF LOAD BALANCING ============== 889.94
LDB: ============== END OF LOAD BALANCING =============== 889.94
Info: useSync: 0 useProxySync: 0
LDB: =============== DONE WITH MIGRATION ================ 889.941
LDB: ============= START OF LOAD BALANCING ============== 890.093
LDB: Largest compute 16 load 0.008587 is 14.1% of average load 0.060818
LDB: Average compute 0.002417 is 4.0% of average load 0.060818
LDB: TIME 890.094 LOAD: AVG 0.0608177 MAX 0.137717  PROXIES: TOTAL 28 MAXPE 3 MAXPATCH 5 None MEM: 0.407069 MB
LDB: TIME 890.094 LOAD: AVG 0.0608177 MAX 0.137717  PROXIES: TOTAL 32 MAXPE 4 MAXPATCH 6 RefineTorusLB MEM: 0.407069 MB
LDB: TIME 890.094 LOAD: AVG 0.0608177 MAX 0.137717  PROXIES: TOTAL 32 MAXPE 4 MAXPATCH 6 RefineTorusLB MEM: 0.407069 MB
LDB: Reverting to original mapping
LDB: ============== END OF LOAD BALANCING =============== 890.094
Info: useSync: 0 useProxySync: 0
LDB: =============== DONE WITH MIGRATION ================ 890.094
PRESSURE: 278500 124.694 -64.0228 -141.086 -38.2992 -315.747 1052.28 -351.122 596.788 920.8
GPRESSURE: 278500 28.7016 -157.211 9.43982 148.329 -135.05 1228.45 -449.77 465.612 938.594
PRESSAVG: 278500 -197.142 -109.371 19.7936 -110.422 -307.492 144.501 79.6567 384.286 1452.37
GPRESSAVG: 278500 -196.518 -112.421 20.3014 -109.632 -307.668 142.73 77.6723 385.782 1452.75
ENERGY:  278500         0.0000         0.0000         0.0000         0.0000          -5588.4439       404.6792         0.0000         0.0000       950.6299          -4233.1348       302.0068     -5183.7647     -4230.7237       301.1667            243.2492       277.4151     22681.3476       315.9105       316.1873

PRESSURE: 279000 -305.435 -6.66188 437.06 -402.341 -224.456 701.784 1100.57 1238.39 1921.59
GPRESSURE: 279000 -184.947 -90.8167 710.94 -362.641 -238.097 553.638 1107.19 1420.75 1892.01
PRESSAVG: 279000 -468.368 -90.5142 -42.8621 -128.884 -495.203 249.594 89.517 281.912 1184.8
GPRESSAVG: 279000 -469.652 -86.7673 -41.8534 -128.68 -494.626 247.221 89.661 285.587 1183.89
ENERGY:  279000         0.0000         0.0000         0.0000         0.0000          -5627.6263       399.9506         0.0000         0.0000       957.3297          -4270.3460       304.1353     -5227.6758     -4268.1966       300.4118            463.8984       489.6566     22681.3476        73.7429        73.2030

PRESSURE: 279500 157.767 -319.741 42.4427 105.532 -220.914 -224.555 -114.994 -215.372 1162.44
GPRESSURE: 279500 356.52 -186.438 115.091 118.508 -304.967 -301.588 -156.988 -369.177 1131.13
PRESSAVG: 279500 -140.055 -76.9814 74.1794 120.21 -121.002 165.051 345.748 458.986 1388.29
GPRESSAVG: 279500 -138.021 -76.4841 73.553 119.196 -124.885 167.612 344.073 456.054 1388.86
ENERGY:  279500         0.0000         0.0000         0.0000         0.0000          -5659.0996       426.5029         0.0000         0.0000       948.3071          -4284.2896       301.2688     -5232.5967     -4282.8862       300.4661            366.4299       394.2266     22681.3476       375.7455       375.3168

WRITING COORDINATES TO DCD FILE MD.dcd AT STEP 280000
WRITING COORDINATES TO RESTART FILE AT STEP 280000
FINISHED WRITING RESTART COORDINATES
WRITING VELOCITIES TO RESTART FILE AT STEP 280000
FINISHED WRITING RESTART VELOCITIES
PRESSURE: 280000 -454.012 -351.096 -657.411 -1029.78 -526.786 31.2637 -426.599 -50.1613 641.111
GPRESSURE: 280000 -421.067 -314.209 -575.081 -1110.88 -564.591 -13.4616 -490.068 134.662 706.624
PRESSAVG: 280000 36.937 172.797 -287.867 42.1008 -232.5 -174.744 -11.9893 -29.1423 975.397
GPRESSAVG: 280000 37.9128 171.837 -290.958 41.4652 -230.625 -178.417 -9.13398 -31.5774 973.427
TIMING: 280000  CPU: 870.787, 0.00289336/step  Wall: 883.859, 0.00291091/step, 0.0161717 hours remaining, 0.407069 MB of memory in use.
PERFORMANCE: 280000  averaging 54.7423 ns/day, 0.00315661 sec/step with standard deviation 0.000994014
ETITLE:      TS           BOND          ANGLE          DIHED          IMPRP               ELECT            VDW       BOUNDARY           MISC        KINETIC               TOTAL           TEMP      POTENTIAL         TOTAL3        TEMPAVG            PRESSURE      GPRESSURE         VOLUME       PRESSAVG      GPRESSAVG

ENERGY:  280000         0.0000         0.0000         0.0000         0.0000          -5658.8546       407.6623         0.0000         0.0000       928.8453          -4322.3471       295.0860     -5251.1923     -4319.1451       298.7364           -113.2290       -93.0111     22681.3476       259.9447       260.2383

WRITING EXTENDED SYSTEM TO RESTART FILE AT STEP 280000
LDB: ============= START OF LOAD BALANCING ============== 895.798
LDB: ============== END OF LOAD BALANCING =============== 895.798
Info: useSync: 0 useProxySync: 0
LDB: =============== DONE WITH MIGRATION ================ 895.798
LDB: ============= START OF LOAD BALANCING ============== 895.941
LDB: Largest compute 16 load 0.008632 is 14.3% of average load 0.060430
LDB: Average compute 0.002404 is 4.0% of average load 0.060430
LDB: TIME 895.941 LOAD: AVG 0.0604296 MAX 0.136916  PROXIES: TOTAL 28 MAXPE 3 MAXPATCH 5 None MEM: 0.407069 MB
LDB: TIME 895.941 LOAD: AVG 0.0604296 MAX 0.136916  PROXIES: TOTAL 32 MAXPE 4 MAXPATCH 6 RefineTorusLB MEM: 0.407069 MB
LDB: TIME 895.941 LOAD: AVG 0.0604296 MAX 0.136916  PROXIES: TOTAL 32 MAXPE 4 MAXPATCH 6 RefineTorusLB MEM: 0.407069 MB
LDB: Reverting to original mapping
LDB: ============== END OF LOAD BALANCING =============== 895.941
Info: useSync: 0 useProxySync: 0
LDB: =============== DONE WITH MIGRATION ================ 895.941
PRESSURE: 280500 -112.919 54.6037 -457.585 216.678 -976.562 -423.015 -148.333 119.402 274.779
GPRESSURE: 280500 -177.168 74.0004 -615.302 51.7281 -979.883 -502.629 -83.1659 270.353 414.111
PRESSAVG: 280500 -503.398 129.278 -76.9347 136.371 -360.314 -309.672 186.805 57.3343 1203.59
GPRESSAVG: 280500 -503.976 131.733 -76.8571 137.366 -359.797 -309.503 184.658 54.6844 1204.11
ENERGY:  280500         0.0000         0.0000         0.0000         0.0000          -5553.9493       361.9920         0.0000         0.0000       903.3814          -4288.5760       286.9963     -5191.9573     -4286.3362       296.4239           -271.5671      -247.6464     22681.3476       113.2940       113.4460

PRESSURE: 281000 -709.953 158.908 83.7613 -55.3987 -1420.86 546.007 -73.1098 650.265 805.144
GPRESSURE: 281000 -644.471 168.128 405.153 -12.965 -1399.08 465.256 -220.816 190.164 787.958
PRESSAVG: 281000 -413.054 -81.7143 102.417 -32.9314 -310.461 -169.545 152.71 117.063 1289.76
GPRESSAVG: 281000 -412.643 -85.7389 105.723 -29.9392 -310.391 -171 153.297 120.382 1290.99
ENERGY:  281000         0.0000         0.0000         0.0000         0.0000          -5536.3158       343.9373         0.0000         0.0000       911.8013          -4280.5773       289.6713     -5192.3785     -4278.2975       299.1841           -441.8880      -418.5315     22681.3476       188.7477       189.3200

PRESSURE: 281500 -621.961 -101.356 -45.591 254.715 -631.42 -159.531 440.085 -7.11301 805.343
GPRESSURE: 281500 -804.178 -16.9756 -183.316 532.313 -564.401 -319.92 674.857 -48.3916 969.887
PRESSAVG: 281500 -549.146 -230.326 16.6346 -264.01 -600.453 -112.703 235.133 163.132 1077.15
GPRESSAVG: 281500 -549.782 -233.852 15.0883 -265.136 -601.607 -110.417 236.059 164.702 1079.48
ENERGY:  281500         0.0000         0.0000         0.0000         0.0000          -5595.0066       372.5769         0.0000         0.0000       933.1274          -4289.3023       296.4464     -5222.4297     -4287.6384       293.0722           -149.3460      -132.8973     22681.3476       -24.1482       -23.9709

PRESSURE: 282000 117.625 281.42 73.7514 620.871 530.508 283.041 -448.088 -377.505 1905.95
GPRESSURE: 282000 147.027 237.038 152.734 783.386 618.12 -99.7339 -518.073 -109.079 1867.87
PRESSAVG: 282000 -351.705 -159.595 -43.9925 -158.519 -461.386 2.75313 -166.783 -22.9097 896.212
GPRESSAVG: 282000 -350.589 -156.839 -43.9177 -155.725 -463.885 0.59214 -168.905 -20.9915 897.199
ENERGY:  282000         0.0000         0.0000         0.0000         0.0000          -5655.1218       440.7782         0.0000         0.0000       921.9392          -4292.4044       292.8920     -5214.3436     -4289.8701       297.0445            851.3601       877.6739     22681.3476        27.7073        27.5748

LDB: ============= START OF LOAD BALANCING ============== 902.38
LDB: ============== END OF LOAD BALANCING =============== 902.38
Info: useSync: 0 useProxySync: 0
LDB: =============== DONE WITH MIGRATION ================ 902.38
LDB: ============= START OF LOAD BALANCING ============== 902.522
LDB: Largest compute 17 load 0.008519 is 14.3% of average load 0.059662
LDB: Average compute 0.002357 is 4.0% of average load 0.059662
LDB: TIME 902.522 LOAD: AVG 0.0596616 MAX 0.13559  PROXIES: TOTAL 28 MAXPE 3 MAXPATCH 5 None MEM: 0.407069 MB
LDB: TIME 902.522 LOAD: AVG 0.0596616 MAX 0.13559  PROXIES: TOTAL 32 MAXPE 4 MAXPATCH 6 RefineTorusLB MEM: 0.407069 MB
LDB: TIME 902.522 LOAD: AVG 0.0596616 MAX 0.13559  PROXIES: TOTAL 32 MAXPE 4 MAXPATCH 6 RefineTorusLB MEM: 0.407069 MB
LDB: ============== END OF LOAD BALANCING =============== 902.523
Info: useSync: 0 useProxySync: 0
LDB: =============== DONE WITH MIGRATION ================ 902.523
PRESSURE: 282500 235.349 -123.919 -89.8673 -0.0862603 869.825 912.029 -101.825 820.731 1576.67
GPRESSURE: 282500 137.793 -68.9333 -42.4525 -17.9107 856.313 1110.48 59.5084 458.871 1720.58
PRESSAVG: 282500 -188.889 27.9523 109.222 -68.6479 -237.377 31.4444 86.4263 48.6841 1177.94
GPRESSAVG: 282500 -190.181 28.5685 106.686 -68.4779 -232.814 30.6769 92.4914 47.1458 1174.4
ENERGY:  282500         0.0000         0.0000         0.0000         0.0000          -5692.7915       452.5855         0.0000         0.0000       933.2983          -4306.9077       296.5007     -5240.2060     -4304.6371       295.4547            893.9490       904.8963     22681.3476       250.5567       250.4679

PRESSURE: 283000 -153.622 -12.0573 -179.637 -268.497 261.925 -13.782 -547.169 513.347 3232.07
GPRESSURE: 283000 -80.6031 -264.257 -266.43 -221.739 415.759 47.7269 -506.547 406.983 3067.71
PRESSAVG: 283000 -113.043 -62.0507 44.7263 -185.369 -1.04102 39.218 -129.603 256.497 1524.37
GPRESSAVG: 283000 -112.88 -57.9937 45.711 -188.386 -1.67364 36.8547 -135.499 256.346 1523.75
ENERGY:  283000         0.0000         0.0000         0.0000         0.0000          -5669.9938       456.9217         0.0000         0.0000       918.1187          -4294.9534       291.6782     -5213.0721     -4292.4298       299.1026           1113.4585      1134.2897     22681.3476       470.0954       469.7335

PRESSURE: 283500 -692.578 -628.983 86.0193 -338.145 -282.895 -452.571 -31.3654 -569.244 643.418
GPRESSURE: 283500 -660.738 -388.878 -45.258 -410.57 -397.886 -333.197 61.3086 -560.788 824.425
PRESSAVG: 283500 -207.365 -145.915 -74.1487 -127.298 -240.983 83.0294 -300.09 85.0554 1016.38
GPRESSAVG: 283500 -208.497 -145.579 -73.2225 -129.078 -240.407 85.0812 -303.1 86.9693 1018.15
ENERGY:  283500         0.0000         0.0000         0.0000         0.0000          -5587.3089       382.2402         0.0000         0.0000       914.4874          -4290.5813       290.5246     -5205.0687     -4287.8275       295.6760           -110.6847       -78.0662     22681.3476       189.3436       189.7497

PRESSURE: 284000 2.08271 106.851 179.019 -37.2631 -1846.95 417.084 -120.344 533.849 552.76
GPRESSURE: 284000 -62.9849 16.5848 259.135 55.0349 -1717.37 531.233 3.69817 546.132 615.24
PRESSAVG: 284000 -582.017 -62.7073 50.2979 -19.5261 -502.103 71.8707 -47.5577 109.001 1292.52
GPRESSAVG: 284000 -582.258 -64.3778 50.5462 -16.3773 -501.977 73.767 -41.5718 106.797 1292.84
ENERGY:  284000         0.0000         0.0000         0.0000         0.0000          -5617.0863       363.3305         0.0000         0.0000       939.3080          -4314.4478       298.4099     -5253.7558     -4312.2387       294.5966           -430.7023      -388.3718     22681.3476        69.4669        69.5354

LDB: ============= START OF LOAD BALANCING ============== 908.049
LDB: ============== END OF LOAD BALANCING =============== 908.05
Info: useSync: 0 useProxySync: 0
LDB: =============== DONE WITH MIGRATION ================ 908.05
LDB: ============= START OF LOAD BALANCING ============== 908.191
LDB: Largest compute 215 load 0.007956 is 13.3% of average load 0.059818
LDB: Average compute 0.002366 is 4.0% of average load 0.059818
LDB: TIME 908.191 LOAD: AVG 0.059818 MAX 0.135412  PROXIES: TOTAL 28 MAXPE 3 MAXPATCH 5 None MEM: 0.407069 MB
LDB: TIME 908.191 LOAD: AVG 0.059818 MAX 0.135412  PROXIES: TOTAL 32 MAXPE 4 MAXPATCH 6 RefineTorusLB MEM: 0.407069 MB
LDB: TIME 908.191 LOAD: AVG 0.059818 MAX 0.135412  PROXIES: TOTAL 32 MAXPE 4 MAXPATCH 6 RefineTorusLB MEM: 0.407069 MB
LDB: Reverting to original mapping
LDB: ============== END OF LOAD BALANCING =============== 908.191
Info: useSync: 0 useProxySync: 0
LDB: =============== DONE WITH MIGRATION ================ 908.192
PRESSURE: 284500 -610.963 363.252 -607.767 290.088 -431.597 -733.415 -192.289 -278.635 1223.38
GPRESSURE: 284500 -718.606 301.29 -717.105 232.199 -340.056 -935.026 -111.212 -306.573 1334.36
PRESSAVG: 284500 -228.341 -48.7554 31.9434 0.145502 -436.947 33.7999 23.303 20.0602 1064.84
GPRESSAVG: 284500 -227.978 -51.358 29.0643 1.60249 -435.746 30.5122 25.7454 21.6007 1063.24
ENERGY:  284500         0.0000         0.0000         0.0000         0.0000          -5630.7637       410.2134         0.0000         0.0000       924.3188          -4296.2315       293.6480     -5220.5503     -4293.8460       293.6052             60.2718        91.9005     22681.3476       133.1836       133.1715

WRITING COORDINATES TO DCD FILE MD.dcd AT STEP 285000
WRITING COORDINATES TO RESTART FILE AT STEP 285000
FINISHED WRITING RESTART COORDINATES
WRITING VELOCITIES TO RESTART FILE AT STEP 285000
FINISHED WRITING RESTART VELOCITIES
PRESSURE: 285000 -302.658 -411.818 -52.9104 -210.06 -977.843 207.828 342.601 781.742 453.275
GPRESSURE: 285000 -139.085 -484.43 -216.291 -117.213 -989.344 76.6782 359.05 766.225 371.618
PRESSAVG: 285000 -533.726 -8.58961 0.736405 103.92 -594.563 -119.607 249.178 233.253 742.941
GPRESSAVG: 285000 -533.547 -6.74486 4.32275 97.2747 -595.711 -119.89 245.985 234.007 742.491
TIMING: 285000  CPU: 885.721, 0.00298688/step  Wall: 898.983, 0.00302471/step, 0.012603 hours remaining, 0.407069 MB of memory in use.
PERFORMANCE: 285000  averaging 54.7824 ns/day, 0.0031543 sec/step with standard deviation 0.000985254
ETITLE:      TS           BOND          ANGLE          DIHED          IMPRP               ELECT            VDW       BOUNDARY           MISC        KINETIC               TOTAL           TEMP      POTENTIAL         TOTAL3        TEMPAVG            PRESSURE      GPRESSURE         VOLUME       PRESSAVG      GPRESSAVG

ENERGY:  285000         0.0000         0.0000         0.0000         0.0000          -5566.5160       348.0057         0.0000         0.0000       905.9259          -4312.5843       287.8047     -5218.5103     -4309.3098       292.6155           -275.7418      -252.2705     22681.3476      -128.4492      -128.9222

WRITING EXTENDED SYSTEM TO RESTART FILE AT STEP 285000
PRESSURE: 285500 -478.303 -453.647 -45.3192 -250.797 -449.231 -614.2 -54.3236 -515.811 1422.24
GPRESSURE: 285500 -410.12 -573.819 75.7675 -548.944 -586.93 -509.796 -120.143 -328.666 1563.5
PRESSAVG: 285500 -696.675 -39.3174 -33.431 -16.3384 -386.338 -41.4877 -36.7145 98.3877 849.37
GPRESSAVG: 285500 -697.24 -41.3635 -34.4118 -15.3496 -385.783 -41.4259 -38.558 96.312 849.245
ENERGY:  285500         0.0000         0.0000         0.0000         0.0000          -5608.2388       392.0147         0.0000         0.0000       914.2890          -4301.9351       290.4616     -5216.2241     -4299.2489       294.9902            164.9007       188.8184     22681.3476       -77.8813       -77.9258

PRESSURE: 286000 347.356 620.406 232.746 725.532 -182.644 -279.903 -320.072 -473.882 1215.4
GPRESSURE: 286000 409.432 438.171 51.6284 959.03 -121.199 11.7153 -261.128 -509.144 1137.72
PRESSAVG: 286000 -489.377 24.0079 164.006 65.0393 -517.188 -97.3238 159.026 98.0326 719.35
GPRESSAVG: 286000 -490.497 25.6864 165.548 64.1134 -513.86 -96.1688 158.692 99.8403 717.037
ENERGY:  286000         0.0000         0.0000         0.0000         0.0000          -5651.3552       411.3281         0.0000         0.0000       954.1885          -4285.8386       303.1373     -5240.0271     -4283.3638       298.5755            460.0364       475.3191     22681.3476       -95.7387       -95.7734

LDB: ============= START OF LOAD BALANCING ============== 913.792
LDB: ============== END OF LOAD BALANCING =============== 913.792
Info: useSync: 0 useProxySync: 0
LDB: =============== DONE WITH MIGRATION ================ 913.793
LDB: ============= START OF LOAD BALANCING ============== 913.935
LDB: Largest compute 13 load 0.008603 is 14.4% of average load 0.059939
LDB: Average compute 0.002377 is 4.0% of average load 0.059939
LDB: TIME 913.935 LOAD: AVG 0.0599394 MAX 0.135627  PROXIES: TOTAL 28 MAXPE 3 MAXPATCH 5 None MEM: 0.407069 MB
LDB: TIME 913.935 LOAD: AVG 0.0599394 MAX 0.135627  PROXIES: TOTAL 32 MAXPE 4 MAXPATCH 6 RefineTorusLB MEM: 0.407069 MB
LDB: TIME 913.935 LOAD: AVG 0.0599394 MAX 0.135627  PROXIES: TOTAL 32 MAXPE 4 MAXPATCH 6 RefineTorusLB MEM: 0.407069 MB
LDB: Reverting to original mapping
LDB: ============== END OF LOAD BALANCING =============== 913.935
Info: useSync: 0 useProxySync: 0
LDB: =============== DONE WITH MIGRATION ================ 913.935
PRESSURE: 286500 377.221 -345.462 -10.1847 -417.11 -491.074 -508.574 -263.146 -360.602 1528.12
GPRESSURE: 286500 246.684 -47.0987 -1.05186 -491.813 -302.816 -269.463 -72.8305 -473.227 1542.07
PRESSAVG: 286500 -220.879 110.588 -22.7788 35.693 -349.552 -195.149 -191.475 98.6977 1234.72
GPRESSAVG: 286500 -221.296 113.384 -24.2814 34.127 -353.031 -197.29 -187.08 101.001 1237.43
ENERGY:  286500         0.0000         0.0000         0.0000         0.0000          -5643.3178       417.2145         0.0000         0.0000       928.4579          -4297.6453       294.9629     -5226.1032     -4294.7342       298.1100            471.4217       495.3122     22681.3476       221.4280       221.0355

PRESSURE: 287000 -319.215 -443.041 111.273 -1197.92 -762.232 -148.179 69.0419 -551.346 -438.029
GPRESSURE: 287000 -225.573 -363.229 396.693 -1134.24 -680.9 -35.5129 45.8497 -654.131 -536.967
PRESSAVG: 287000 -656.944 40.7159 -4.74451 44.8523 -712.618 -25.3727 48.156 263.622 846.288
GPRESSAVG: 287000 -654.879 39.9918 -3.38697 49.5801 -714.469 -23.5873 45.5434 261.47 846.101
ENERGY:  287000         0.0000         0.0000         0.0000         0.0000          -5576.4145       349.9996         0.0000         0.0000       942.3692          -4284.0458       299.3824     -5226.4150     -4281.6108       295.6088           -506.4921      -481.1464     22681.3476      -174.4248      -174.4157

PRESSURE: 287500 -422.711 146.247 774.13 372.025 792.477 -252.399 661.057 -81.1198 1876.94
GPRESSURE: 287500 -497.266 58.447 379.294 264.692 883.827 -329.369 839.445 -303.142 1908.12
PRESSAVG: 287500 -211.509 -4.4261 -159.589 33.7528 219.04 -108.947 -41.2096 -92.7626 1252.89
GPRESSAVG: 287500 -211.761 -7.03202 -161.22 30.1858 221.311 -110.909 -39.8093 -95.9216 1251.34
ENERGY:  287500         0.0000         0.0000         0.0000         0.0000          -5622.1487       422.6714         0.0000         0.0000       931.5285          -4267.9488       295.9384     -5199.4772     -4266.2310       301.3424            748.9012       764.8924     22681.3476       420.1396       420.2958

PRESSURE: 288000 -699.657 -83.6594 388.177 -799.567 -1029.36 -472.955 -704.712 -459.589 630.185
GPRESSURE: 288000 -673.463 -335.653 109.539 -678.577 -925.399 -447 -174.455 -180.533 524.932
PRESSAVG: 288000 -175.575 47.2794 234.426 -40.6478 -136.25 129.807 330.323 151.993 889.786
GPRESSAVG: 288000 -174.264 45.1052 234.858 -38.5473 -138.467 131.744 329.332 156.476 888.755
ENERGY:  288000         0.0000         0.0000         0.0000         0.0000          -5571.2126       360.4925         0.0000         0.0000       941.9207          -4268.7994       299.2399     -5210.7201     -4267.1527       299.4070           -366.2779      -357.9767     22681.3476       192.6537       192.0081

LDB: ============= START OF LOAD BALANCING ============== 919.537
LDB: ============== END OF LOAD BALANCING =============== 919.537
Info: useSync: 0 useProxySync: 0
LDB: =============== DONE WITH MIGRATION ================ 919.537
LDB: ============= START OF LOAD BALANCING ============== 919.68
LDB: Largest compute 224 load 0.008587 is 14.0% of average load 0.061190
LDB: Average compute 0.002432 is 4.0% of average load 0.061190
LDB: TIME 919.68 LOAD: AVG 0.0611897 MAX 0.136317  PROXIES: TOTAL 28 MAXPE 3 MAXPATCH 5 None MEM: 0.407069 MB
LDB: TIME 919.68 LOAD: AVG 0.0611897 MAX 0.136317  PROXIES: TOTAL 32 MAXPE 4 MAXPATCH 6 RefineTorusLB MEM: 0.407069 MB
LDB: TIME 919.68 LOAD: AVG 0.0611897 MAX 0.136317  PROXIES: TOTAL 32 MAXPE 4 MAXPATCH 6 RefineTorusLB MEM: 0.407069 MB
LDB: ============== END OF LOAD BALANCING =============== 919.68
Info: useSync: 0 useProxySync: 0
LDB: =============== DONE WITH MIGRATION ================ 919.68
PRESSURE: 288500 -623.851 -662.318 186.189 -494.131 172.626 654.66 574.797 772.277 1096.61
GPRESSURE: 288500 -603.418 -821.13 93.3025 -233.011 272.044 686.749 506.615 521.271 1026.52
PRESSAVG: 288500 -168.529 69.8833 168.05 -115.941 -425.747 -130.499 146.963 78.3297 968.085
GPRESSAVG: 288500 -170.382 65.4939 168.605 -112.944 -425.384 -129.851 145.957 76.1727 970.146
ENERGY:  288500         0.0000         0.0000         0.0000         0.0000          -5628.1686       413.4403         0.0000         0.0000       955.6002          -4259.1281       303.5858     -5214.7283     -4256.8605       299.3894            215.1292       231.7168     22681.3476       124.6028       124.7931

PRESSURE: 289000 -499.273 210.865 -375.301 440.6 -767.799 243.737 -406.766 115.504 1894.95
GPRESSURE: 289000 -433.111 291.177 -257.169 551.266 -918.292 367.562 -666.125 122.094 2072.76
PRESSAVG: 289000 -487.385 127.507 -6.91254 81.943 -452.512 1.95755 -73.9259 111.829 1159.81
GPRESSAVG: 289000 -487.137 133.457 -6.48636 76.9048 -452.272 -2.2663 -72.1645 115.32 1159.18
ENERGY:  289000         0.0000         0.0000         0.0000         0.0000          -5538.2365       375.4830         0.0000         0.0000       911.9040          -4250.8496       289.7039     -5162.7535     -4249.4193       297.5290            209.2937       240.4530     22681.3476        73.3041        73.2582

PRESSURE: 289500 553.914 -7.18615 121.317 56.5036 -1319.06 -62.0587 291.17 119.193 265.219
GPRESSURE: 289500 351.383 -117.164 234.568 78.4127 -1157.52 -296.941 441.447 231.942 309.426
PRESSAVG: 289500 -466.333 -90.8758 58.4799 -110.218 -525.24 120.225 -6.75797 72.5779 835.474
GPRESSAVG: 289500 -465.765 -89.591 59.331 -109.764 -525.683 122.533 -7.66941 68.8535 835.382
ENERGY:  289500         0.0000         0.0000         0.0000         0.0000          -5563.5480       374.2679         0.0000         0.0000       964.6124          -4224.6677       306.4489     -5189.2801     -4222.9594       302.0267           -166.6437      -165.5690     22681.3476       -52.0332       -52.0221

WRITING COORDINATES TO DCD FILE MD.dcd AT STEP 290000
WRITING COORDINATES TO RESTART FILE AT STEP 290000
FINISHED WRITING RESTART COORDINATES
WRITING VELOCITIES TO RESTART FILE AT STEP 290000
FINISHED WRITING RESTART VELOCITIES
PRESSURE: 290000 30.949 -447.912 6.06787 -185.043 241.642 -456.264 246.816 -454.954 1849.04
GPRESSURE: 290000 105.225 -319.494 192.74 -348.424 477.782 -115.516 205.298 -692.571 1625.78
PRESSAVG: 290000 -188.823 -165.837 92.2826 -110.092 -252.99 244.539 45.1596 202.01 1944.08
GPRESSAVG: 290000 -189.29 -166.056 91.0615 -110.218 -252.45 244.367 44.9969 207.444 1944.25
TIMING: 290000  CPU: 900.092, 0.00287408/step  Wall: 913.539, 0.00291126/step, 0.00808683 hours remaining, 0.407069 MB of memory in use.
PERFORMANCE: 290000  averaging 54.8553 ns/day, 0.00315011 sec/step with standard deviation 0.000977094
ETITLE:      TS           BOND          ANGLE          DIHED          IMPRP               ELECT            VDW       BOUNDARY           MISC        KINETIC               TOTAL           TEMP      POTENTIAL         TOTAL3        TEMPAVG            PRESSURE      GPRESSURE         VOLUME       PRESSAVG      GPRESSAVG

ENERGY:  290000         0.0000         0.0000         0.0000         0.0000          -5522.0092       395.0473         0.0000         0.0000       924.2019          -4202.7600       293.6108     -5126.9619     -4199.2728       305.9814            707.2092       736.2637     22681.3476       500.7554       500.8376

WRITING EXTENDED SYSTEM TO RESTART FILE AT STEP 290000
LDB: ============= START OF LOAD BALANCING ============== 925.459
LDB: ============== END OF LOAD BALANCING =============== 925.459
Info: useSync: 0 useProxySync: 0
LDB: =============== DONE WITH MIGRATION ================ 925.459
LDB: ============= START OF LOAD BALANCING ============== 925.601
LDB: Largest compute 16 load 0.008419 is 14.0% of average load 0.060328
LDB: Average compute 0.002404 is 4.0% of average load 0.060328
LDB: TIME 925.601 LOAD: AVG 0.0603276 MAX 0.134691  PROXIES: TOTAL 28 MAXPE 3 MAXPATCH 5 None MEM: 0.407069 MB
LDB: TIME 925.601 LOAD: AVG 0.0603276 MAX 0.134691  PROXIES: TOTAL 32 MAXPE 4 MAXPATCH 6 RefineTorusLB MEM: 0.407069 MB
LDB: TIME 925.601 LOAD: AVG 0.0603276 MAX 0.134691  PROXIES: TOTAL 32 MAXPE 4 MAXPATCH 6 RefineTorusLB MEM: 0.407069 MB
LDB: ============== END OF LOAD BALANCING =============== 925.601
Info: useSync: 0 useProxySync: 0
LDB: =============== DONE WITH MIGRATION ================ 925.601
PRESSURE: 290500 -1461.93 -435.395 300.572 -730.162 -661.669 -213.222 429.793 244.043 716.855
GPRESSURE: 290500 -1365.8 -546.57 403.399 -750.513 -654.771 -20.7352 125.933 190.725 651.028
PRESSAVG: 290500 -172.118 11.7945 -212.467 -38.703 -348.655 -160.644 -86.3734 -43.1302 1421.39
GPRESSAVG: 290500 -170.773 10.0886 -215.28 -40.0733 -348.412 -160.439 -82.5969 -47.2991 1419.53
ENERGY:  290500         0.0000         0.0000         0.0000         0.0000          -5542.3521       353.7228         0.0000         0.0000       947.9333          -4240.6960       301.1501     -5188.6293     -4238.3784       306.9542           -468.9150      -456.5156     22681.3476       300.2053       300.1137

PRESSURE: 291000 -69.7725 -105.329 -415.91 15.3749 -587.112 183.475 -768.655 720.172 1321.52
GPRESSURE: 291000 -136.404 -452.768 -145.193 506.958 -469.976 312.937 -600.225 526.023 1324.5
PRESSAVG: 291000 -504.088 100.951 -26.4532 53.1025 -614.276 -92.8263 142.972 0.361756 838.908
GPRESSAVG: 291000 -506.358 101.179 -22.6536 53.8671 -614.668 -89.2319 138.536 -2.35227 840.392
ENERGY:  291000         0.0000         0.0000         0.0000         0.0000          -5616.0407       394.5819         0.0000         0.0000       919.6716          -4301.7873       292.1716     -5221.4588     -4299.7738       298.0753            221.5453       239.3749     22681.3476       -93.1518       -93.5449

PRESSURE: 291500 284.525 140.989 -112.086 27.886 -1481.64 -350.603 106.279 -151.314 772.234
GPRESSURE: 291500 336.607 326.46 -358.969 -49.8213 -1276.97 -271.361 396.775 -231.443 628.678
PRESSAVG: 291500 -440.069 -132.951 45.7613 -119.132 -385.951 109.474 63.8084 431.535 999.673
GPRESSAVG: 291500 -440.85 -131.316 39.4834 -119.745 -386.912 107.258 68.2953 431.659 1000.22
ENERGY:  291500         0.0000         0.0000         0.0000         0.0000          -5608.2001       377.6178         0.0000         0.0000       928.4849          -4302.0974       294.9715     -5230.5823     -4299.6575       295.1587           -141.6278      -103.8937     22681.3476        57.8840        57.4856

PRESSURE: 292000 118.463 -321.63 12.5035 -512.926 -74.3586 190.076 69.0386 622.635 1627.27
GPRESSURE: 292000 104.659 -105.788 -110.747 -740.453 132.007 -75.7371 323.986 629.383 1506.96
PRESSAVG: 292000 -90.7252 -12.9524 -125.083 -61.0626 -353.03 -81.3052 -172.563 84.1237 1360.62
GPRESSAVG: 292000 -90.2818 -13.4878 -121.16 -61.3071 -351.879 -81.3235 -174.258 84.2237 1358.01
ENERGY:  292000         0.0000         0.0000         0.0000         0.0000          -5632.5711       421.5646         0.0000         0.0000       914.4426          -4296.5639       290.5104     -5211.0065     -4294.5406       295.8878            557.1245       581.2082     22681.3476       305.6229       305.2848

LDB: ============= START OF LOAD BALANCING ============== 931.123
LDB: ============== END OF LOAD BALANCING =============== 931.123
Info: useSync: 0 useProxySync: 0
LDB: =============== DONE WITH MIGRATION ================ 931.124
LDB: ============= START OF LOAD BALANCING ============== 931.264
LDB: Largest compute 16 load 0.009929 is 16.6% of average load 0.059893
LDB: Average compute 0.002391 is 4.0% of average load 0.059893
LDB: TIME 931.264 LOAD: AVG 0.0598932 MAX 0.133905  PROXIES: TOTAL 28 MAXPE 3 MAXPATCH 5 None MEM: 0.407069 MB
LDB: TIME 931.264 LOAD: AVG 0.0598932 MAX 0.133905  PROXIES: TOTAL 32 MAXPE 4 MAXPATCH 6 RefineTorusLB MEM: 0.407069 MB
LDB: TIME 931.264 LOAD: AVG 0.0598932 MAX 0.133905  PROXIES: TOTAL 32 MAXPE 4 MAXPATCH 6 RefineTorusLB MEM: 0.407069 MB
LDB: Reverting to original mapping
LDB: ============== END OF LOAD BALANCING =============== 931.264
Info: useSync: 0 useProxySync: 0
LDB: =============== DONE WITH MIGRATION ================ 931.265
PRESSURE: 292500 -357.917 -68.294 -34.6284 136.598 -356.503 -108.46 -95.4855 -79.8728 667.632
GPRESSURE: 292500 -570.911 228.028 16.601 -150.74 -156.888 2.30298 95.4692 -149.326 760.98
PRESSAVG: 292500 -240.256 8.06303 213.797 2.8437 -70.9887 -37.4715 -50.8639 -31.6876 1130.94
GPRESSAVG: 292500 -239.559 7.7568 215.085 2.65317 -72.3787 -38.021 -48.9704 -29.2584 1131.71
ENERGY:  292500         0.0000         0.0000         0.0000         0.0000          -5640.9508       396.3223         0.0000         0.0000       939.2632          -4305.3653       298.3957     -5244.6285     -4302.7423       292.7900            -15.5960        11.0603     22681.3476       273.2313       273.2584

PRESSURE: 293000 155.997 -384.692 132.738 -349.567 77.5511 443.032 113.354 170.624 1781.25
GPRESSURE: 293000 98.8095 -296.881 319.992 -514.351 365.424 502.306 -6.17673 168.788 1592.22
PRESSAVG: 293000 -258.076 -67.1135 -48.0774 3.70453 -405.8 129.692 10.0738 310.902 1013.02
GPRESSAVG: 293000 -259.527 -68.6484 -50.2706 5.69085 -407.93 129.502 7.56711 311.374 1015.46
ENERGY:  293000         0.0000         0.0000         0.0000         0.0000          -5622.5980       414.2553         0.0000         0.0000       970.1218          -4238.2209       308.1992     -5208.3427     -4235.8385       298.5074            671.5990       685.4851     22681.3476       116.3811       116.0005

PRESSURE: 293500 535.393 -52.744 -162.126 -27.9177 -554.33 -34.4202 29.5618 147.239 2301.86
GPRESSURE: 293500 422.624 292.748 259.697 -52.7044 -358.698 -49.4469 -285.012 166.086 2275.16
PRESSAVG: 293500 6.65117 -135.317 -65.8574 -87.0803 22.0854 76.8565 -224.282 87.5156 1847.59
GPRESSAVG: 293500 6.28539 -132.23 -62.0202 -86.9624 23.9903 75.0954 -224.421 88.5679 1845.99
ENERGY:  293500         0.0000         0.0000         0.0000         0.0000          -5589.6349       423.5630         0.0000         0.0000       951.2520          -4214.8199       302.2044     -5166.0719     -4212.8795       303.3596            760.9735       779.6939     22681.3476       625.4427       625.4216

PRESSURE: 294000 234.747 -120.166 -153.603 51.8472 -429.714 -193.466 -557.568 36.3496 856.229
GPRESSURE: 294000 294.853 -154.025 -141.914 35.782 -542.003 -298.808 -490.896 -196.998 996.945
PRESSAVG: 294000 -494.571 -48.2921 365.227 -23.9077 -335.44 102.743 303.26 195.568 854.238
GPRESSAVG: 294000 -494.843 -47.1335 361.2 -25.8783 -335.002 104.283 300.717 193.664 853.849
ENERGY:  294000         0.0000         0.0000         0.0000         0.0000          -5503.9643       367.6804         0.0000         0.0000       931.0930          -4205.1910       295.8001     -5136.2840     -4202.0067       307.2881            220.4208       249.9316     22681.3476         8.0757         8.0012

LDB: ============= START OF LOAD BALANCING ============== 936.772
LDB: ============== END OF LOAD BALANCING =============== 936.772
Info: useSync: 0 useProxySync: 0
LDB: =============== DONE WITH MIGRATION ================ 936.772
LDB: ============= START OF LOAD BALANCING ============== 936.912
LDB: Largest compute 16 load 0.007980 is 13.3% of average load 0.059866
LDB: Average compute 0.002391 is 4.0% of average load 0.059866
LDB: TIME 936.912 LOAD: AVG 0.059866 MAX 0.133984  PROXIES: TOTAL 28 MAXPE 3 MAXPATCH 5 None MEM: 0.407069 MB
LDB: TIME 936.913 LOAD: AVG 0.059866 MAX 0.133984  PROXIES: TOTAL 32 MAXPE 4 MAXPATCH 6 RefineTorusLB MEM: 0.407069 MB
LDB: TIME 936.913 LOAD: AVG 0.059866 MAX 0.133984  PROXIES: TOTAL 32 MAXPE 4 MAXPATCH 6 RefineTorusLB MEM: 0.407069 MB
LDB: Reverting to original mapping
LDB: ============== END OF LOAD BALANCING =============== 936.913
Info: useSync: 0 useProxySync: 0
LDB: =============== DONE WITH MIGRATION ================ 936.913
PRESSURE: 294500 -1635.27 -262.89 358.937 -125.963 470.012 106.032 -225.778 167.556 -170.143
GPRESSURE: 294500 -1590.41 -253.777 561.689 139.303 393.429 81.1798 -461.764 280.861 -84.9894
PRESSAVG: 294500 -260.418 -32.5202 172.558 -25.8021 -91.4037 -133.273 364.075 219.997 967.509
GPRESSAVG: 294500 -259.163 -34.6558 174.65 -25.871 -92.3776 -132.823 363.719 220.171 967.745
ENERGY:  294500         0.0000         0.0000         0.0000         0.0000          -5538.0307       357.3998         0.0000         0.0000       942.3839          -4238.2470       299.3871     -5180.6309     -4235.1556       301.0636           -445.1333      -427.3241     22681.3476       205.2292       205.4015

WRITING COORDINATES TO DCD FILE MD.dcd AT STEP 295000
WRITING COORDINATES TO RESTART FILE AT STEP 295000
FINISHED WRITING RESTART COORDINATES
WRITING VELOCITIES TO RESTART FILE AT STEP 295000
FINISHED WRITING RESTART VELOCITIES
PRESSURE: 295000 -547.155 -115.605 -2.36762 -177.7 418.263 59.8844 187.329 48.5118 1105.99
GPRESSURE: 295000 -563.078 -187.037 -222.327 -12.0997 448.345 179.263 82.244 -127.481 1136.9
PRESSAVG: 295000 -634.662 106.648 -19.2624 37.3031 -340.077 -14.1526 138.408 59.1297 874.782
GPRESSAVG: 295000 -637.663 106.34 -20.1664 38.2442 -336.982 -13.9285 137.745 58.8576 873.955
TIMING: 295000  CPU: 914.203, 0.00282222/step  Wall: 927.703, 0.00283266/step, 0.00393424 hours remaining, 0.407069 MB of memory in use.
PERFORMANCE: 295000  averaging 54.9491 ns/day, 0.00314473 sec/step with standard deviation 0.000969516
ETITLE:      TS           BOND          ANGLE          DIHED          IMPRP               ELECT            VDW       BOUNDARY           MISC        KINETIC               TOTAL           TEMP      POTENTIAL         TOTAL3        TEMPAVG            PRESSURE      GPRESSURE         VOLUME       PRESSAVG      GPRESSAVG

ENERGY:  295000         0.0000         0.0000         0.0000         0.0000          -5591.3471       408.1301         0.0000         0.0000       938.6098          -4244.6072       298.1881     -5183.2170     -4242.3364       301.8185            325.6985       340.7206     22681.3476       -33.3191       -33.5633

WRITING EXTENDED SYSTEM TO RESTART FILE AT STEP 295000
PRESSURE: 295500 -29.6046 -35.5944 -298.504 250.321 272.717 -352.367 -808.604 3.62508 1323.37
GPRESSURE: 295500 -3.505 171.351 -347.927 320.2 230.282 -586.112 -859.134 86.7367 1404.78
PRESSAVG: 295500 -412.082 -100.639 49.8533 -162.388 -472.905 -242.96 -0.230751 55.1858 898.612
GPRESSAVG: 295500 -410.875 -101.578 49.9978 -163.853 -473.82 -244.207 1.20093 57.9518 899.358
ENERGY:  295500         0.0000         0.0000         0.0000         0.0000          -5632.0124       414.9518         0.0000         0.0000       945.3755          -4271.6851       300.3375     -5217.0606     -4269.4832       298.9493            522.1604       543.8517     22681.3476         4.5416         4.8877

PRESSURE: 296000 -473.854 653.225 392.746 739.008 408.24 841.46 -29.1091 868.728 1294.95
GPRESSURE: 296000 -344.017 701.006 677.938 916.723 384.7 891.427 -252.986 972.761 1230.9
PRESSAVG: 296000 -83.1751 150.297 -0.94028 151.338 -201.643 91.2056 -251.424 257.838 1048.68
GPRESSAVG: 296000 -82.3887 150.607 -0.532423 152.621 -202.233 94.5466 -251.534 255.876 1048.56
ENERGY:  296000         0.0000         0.0000         0.0000         0.0000          -5608.0600       407.9824         0.0000         0.0000       959.6773          -4240.4004       304.8810     -5200.0776     -4238.4628       299.6295            409.7794       423.8614     22681.3476       254.6200       254.6454

LDB: ============= START OF LOAD BALANCING ============== 942.5
LDB: ============== END OF LOAD BALANCING =============== 942.5
Info: useSync: 0 useProxySync: 0
LDB: =============== DONE WITH MIGRATION ================ 942.5
LDB: ============= START OF LOAD BALANCING ============== 942.639
LDB: Largest compute 17 load 0.008784 is 14.7% of average load 0.059765
LDB: Average compute 0.002386 is 4.0% of average load 0.059765
LDB: TIME 942.639 LOAD: AVG 0.0597652 MAX 0.132328  PROXIES: TOTAL 28 MAXPE 3 MAXPATCH 5 None MEM: 0.407069 MB
LDB: TIME 942.639 LOAD: AVG 0.0597652 MAX 0.132328  PROXIES: TOTAL 32 MAXPE 4 MAXPATCH 6 RefineTorusLB MEM: 0.407069 MB
LDB: TIME 942.639 LOAD: AVG 0.0597652 MAX 0.132328  PROXIES: TOTAL 32 MAXPE 4 MAXPATCH 6 RefineTorusLB MEM: 0.407069 MB
LDB: ============== END OF LOAD BALANCING =============== 942.639
Info: useSync: 0 useProxySync: 0
LDB: =============== DONE WITH MIGRATION ================ 942.639
PRESSURE: 296500 -363.426 -462.849 -250.945 -456.873 -555.354 128.811 -628.744 544.516 1064.69
GPRESSURE: 296500 -444.675 -584.196 -183.103 -495.942 -528.472 35.9258 -534.907 599.903 1216.21
PRESSAVG: 296500 1.47114 114.027 -64.8717 48.2051 -83.7887 -139.199 -170.203 6.17327 1425.69
GPRESSAVG: 296500 0.943779 117.341 -65.6959 49.7994 -82.3474 -141.655 -168.968 7.05873 1426.26
ENERGY:  296500         0.0000         0.0000         0.0000         0.0000          -5630.5175       395.5596         0.0000         0.0000       942.1416          -4292.8163       299.3101     -5234.9579     -4289.4804       297.7569             48.6358        81.0209     22681.3476       447.7922       448.2844

PRESSURE: 297000 -916.261 -596.544 -400.581 -370.69 -804.737 108.658 -17.2137 -386.344 2858.46
GPRESSURE: 297000 -786.799 -380.434 -296.051 -462.671 -867.281 -10.9086 -116.506 -195.654 2861.81
PRESSAVG: 297000 -518.67 -77.0221 34.5981 -64.5783 -498.26 61.6546 -113.359 18.3906 1070.08
GPRESSAVG: 297000 -515.214 -80.4335 35.1745 -64.4204 -498.087 61.8425 -112.264 21.961 1069.38
ENERGY:  297000         0.0000         0.0000         0.0000         0.0000          -5655.6674       422.7927         0.0000         0.0000       944.9197          -4287.9550       300.1927     -5232.8747     -4286.1052       298.3132            379.1552       402.5756     22681.3476        17.7153        18.6915

PRESSURE: 297500 546.522 1344.19 774.236 914.654 -772.879 -378.732 -37.3971 -318.271 1166.73
GPRESSURE: 297500 687.962 1348.75 741.454 1006.64 -914.619 -319.576 -202.466 -205.897 1203.55
PRESSAVG: 297500 -201.218 -10.3389 -8.90509 69.9957 -133.177 254.006 -228.657 136.264 1704.11
GPRESSAVG: 297500 -202.712 -5.13956 -11.6885 67.183 -133.785 253.973 -227.264 133.956 1707.08
ENERGY:  297500         0.0000         0.0000         0.0000         0.0000          -5636.0254       405.0478         0.0000         0.0000       931.5044          -4299.4732       295.9308     -5230.9776     -4297.2105       299.1091            313.4575       325.6320     22681.3476       456.5714       456.8625

PRESSURE: 298000 -615.19 -273.748 -217.589 -2.31086 -79.3183 -201.178 -360.998 -37.925 368.115
GPRESSURE: 298000 -535.633 -433.481 -236.129 -348.122 -149.124 -83.5287 -259.48 -58.611 431.064
PRESSAVG: 298000 -499.707 80.9256 -106.831 49.5801 -410.429 -17.5714 -292.58 6.73827 732.437
GPRESSAVG: 298000 -499.408 78.9548 -100.707 49.1021 -409.6 -14.4401 -299.608 5.98858 730.886
ENERGY:  298000         0.0000         0.0000         0.0000         0.0000          -5672.1612       395.4090         0.0000         0.0000       944.6709          -4332.0813       300.1136     -5276.7522     -4330.4098       293.3095           -108.7977       -84.5641     22681.3476       -59.2331       -59.3740

LDB: ============= START OF LOAD BALANCING ============== 948.098
LDB: ============== END OF LOAD BALANCING =============== 948.098
Info: useSync: 0 useProxySync: 0
LDB: =============== DONE WITH MIGRATION ================ 948.098
LDB: ============= START OF LOAD BALANCING ============== 948.251
LDB: Largest compute 219 load 0.009842 is 16.2% of average load 0.060825
LDB: Average compute 0.002413 is 4.0% of average load 0.060825
LDB: TIME 948.251 LOAD: AVG 0.0608249 MAX 0.132255  PROXIES: TOTAL 28 MAXPE 3 MAXPATCH 5 None MEM: 0.407069 MB
LDB: TIME 948.251 LOAD: AVG 0.0608249 MAX 0.132255  PROXIES: TOTAL 32 MAXPE 4 MAXPATCH 6 RefineTorusLB MEM: 0.407069 MB
LDB: TIME 948.251 LOAD: AVG 0.0608249 MAX 0.132255  PROXIES: TOTAL 32 MAXPE 4 MAXPATCH 6 RefineTorusLB MEM: 0.407069 MB
LDB: Reverting to original mapping
LDB: ============== END OF LOAD BALANCING =============== 948.251
Info: useSync: 0 useProxySync: 0
LDB: =============== DONE WITH MIGRATION ================ 948.252
PRESSURE: 298500 159.951 475.839 -183.495 229.344 -58.9041 221.539 -43.1983 548.707 1262.15
GPRESSURE: 298500 233.095 337.473 -63.7949 123.138 51.3652 -11.0876 -137.016 840.848 1177.62
PRESSAVG: 298500 -239.448 102.078 64.7346 148.496 -175.515 -96.147 31.7383 93.1212 1022.34
GPRESSAVG: 298500 -238.444 104.141 60.725 148.985 -177.184 -95.8341 37.1979 92.5041 1020.94
ENERGY:  298500         0.0000         0.0000         0.0000         0.0000          -5686.0243       433.8104         0.0000         0.0000       895.0575          -4357.1564       284.3519     -5252.2139     -4354.5126       294.1229            454.3990       487.3593     22681.3476       202.4581       201.7720

PRESSURE: 299000 72.4346 35.1546 -267.058 51.5066 603.943 -583.59 -213.917 -425.691 1574.7
GPRESSURE: 299000 102.71 -115.672 -198.667 143.188 539.145 -659.447 -179.796 -522.024 1672.69
PRESSAVG: 299000 8.38393 91.1097 -89.8856 50.2919 -234.766 19.5321 -34.5233 138.584 1513.85
GPRESSAVG: 299000 9.04707 89.4101 -89.8908 49.6516 -234.753 19.3208 -34.3798 137.307 1513.55
ENERGY:  299000         0.0000         0.0000         0.0000         0.0000          -5724.7091       466.4142         0.0000         0.0000       929.4645          -4328.8304       295.2827     -5258.2949     -4326.3392       292.3418            750.3587       771.5157     22681.3476       429.1559       429.2807

PRESSURE: 299500 -529.852 561.685 257.98 571.362 -329.699 136.279 281.829 152.423 518.519
GPRESSURE: 299500 -576.859 617.947 586.789 450.413 -281.918 -199.503 323.258 185.039 578.92
PRESSAVG: 299500 -21.822 84.6667 -71.3316 84.6744 -162.035 -89.6353 -64.1988 142.931 1392.98
GPRESSAVG: 299500 -22.8952 85.1294 -68.0767 83.5528 -159.807 -91.2034 -64.4764 144.436 1391.45
ENERGY:  299500         0.0000         0.0000         0.0000         0.0000          -5572.9635       367.2071         0.0000         0.0000       937.8404          -4267.9160       297.9437     -5205.7564     -4266.2046       298.9868           -113.6772       -93.2855     22681.3476       403.0412       402.9165

PRESSURE: 300000 -377.975 -35.8681 121.863 -262.688 -215.875 -499.647 -306.861 114.444 2127.57
GPRESSURE: 300000 -257.79 -214.128 73.0674 -225.559 -256.971 -348.336 -299.958 5.42208 2116.33
PRESSAVG: 300000 -234.68 -38.613 101.466 -99.9821 36.1126 -145.334 4.69939 83.9655 1222.9
GPRESSAVG: 300000 -234.848 -43.4465 99.336 -96.1669 36.1443 -145.659 4.5623 82.5078 1222.78
TIMING: 300000  CPU: 928.39, 0.00283753/step  Wall: 941.965, 0.00285254/step, 0 hours remaining, 0.407069 MB of memory in use.
PERFORMANCE: 300000  averaging 55.0344 ns/day, 0.00313986 sec/step with standard deviation 0.000962004
ETITLE:      TS           BOND          ANGLE          DIHED          IMPRP               ELECT            VDW       BOUNDARY           MISC        KINETIC               TOTAL           TEMP      POTENTIAL         TOTAL3        TEMPAVG            PRESSURE      GPRESSURE         VOLUME       PRESSAVG      GPRESSAVG

ENERGY:  300000         0.0000         0.0000         0.0000         0.0000          -5582.6322       394.7183         0.0000         0.0000       949.8631          -4238.0507       301.7632     -5187.9138     -4235.0324       300.3816            511.2400       533.8571     22681.3476       341.4448       341.3592

WRITING EXTENDED SYSTEM TO RESTART FILE AT STEP 300000
WRITING COORDINATES TO DCD FILE MD.dcd AT STEP 300000
WRITING COORDINATES TO RESTART FILE AT STEP 300000
FINISHED WRITING RESTART COORDINATES
WRITING VELOCITIES TO RESTART FILE AT STEP 300000
FINISHED WRITING RESTART VELOCITIES
WRITING EXTENDED SYSTEM TO OUTPUT FILE AT STEP 300000
CLOSING EXTENDED SYSTEM TRAJECTORY FILE
WRITING COORDINATES TO OUTPUT FILE AT STEP 300000
CLOSING COORDINATE DCD FILE MD.dcd
WRITING VELOCITIES TO OUTPUT FILE AT STEP 300000
====================================================

WallClock: 953.464539  CPUTime: 939.834412  Memory: 0.407069 MB
[Partition 0][Node 0] End of program
