0 1816524788.1700
1 32698391.7536
2 2347711.1480
3 316468.9281
4 66014.7109
5 22613.3034
6 12888.9018
7 10328.2771
8 9573.8699
9 4143.2649
10 1486.9135
11 98.3672
12 -632.8448
13 -1159.0763
14 -1716.3167
15 -2094.1290
16 -2317.8634
17 -2698.9400
18 -2810.2819
19 -2670.5777
20 -2810.6586
21 -2810.8126
22 -2990.5448
23 -3078.0263
24 -3060.8239
25 -3085.5598
26 -3085.4882
27 -3085.5900
28 -3204.7038
29 -3287.0345
30 -3419.8852
31 -3503.6092
32 -3537.7170
33 -3518.6605
34 -3538.3895
35 -3538.2215
36 -3538.3897
37 -3678.1964
38 -3775.9532
39 -3808.2663
40 -3830.8445
41 -3842.2213
42 -3839.6268
43 -3843.0888
44 -3843.0702
45 -3843.0904
46 -3872.2256
47 -3887.8134
48 -3887.6854
49 -3889.8637
50 -3889.8471
51 -3889.8640
52 -3968.8442
53 -4042.7619
54 -4094.1419
55 -4162.3994
56 -4178.8590
57 -4141.5564
58 -4179.8113
59 -4259.2735
60 -4316.9879
61 -4348.9532
62 -4374.7290
63 -4416.2273
64 -4423.9068
65 -4397.5704
66 -4425.1575
67 -4532.1226
68 -4602.2486
69 -4633.9213
70 -4624.7509
71 -4635.5902
72 -4635.4941
73 -4635.5908
74 -4677.8814
75 -4710.4083
76 -4718.2169
77 -4725.0931
78 -4731.1934
79 -4737.0518
80 -4742.6460
81 -4748.0541
82 -4753.2397
83 -4758.2532
84 -4763.0594
85 -4767.7071
86 -4772.1658
87 -4776.4870
88 -4780.6515
89 -4784.7209
90 -4788.6850
91 -4792.6118
92 -4796.5102
93 -4800.4604
94 -4804.4779
95 -4808.6409
96 -4812.9614
97 -4817.4899
98 -4822.2123
99 -4827.1365
100 -4832.2079
101 -4837.3855
102 -4842.5790
103 -4847.7079
104 -4852.6690
105 -4857.3555
106 -4861.6702
107 -4865.4902
108 -4868.7668
109 -4871.3446
110 -4873.2817
111 -4874.3808
112 -4874.5473
113 -4873.6881
114 -4874.6017
115 -4874.3896
116 -4874.6094
117 -4874.0935
118 -4874.4652
119 -4874.5644
120 -4874.5933
121 -4874.6032
122 -4874.6068
123 -4874.6081
124 -4874.6088
125 -4874.6091
126 -4874.6093
127 -4874.6094
128 -4874.3982
129 -4874.5990
130 -4874.0673
131 -4874.4299
132 -4874.5377
133 -4874.5739
134 -4874.5880
135 -4874.5940
136 -4874.5966
137 -4874.5978
138 -4874.5984
139 -4874.5987
140 -4874.5989
141 -4874.0873
142 -4874.4400
143 -4874.5424
144 -4874.5761
145 -4874.5890
146 -4874.5944
147 -4874.5968
148 -4874.5978
149 -4874.5983
150 -4874.5986
151 -4874.5988
152 -4874.0969
153 -4874.4455
154 -4874.5449
155 -4874.5772
156 -4874.5895
157 -4874.5946
158 -4874.5969
159 -4874.5977
160 -4874.5983
161 -4874.5985
162 -4874.5986
163 -4874.1277
164 -4874.4547
165 -4874.5490
166 -4874.5792
167 -4874.5904
168 -4874.5950
169 -4874.5970
170 -4874.5977
171 -4874.5982
172 -4874.5984
173 -4874.5985
174 -4874.1270
175 -4874.4556
176 -4874.5494
177 -4874.5793
178 -4874.5904
179 -4874.5949
180 -4874.5969
181 -4874.5977
182 -4874.5981
183 -4874.5983
184 -4874.5984
185 -4874.1263
186 -4874.4565
187 -4874.5498
188 -4874.5794
189 -4874.5904
190 -4874.5949
191 -4874.5968
192 -4874.5976
193 -4874.5980
194 -4874.5982
195 -4874.5983
196 -4874.1257
197 -4874.4574
198 -4874.5502
199 -4874.5795
200 -4874.5904
201 -4874.5948
202 -4874.5967
203 -4874.5975
204 -4874.5979
205 -4874.5981
206 -4874.5982
207 -4874.1251
208 -4874.4583
209 -4874.5505
210 -4874.5796
211 -4874.5903
212 -4874.5947
213 -4874.5966
214 -4874.5974
215 -4874.5978
216 -4874.5980
217 -4874.5981
218 -4874.1250
219 -4874.4531
220 -4874.5480
221 -4874.5782
222 -4874.5896
223 -4874.5941
224 -4874.5964
225 -4874.5973
226 -4874.5977
227 -4874.5979
228 -4874.5980
229 -4874.1243
230 -4874.4540
231 -4874.5483
232 -4874.5783
233 -4874.5896
234 -4874.5941
235 -4874.5963
236 -4874.5973
237 -4874.5976
238 -4874.5978
239 -4874.5979
240 -4874.1236
241 -4874.4549
242 -4874.5487
243 -4874.5785
244 -4874.5896
245 -4874.5940
246 -4874.5962
247 -4874.5972
248 -4874.5975
249 -4874.5977
250 -4874.5978
251 -4874.1230
252 -4874.4558
253 -4874.5491
254 -4874.5786
255 -4874.5896
256 -4874.5940
257 -4874.5961
258 -4874.5971
259 -4874.5974
260 -4874.5976
261 -4874.5977
262 -4874.1223
263 -4874.4566
264 -4874.5495
265 -4874.5787
266 -4874.5896
267 -4874.5939
268 -4874.5961
269 -4874.5970
270 -4874.5974
271 -4874.5975
272 -4874.5976
273 -4874.1217
274 -4874.4575
275 -4874.5498
276 -4874.5788
277 -4874.5895
278 -4874.5939
279 -4874.5960
280 -4874.5969
281 -4874.5973
282 -4874.5974
283 -4874.5975
284 -4874.1217
285 -4874.4511
286 -4874.5467
287 -4874.5772
288 -4874.5888
289 -4874.5935
290 -4874.5957
291 -4874.5967
292 -4874.5972
293 -4874.1190
294 -4874.4508
295 -4874.5463
296 -4874.5768
297 -4874.5883
298 -4874.5930
299 -4874.5953
300 -4874.5962
301 -4874.5967
302 -4874.5970
303 -4874.5971
304 -4874.1185
305 -4874.4518
306 -4874.5467
307 -4874.5769
308 -4874.5884
309 -4874.5929
310 -4874.5952
311 -4874.5961
312 -4874.5966
313 -4874.5969
314 -4874.5970
315 -4874.1179
316 -4874.4527
317 -4874.5471
318 -4874.5770
319 -4874.5883
320 -4874.5929
321 -4874.5951
322 -4874.5960
323 -4874.5965
324 -4874.5967
325 -4874.5969
326 -4874.1173
327 -4874.4537
328 -4874.5476
329 -4874.5772
330 -4874.5883
331 -4874.5928
332 -4874.5950
333 -4874.5959
334 -4874.5964
335 -4874.5966
336 -4874.5967
337 -4874.1167
338 -4874.4545
339 -4874.5480
340 -4874.5773
341 -4874.5883
342 -4874.5927
343 -4874.5949
344 -4874.5958
345 -4874.5963
346 -4874.5965
347 -4874.5966
348 -4874.1168
349 -4874.4481
350 -4874.5447
351 -4874.5758
352 -4874.5875
353 -4874.5923
354 -4874.5946
355 -4874.5957
356 -4874.5961
357 -4874.5964
358 -4874.5965
359 -4874.1162
360 -4874.4490
361 -4874.5450
362 -4874.5759
363 -4874.5875
364 -4874.5922
365 -4874.5946
366 -4874.5956
367 -4874.5960
368 -4874.5963
369 -4874.5964
370 -4874.1155
371 -4874.4499
372 -4874.5455
373 -4874.5760
374 -4874.5875
375 -4874.5922
376 -4874.5943
377 -4874.5954
378 -4874.5959
379 -4874.5961
380 -4874.5963
381 -4874.1149
382 -4874.4509
383 -4874.5458
384 -4874.5761
385 -4874.5875
386 -4874.5921
387 -4874.5941
388 -4874.5954
389 -4874.5958
390 -4874.5960
391 -4874.5962
392 -4874.1142
393 -4874.4518
394 -4874.5462
395 -4874.5762
396 -4874.5875
397 -4874.5921
398 -4874.5941
399 -4874.5953
400 -4874.5957
401 -4874.5959
402 -4874.5960
403 -4874.1136
404 -4874.4527
405 -4874.5467
406 -4874.5763
407 -4874.5874
408 -4874.5920
409 -4874.5940
410 -4874.5952
411 -4874.5956
412 -4874.5958
413 -4874.5959
414 -4874.1130
415 -4874.4536
416 -4874.5470
417 -4874.5764
418 -4874.5874
419 -4874.5920
420 -4874.5939
421 -4874.5951
422 -4874.5955
423 -4874.5957
424 -4874.5958
425 -4874.1131
426 -4874.4458
427 -4874.5431
428 -4874.5746
429 -4874.5865
430 -4874.5916
431 -4874.5936
432 -4874.5949
433 -4874.5954
434 -4874.5956
435 -4874.5957
436 -4874.1124
437 -4874.4467
438 -4874.5436
439 -4874.5747
440 -4874.5866
441 -4874.5915
442 -4874.5935
443 -4874.5948
444 -4874.5952
445 -4874.5955
446 -4874.5956
447 -4874.1118
448 -4874.4476
449 -4874.5439
450 -4874.5748
451 -4874.5865
452 -4874.5914
453 -4874.5934
454 -4874.5947
455 -4874.5951
456 -4874.5954
457 -4874.5955
458 -4874.1113
459 -4874.4486
460 -4874.5443
461 -4874.5749
462 -4874.5865
463 -4874.5914
464 -4874.5934
465 -4874.5943
466 -4874.5951
467 -4874.5953
468 -4874.5954
469 -4874.1106
470 -4874.4495
471 -4874.5447
472 -4874.5751
473 -4874.5865
474 -4874.5913
475 -4874.5933
476 -4874.5942
477 -4874.5950
478 -4874.5951
479 -4874.5953
480 -4874.1100
481 -4874.4505
482 -4874.5451
483 -4874.5752
484 -4874.5865
485 -4874.5913
486 -4874.5932
487 -4874.5941
488 -4874.5948
489 -4874.5950
490 -4874.5951
491 -4874.1094
492 -4874.4514
493 -4874.5456
494 -4874.5753
495 -4874.5865
496 -4874.5912
497 -4874.5931
498 -4874.5940
499 -4874.5947
500 -4874.5950
501 -4874.5951
502 -4874.1096
503 -4874.4435
504 -4874.5417
505 -4874.5734
506 -4874.5856
507 -4874.5907
508 -4874.5928
509 -4874.5938
510 -4874.5943
511 -4874.5948
512 -4874.5950
513 -4874.1089
514 -4874.4444
515 -4874.5420
516 -4874.5736
517 -4874.5856
518 -4874.5906
519 -4874.5927
520 -4874.5937
521 -4874.5942
522 -4874.5947
523 -4874.5948
524 -4874.1082
525 -4874.4454
526 -4874.5424
527 -4874.5737
528 -4874.5855
529 -4874.5904
530 -4874.5926
531 -4874.5936
532 -4874.5941
533 -4874.5946
534 -4874.5947
535 -4874.1075
536 -4874.4463
537 -4874.5429
538 -4874.5738
539 -4874.5855
540 -4874.5904
541 -4874.5925
542 -4874.5935
543 -4874.5940
544 -4874.5942
545 -4874.5946
546 -4874.1069
547 -4874.4473
548 -4874.5433
549 -4874.5739
550 -4874.5855
551 -4874.5903
552 -4874.5924
553 -4874.5934
554 -4874.5939
555 -4874.5941
556 -4874.5942
557 -4874.1063
558 -4874.4482
559 -4874.5437
560 -4874.5740
561 -4874.5855
562 -4874.5902
563 -4874.5923
564 -4874.5933
565 -4874.5938
566 -4874.5940
567 -4874.5941
568 -4874.1057
569 -4874.4492
570 -4874.5440
571 -4874.5741
572 -4874.5855
573 -4874.5902
574 -4874.5923
575 -4874.5932
576 -4874.5937
577 -4874.5939
578 -4874.5940
579 -4874.0804
580 -4874.4383
581 -4874.5388
582 -4874.5715
583 -4874.5841
584 -4874.5895
585 -4874.5918
586 -4874.5930
587 -4874.5935
588 -4874.5938
589 -4874.5939
590 -4874.1052
591 -4874.4408
592 -4874.5399
593 -4874.5721
594 -4874.5844
595 -4874.5895
596 -4874.5919
597 -4874.5929
598 -4874.5934
599 -4874.5937
600 -4874.5938
601 -4874.1045
602 -4874.4418
603 -4874.5403
604 -4874.5722
605 -4874.5843
606 -4874.5895
607 -4874.5918
608 -4874.5928
609 -4874.5933
610 -4874.5935
611 -4874.5937
612 -4874.1039
613 -4874.4428
614 -4874.5408
615 -4874.5723
616 -4874.5843
617 -4874.5894
618 -4874.5917
619 -4874.5927
620 -4874.5932
621 -4874.5934
622 -4874.5935
623 -4874.1032
624 -4874.4437
625 -4874.5412
626 -4874.5724
627 -4874.5843
628 -4874.5893
629 -4874.5916
630 -4874.5926
631 -4874.5930
632 -4874.5933
633 -4874.5934
634 -4874.1025
635 -4874.4447
636 -4874.5416
637 -4874.5726
638 -4874.5843
639 -4874.5893
640 -4874.5915
641 -4874.5924
642 -4874.5930
643 -4874.5932
644 -4874.5933
645 -4874.1020
646 -4874.4456
647 -4874.5421
648 -4874.5727
649 -4874.5843
650 -4874.5893
651 -4874.5915
652 -4874.5924
653 -4874.5928
654 -4874.5931
655 -4874.5932
656 -4874.1014
657 -4874.4466
658 -4874.5425
659 -4874.5728
660 -4874.5843
661 -4874.5892
662 -4874.5914
663 -4874.5922
664 -4874.5927
665 -4874.5930
666 -4874.5931
667 -4874.0762
668 -4874.4358
669 -4874.5371
670 -4874.5702
671 -4874.5830
672 -4874.5885
673 -4874.5910
674 -4874.5920
675 -4874.5926
676 -4874.5928
677 -4874.5930
678 -4874.1011
679 -4874.4382
680 -4874.5381
681 -4874.5708
682 -4874.5832
683 -4874.5885
684 -4874.5909
685 -4874.5920
686 -4874.5924
687 -4874.5927
688 -4874.5928
689 -4874.1004
690 -4874.4392
691 -4874.5385
692 -4874.5709
693 -4874.5832
694 -4874.5884
695 -4874.5908
696 -4874.5919
697 -4874.5923
698 -4874.5926
699 -4874.5927
700 -4874.0997
701 -4874.4402
702 -4874.5389
703 -4874.5710
704 -4874.5832
705 -4874.5883
706 -4874.5907
707 -4874.5918
708 -4874.5922
709 -4874.5924
710 -4874.5926
711 -4874.0991
712 -4874.4411
713 -4874.5394
714 -4874.5712
715 -4874.5832
716 -4874.5882
717 -4874.5906
718 -4874.5917
719 -4874.5921
720 -4874.5923
721 -4874.5925
722 -4874.0984
723 -4874.4421
724 -4874.5399
725 -4874.5713
726 -4874.5832
727 -4874.5881
728 -4874.5904
729 -4874.5916
730 -4874.5921
731 -4874.5922
732 -4874.5923
733 -4874.0978
734 -4874.4431
735 -4874.5403
736 -4874.5714
737 -4874.5831
738 -4874.5881
739 -4874.5903
740 -4874.5915
741 -4874.5920
742 -4874.5921
743 -4874.5922
744 -4874.0972
745 -4874.4440
746 -4874.5407
747 -4874.5716
748 -4874.5832
749 -4874.5880
750 -4874.5902
751 -4874.5914
752 -4874.5918
753 -4874.5921
754 -4874.5921
755 -4874.0721
756 -4874.4333
757 -4874.5355
758 -4874.5689
759 -4874.5818
760 -4874.5873
761 -4874.5898
762 -4874.5911
763 -4874.5917
764 -4874.5920
765 -4874.5920
766 -4874.0715
767 -4874.4344
768 -4874.5360
769 -4874.5691
770 -4874.5818
771 -4874.5872
772 -4874.5897
773 -4874.5910
774 -4874.5916
775 -4874.5918
776 -4874.5920
777 -4874.0964
778 -4874.4352
779 -4874.5358
780 -4874.5692
781 -4874.5819
782 -4874.5872
783 -4874.5896
784 -4874.5909
785 -4874.5914
786 -4874.5917
787 -4874.5918
788 -4874.0957
789 -4874.4362
790 -4874.5363
791 -4874.5693
792 -4874.5819
793 -4874.5871
794 -4874.5895
795 -4874.5907
796 -4874.5913
797 -4874.5916
798 -4874.5917
799 -4874.0950
800 -4874.4372
801 -4874.5368
802 -4874.5695
803 -4874.5819
804 -4874.5870
805 -4874.5894
806 -4874.5907
807 -4874.5912
808 -4874.5915
809 -4874.5916
810 -4874.0943
811 -4874.4382
812 -4874.5372
813 -4874.5696
814 -4874.5819
815 -4874.5870
816 -4874.5893
817 -4874.5904
818 -4874.5910
819 -4874.5913
820 -4874.5915
821 -4874.0937
822 -4874.4392
823 -4874.5377
824 -4874.5698
825 -4874.5819
826 -4874.5869
827 -4874.5893
828 -4874.5903
829 -4874.5909
830 -4874.5912
831 -4874.5913
832 -4874.0931
833 -4874.4402
834 -4874.5382
835 -4874.5699
836 -4874.5819
837 -4874.5869
838 -4874.5892
839 -4874.5902
840 -4874.5908
841 -4874.5911
842 -4874.5912
843 -4874.0925
844 -4874.4412
845 -4874.5387
846 -4874.5700
847 -4874.5819
848 -4874.5868
849 -4874.5891
850 -4874.5901
851 -4874.5907
852 -4874.5910
853 -4874.5911
854 -4874.0675
855 -4874.4305
856 -4874.5336
857 -4874.5674
858 -4874.5805
859 -4874.5861
860 -4874.5887
861 -4874.5899
862 -4874.5906
863 -4874.5908
864 -4874.5910
865 -4874.0670
866 -4874.4317
867 -4874.5341
868 -4874.5676
869 -4874.5806
870 -4874.5860
871 -4874.5886
872 -4874.5898
873 -4874.5903
874 -4874.5907
875 -4874.5908
876 -4874.0917
877 -4874.4322
878 -4874.5338
879 -4874.5677
880 -4874.5805
881 -4874.5859
882 -4874.5885
883 -4874.5896
884 -4874.5902
885 -4874.5906
886 -4874.5907
887 -4874.0910
888 -4874.4332
889 -4874.5343
890 -4874.5678
891 -4874.5805
892 -4874.5859
893 -4874.5883
894 -4874.5895
895 -4874.5900
896 -4874.5903
897 -4874.5906
898 -4874.0904
899 -4874.4343
900 -4874.5347
901 -4874.5680
902 -4874.5805
903 -4874.5858
904 -4874.5882
905 -4874.5894
906 -4874.5899
907 -4874.5902
908 -4874.5903
909 -4874.0897
910 -4874.4353
911 -4874.5352
912 -4874.5681
913 -4874.5805
914 -4874.5857
915 -4874.5881
916 -4874.5893
917 -4874.5898
918 -4874.5900
919 -4874.5902
920 -4874.0890
921 -4874.4363
922 -4874.5357
923 -4874.5681
924 -4874.5805
925 -4874.5857
926 -4874.5880
927 -4874.5892
928 -4874.5897
929 -4874.5899
930 -4874.5901
931 -4874.0884
932 -4874.4373
933 -4874.5361
934 -4874.5683
935 -4874.5805
936 -4874.5856
937 -4874.5879
938 -4874.5890
939 -4874.5896
940 -4874.5898
941 -4874.5900
942 -4874.0878
943 -4874.4383
944 -4874.5366
945 -4874.5684
946 -4874.5805
947 -4874.5855
948 -4874.5878
949 -4874.5890
950 -4874.5895
951 -4874.5897
952 -4874.5899
953 -4874.0630
954 -4874.4277
955 -4874.5314
956 -4874.5658
957 -4874.5792
958 -4874.5848
959 -4874.5874
960 -4874.5887
961 -4874.5893
962 -4874.5895
963 -4874.5897
964 -4874.0624
965 -4874.4289
966 -4874.5320
967 -4874.5660
968 -4874.5792
969 -4874.5848
970 -4874.5873
971 -4874.5886
972 -4874.5892
973 -4874.5894
974 -4874.5895
975 -4874.0870
976 -4874.4292
977 -4874.5317
978 -4874.5662
979 -4874.5790
980 -4874.5846
981 -4874.5872
982 -4874.5884
983 -4874.5890
984 -4874.5893
985 -4874.5894
986 -4874.0863
987 -4874.4303
988 -4874.5322
989 -4874.5664
990 -4874.5789
991 -4874.5845
992 -4874.5871
993 -4874.5882
994 -4874.5889
995 -4874.5892
996 -4874.5893
997 -4874.0856
998 -4874.4313
999 -4874.5326
1000 -4874.5665
1001 -4874.5789
1002 -4874.5845
1003 -4874.5870
1004 -4874.5881
1005 -4874.5887
1006 -4874.5890
1007 -4874.5892
1008 -4874.0849
1009 -4874.4323
1010 -4874.5331
1011 -4874.5666
1012 -4874.5790
1013 -4874.5844
1014 -4874.5869
1015 -4874.5880
1016 -4874.5886
1017 -4874.5889
1018 -4874.5890
1019 -4874.0843
1020 -4874.4334
1021 -4874.5336
1022 -4874.5668
1023 -4874.5789
1024 -4874.5843
1025 -4874.5868
1026 -4874.5879
1027 -4874.5885
1028 -4874.5888
1029 -4874.5889
1030 -4874.0837
1031 -4874.4344
1032 -4874.5341
1033 -4874.5669
1034 -4874.5789
1035 -4874.5843
1036 -4874.5867
1037 -4874.5878
1038 -4874.5884
1039 -4874.5887
1040 -4874.5888
1041 -4874.0830
1042 -4874.4354
1043 -4874.5345
1044 -4874.5671
1045 -4874.5789
1046 -4874.5842
1047 -4874.5866
1048 -4874.5877
1049 -4874.5882
1050 -4874.5885
1051 -4874.5886
1052 -4874.0583
1053 -4874.4249
1054 -4874.5294
1055 -4874.5645
1056 -4874.5776
1057 -4874.5835
1058 -4874.5862
1059 -4874.5874
1060 -4874.5880
1061 -4874.5884
1062 -4874.5885
1063 -4874.0577
1064 -4874.4261
1065 -4874.5300
1066 -4874.5647
1067 -4874.5777
1068 -4874.5834
1069 -4874.5861
1070 -4874.5873
1071 -4874.5879
1072 -4874.5882
1073 -4874.5884
1074 -4874.0823
1075 -4874.4260
1076 -4874.5297
1077 -4874.5647
1078 -4874.5775
1079 -4874.5833
1080 -4874.5859
1081 -4874.5872
1082 -4874.5877
1083 -4874.5880
1084 -4874.5882
1085 -4874.0816
1086 -4874.4271
1087 -4874.5301
1088 -4874.5648
1089 -4874.5775
1090 -4874.5832
1091 -4874.5858
1092 -4874.5870
1093 -4874.5876
1094 -4874.5879
1095 -4874.5880
1096 -4874.0809
1097 -4874.4281
1098 -4874.5306
1099 -4874.5650
1100 -4874.5775
1101 -4874.5832
1102 -4874.5857
1103 -4874.5869
1104 -4874.5875
1105 -4874.5878
1106 -4874.5879
1107 -4874.0802
1108 -4874.4293
1109 -4874.5311
1110 -4874.5651
1111 -4874.5775
1112 -4874.5831
1113 -4874.5856
1114 -4874.5868
1115 -4874.5873
1116 -4874.5876
1117 -4874.5878
1118 -4874.0796
1119 -4874.4303
1120 -4874.5316
1121 -4874.5652
1122 -4874.5775
1123 -4874.5830
1124 -4874.5855
1125 -4874.5867
1126 -4874.5872
1127 -4874.5875
1128 -4874.5876
1129 -4874.0790
1130 -4874.4314
1131 -4874.5321
1132 -4874.5654
1133 -4874.5775
1134 -4874.5830
1135 -4874.5854
1136 -4874.5866
1137 -4874.5871
1138 -4874.5873
1139 -4874.5875
1140 -4874.0783
1141 -4874.4325
1142 -4874.5325
1143 -4874.5656
1144 -4874.5775
1145 -4874.5829
1146 -4874.5853
1147 -4874.5865
1148 -4874.5870
1149 -4874.5872
1150 -4874.5873
1151 -4874.0538
1152 -4874.4221
1153 -4874.5274
1154 -4874.5629
1155 -4874.5762
1156 -4874.5822
1157 -4874.5850
1158 -4874.5862
1159 -4874.5868
1160 -4874.5871
1161 -4874.5872
1162 -4874.0532
1163 -4874.4233
1164 -4874.5280
1165 -4874.5631
1166 -4874.5763
1167 -4874.5822
1168 -4874.5848
1169 -4874.5861
1170 -4874.5867
1171 -4874.5870
1172 -4874.5871
1173 -4874.0776
1174 -4874.4231
1175 -4874.5277
1176 -4874.5630
1177 -4874.5761
1178 -4874.5820
1179 -4874.5846
1180 -4874.5859
1181 -4874.5865
1182 -4874.5868
1183 -4874.5869
1184 -4874.0770
1185 -4874.4241
1186 -4874.5281
1187 -4874.5631
1188 -4874.5761
1189 -4874.5820
1190 -4874.5845
1191 -4874.5858
1192 -4874.5864
1193 -4874.5866
1194 -4874.5868
1195 -4874.0763
1196 -4874.4252
1197 -4874.5287
1198 -4874.5633
1199 -4874.5761
1200 -4874.5819
1201 -4874.5844
1202 -4874.5857
1203 -4874.5862
1204 -4874.5866
1205 -4874.5867
1206 -4874.0756
1207 -4874.4262
1208 -4874.5292
1209 -4874.5634
1210 -4874.5761
1211 -4874.5818
1212 -4874.5843
1213 -4874.5856
1214 -4874.5861
1215 -4874.5864
1216 -4874.5865
1217 -4874.0749
1218 -4874.4272
1219 -4874.5297
1220 -4874.5636
1221 -4874.5761
1222 -4874.5818
1223 -4874.5842
1224 -4874.5854
1225 -4874.5860
1226 -4874.5863
1227 -4874.5864
1228 -4874.0740
1229 -4874.4283
1230 -4874.5301
1231 -4874.5637
1232 -4874.5761
1233 -4874.5817
1234 -4874.5841
1235 -4874.5853
1236 -4874.5858
1237 -4874.5861
1238 -4874.5863
1239 -4874.0735
1240 -4874.4293
1241 -4874.5305
1242 -4874.5639
1243 -4874.5761
1244 -4874.5816
1245 -4874.5840
1246 -4874.5852
1247 -4874.5857
1248 -4874.5860
1249 -4874.5861
1250 -4874.0489
1251 -4874.4192
1252 -4874.5255
1253 -4874.5614
1254 -4874.5748
1255 -4874.5809
1256 -4874.5836
1257 -4874.5849
1258 -4874.5856
1259 -4874.5859
1260 -4874.5860
1261 -4874.0484
1262 -4874.4204
1263 -4874.5261
1264 -4874.5616
1265 -4874.5748
1266 -4874.5809
1267 -4874.5835
1268 -4874.5848
1269 -4874.5854
1270 -4874.5857
1271 -4874.5859
1272 -4874.0727
1273 -4874.4200
1274 -4874.5255
1275 -4874.5613
1276 -4874.5746
1277 -4874.5807
1278 -4874.5833
1279 -4874.5846
1280 -4874.5852
1281 -4874.5855
1282 -4874.5857
1283 -4874.0720
1284 -4874.4211
1285 -4874.5260
1286 -4874.5614
1287 -4874.5746
1288 -4874.5806
1289 -4874.5832
1290 -4874.5845
1291 -4874.5851
1292 -4874.5854
1293 -4874.5856
1294 -4874.0712
1295 -4874.4222
1296 -4874.5265
1297 -4874.5616
1298 -4874.5746
1299 -4874.5805
1300 -4874.5831
1301 -4874.5843
1302 -4874.5850
1303 -4874.5853
1304 -4874.5854
1305 -4874.0705
1306 -4874.4232
1307 -4874.5270
1308 -4874.5617
1309 -4874.5746
1310 -4874.5805
1311 -4874.5830
1312 -4874.5842
1313 -4874.5848
1314 -4874.5851
1315 -4874.5853
1316 -4874.0699
1317 -4874.4243
1318 -4874.5275
1319 -4874.5619
1320 -4874.5747
1321 -4874.5804
1322 -4874.5829
1323 -4874.5841
1324 -4874.5847
1325 -4874.5850
1326 -4874.5851
1327 -4874.0693
1328 -4874.4254
1329 -4874.5280
1330 -4874.5621
1331 -4874.5747
1332 -4874.5803
1333 -4874.5828
1334 -4874.5840
1335 -4874.5845
1336 -4874.5849
1337 -4874.5850
1338 -4874.0687
1339 -4874.4265
1340 -4874.5286
1341 -4874.5622
1342 -4874.5747
1343 -4874.5803
1344 -4874.5827
1345 -4874.5839
1346 -4874.5844
1347 -4874.5847
1348 -4874.5849
1349 -4874.0443
1350 -4874.4161
1351 -4874.5236
1352 -4874.5597
1353 -4874.5734
1354 -4874.5796
1355 -4874.5823
1356 -4874.5836
1357 -4874.5842
1358 -4874.5845
1359 -4874.5847
1360 -4874.0437
1361 -4874.4173
1362 -4874.5242
1363 -4874.5600
1364 -4874.5734
1365 -4874.5794
1366 -4874.5822
1367 -4874.5835
1368 -4874.5841
1369 -4874.5844
1370 -4874.5846
1371 -4874.0679
1372 -4874.4167
1373 -4874.5234
1374 -4874.5594
1375 -4874.5731
1376 -4874.5791
1377 -4874.5820
1378 -4874.5833
1379 -4874.5839
1380 -4874.5842
1381 -4874.5844
1382 -4874.0672
1383 -4874.4178
1384 -4874.5239
1385 -4874.5597
1386 -4874.5731
1387 -4874.5790
1388 -4874.5819
1389 -4874.5831
1390 -4874.5838
1391 -4874.5841
1392 -4874.5842
1393 -4874.0665
1394 -4874.4192
1395 -4874.5243
1396 -4874.5599
1397 -4874.5731
1398 -4874.5790
1399 -4874.5818
1400 -4874.5830
1401 -4874.5836
1402 -4874.5839
1403 -4874.5841
1404 -4874.0658
1405 -4874.4202
1406 -4874.5249
1407 -4874.5600
1408 -4874.5731
1409 -4874.5789
1410 -4874.5817
1411 -4874.5829
1412 -4874.5835
1413 -4874.5838
1414 -4874.5839
1415 -4874.0652
1416 -4874.4213
1417 -4874.5254
1418 -4874.5602
1419 -4874.5731
1420 -4874.5789
1421 -4874.5816
1422 -4874.5828
1423 -4874.5834
1424 -4874.5836
1425 -4874.5838
1426 -4874.0645
1427 -4874.4224
1428 -4874.5259
1429 -4874.5604
1430 -4874.5731
1431 -4874.5789
1432 -4874.5815
1433 -4874.5826
1434 -4874.5832
1435 -4874.5835
1436 -4874.5837
1437 -4874.0639
1438 -4874.4235
1439 -4874.5265
1440 -4874.5606
1441 -4874.5732
1442 -4874.5789
1443 -4874.5814
1444 -4874.5825
1445 -4874.5831
1446 -4874.5834
1447 -4874.5835
1448 -4874.0396
1449 -4874.4133
1450 -4874.5215
1451 -4874.5581
1452 -4874.5719
1453 -4874.5782
1454 -4874.5810
1455 -4874.5823
1456 -4874.5829
1457 -4874.5832
1458 -4874.5834
1459 -4874.0390
1460 -4874.4146
1461 -4874.5221
1462 -4874.5583
1463 -4874.5720
1464 -4874.5781
1465 -4874.5809
1466 -4874.5822
1467 -4874.5828
1468 -4874.5831
1469 -4874.5832
1470 -4874.0631
1471 -4874.4136
1472 -4874.5210
1473 -4874.5577
1474 -4874.5717
1475 -4874.5777
1476 -4874.5807
1477 -4874.5820
1478 -4874.5826
1479 -4874.5829
1480 -4874.5831
1481 -4874.0624
1482 -4874.4147
1483 -4874.5217
1484 -4874.5578
1485 -4874.5717
1486 -4874.5776
1487 -4874.5806
1488 -4874.5819
1489 -4874.5825
1490 -4874.5828
1491 -4874.5829
1492 -4874.0617
1493 -4874.4159
1494 -4874.5222
1495 -4874.5580
1496 -4874.5717
1497 -4874.5775
1498 -4874.5805
1499 -4874.5817
1500 -4874.5823
1501 -4874.5826
1502 -4874.5828
1503 -4874.0610
1504 -4874.4170
1505 -4874.5228
1506 -4874.5582
1507 -4874.5717
1508 -4874.5775
1509 -4874.5804
1510 -4874.5816
1511 -4874.5822
1512 -4874.5825
1513 -4874.5826
1514 -4874.0604
1515 -4874.4181
1516 -4874.5233
1517 -4874.5584
1518 -4874.5717
1519 -4874.5774
1520 -4874.5803
1521 -4874.5815
1522 -4874.5821
1523 -4874.5823
1524 -4874.5825
1525 -4874.0597
1526 -4874.4192
1527 -4874.5239
1528 -4874.5586
1529 -4874.5717
1530 -4874.5774
1531 -4874.5800
1532 -4874.5814
1533 -4874.5820
1534 -4874.5823
1535 -4874.5824
1536 -4874.0591
1537 -4874.4206
1538 -4874.5243
1539 -4874.5587
1540 -4874.5718
1541 -4874.5773
1542 -4874.5799
1543 -4874.5813
1544 -4874.5819
1545 -4874.5821
1546 -4874.5823
1547 -4874.0349
1548 -4874.4104
1549 -4874.5194
1550 -4874.5563
1551 -4874.5705
1552 -4874.5766
1553 -4874.5795
1554 -4874.5810
1555 -4874.5816
1556 -4874.5820
1557 -4874.5821
1558 -4874.0343
1559 -4874.4116
1560 -4874.5201
1561 -4874.5565
1562 -4874.5706
1563 -4874.5766
1564 -4874.5794
1565 -4874.5809
1566 -4874.5815
1567 -4874.5818
1568 -4874.5820
1569 -4874.0583
1570 -4874.4105
1571 -4874.5188
1572 -4874.5559
1573 -4874.5702
1574 -4874.5763
1575 -4874.5791
1576 -4874.5807
1577 -4874.5813
1578 -4874.5817
1579 -4874.5818
1580 -4874.0576
1581 -4874.4116
1582 -4874.5193
1583 -4874.5561
1584 -4874.5702
1585 -4874.5762
1586 -4874.5790
1587 -4874.5805
1588 -4874.5812
1589 -4874.5815
1590 -4874.5817
1591 -4874.0569
1592 -4874.4128
1593 -4874.5199
1594 -4874.5562
1595 -4874.5702
1596 -4874.5761
1597 -4874.5789
1598 -4874.5804
1599 -4874.5811
1600 -4874.5814
1601 -4874.5815
1602 -4874.0562
1603 -4874.4139
1604 -4874.5205
1605 -4874.5564
1606 -4874.5702
1607 -4874.5761
1608 -4874.5788
1609 -4874.5803
1610 -4874.5809
1611 -4874.5812
1612 -4874.5814
1613 -4874.0556
1614 -4874.4150
1615 -4874.5210
1616 -4874.5566
1617 -4874.5702
1618 -4874.5760
1619 -4874.5788
1620 -4874.5800
1621 -4874.5808
1622 -4874.5811
1623 -4874.5812
1624 -4874.0549
1625 -4874.4162
1626 -4874.5215
1627 -4874.5568
1628 -4874.5702
1629 -4874.5759
1630 -4874.5787
1631 -4874.5799
1632 -4874.5806
1633 -4874.5809
1634 -4874.5811
1635 -4874.0543
1636 -4874.4173
1637 -4874.5222
1638 -4874.5570
1639 -4874.5703
1640 -4874.5759
1641 -4874.5786
1642 -4874.5798
1643 -4874.5805
1644 -4874.5808
1645 -4874.5809
1646 -4874.0301
1647 -4874.4073
1648 -4874.5174
1649 -4874.5546
1650 -4874.5690
1651 -4874.5752
1652 -4874.5782
1653 -4874.5795
1654 -4874.5803
1655 -4874.5806
1656 -4874.5808
1657 -4874.0296
1658 -4874.4088
1659 -4874.5180
1660 -4874.5548
1661 -4874.5690
1662 -4874.5752
1663 -4874.5780
1664 -4874.5794
1665 -4874.5802
1666 -4874.5805
1667 -4874.5806
1668 -4874.0534
1669 -4874.4074
1670 -4874.5165
1671 -4874.5540
1672 -4874.5686
1673 -4874.5748
1674 -4874.5777
1675 -4874.5791
1676 -4874.5799
1677 -4874.5803
1678 -4874.5805
1679 -4874.0527
1680 -4874.4085
1681 -4874.5171
1682 -4874.5542
1683 -4874.5686
1684 -4874.5748
1685 -4874.5776
1686 -4874.5790
1687 -4874.5797
1688 -4874.5800
1689 -4874.5803
1690 -4874.0520
1691 -4874.4097
1692 -4874.5177
1693 -4874.5544
1694 -4874.5687
1695 -4874.5747
1696 -4874.5775
1697 -4874.5789
1698 -4874.5796
1699 -4874.5799
1700 -4874.5800
1701 -4874.0513
1702 -4874.4109
1703 -4874.5182
1704 -4874.5546
1705 -4874.5687
1706 -4874.5746
1707 -4874.5774
1708 -4874.5788
1709 -4874.5793
1710 -4874.5797
1711 -4874.5799
1712 -4874.0507
1713 -4874.4120
1714 -4874.5188
1715 -4874.5548
1716 -4874.5687
1717 -4874.5745
1718 -4874.5773
1719 -4874.5787
1720 -4874.5792
1721 -4874.5796
1722 -4874.5797
1723 -4874.0500
1724 -4874.4131
1725 -4874.5194
1726 -4874.5550
1727 -4874.5688
1728 -4874.5745
1729 -4874.5772
1730 -4874.5786
1731 -4874.5791
1732 -4874.5794
1733 -4874.5796
1734 -4874.0494
1735 -4874.4143
1736 -4874.5199
1737 -4874.5552
1738 -4874.5688
1739 -4874.5744
1740 -4874.5771
1741 -4874.5783
1742 -4874.5790
1743 -4874.5793
1744 -4874.5794
1745 -4874.0255
1746 -4874.4043
1747 -4874.5151
1748 -4874.5528
1749 -4874.5676
1750 -4874.5737
1751 -4874.5767
1752 -4874.5781
1753 -4874.5788
1754 -4874.5791
1755 -4874.5792
1756 -4874.0249
1757 -4874.4056
1758 -4874.5158
1759 -4874.5530
1760 -4874.5676
1761 -4874.5737
1762 -4874.5766
1763 -4874.5780
1764 -4874.5788
1765 -4874.5789
1766 -4874.5791
1767 -4874.0486
1768 -4874.4043
1769 -4874.5142
1770 -4874.5523
1771 -4874.5672
1772 -4874.5733
1773 -4874.5763
1774 -4874.5777
1775 -4874.5785
1776 -4874.5788
1777 -4874.5789
1778 -4874.0479
1779 -4874.4054
1780 -4874.5148
1781 -4874.5525
1782 -4874.5672
1783 -4874.5732
1784 -4874.5762
1785 -4874.5776
1786 -4874.5783
1787 -4874.5787
1788 -4874.5788
1789 -4874.0472
1790 -4874.4066
1791 -4874.5154
1792 -4874.5526
1793 -4874.5672
1794 -4874.5732
1795 -4874.5761
1796 -4874.5774
1797 -4874.5781
1798 -4874.5786
1799 -4874.5787
1800 -4874.0464
1801 -4874.4078
1802 -4874.5160
1803 -4874.5528
1804 -4874.5672
1805 -4874.5731
1806 -4874.5760
1807 -4874.5773
1808 -4874.5780
1809 -4874.5783
1810 -4874.5786
1811 -4874.0458
1812 -4874.4089
1813 -4874.5166
1814 -4874.5530
1815 -4874.5673
1816 -4874.5730
1817 -4874.5759
1818 -4874.5772
1819 -4874.5778
1820 -4874.5781
1821 -4874.5783
1822 -4874.0451
1823 -4874.4101
1824 -4874.5171
1825 -4874.5532
1826 -4874.5673
1827 -4874.5730
1828 -4874.5757
1829 -4874.5770
1830 -4874.5777
1831 -4874.5780
1832 -4874.5782
1833 -4874.0445
1834 -4874.4113
1835 -4874.5177
1836 -4874.5534
1837 -4874.5673
1838 -4874.5731
1839 -4874.5757
1840 -4874.5769
1841 -4874.5775
1842 -4874.5778
1843 -4874.5780
1844 -4874.0207
1845 -4874.4013
1846 -4874.5129
1847 -4874.5510
1848 -4874.5661
1849 -4874.5724
1850 -4874.5752
1851 -4874.5767
1852 -4874.5773
1853 -4874.5777
1854 -4874.5778
1855 -4874.0201
1856 -4874.4027
1857 -4874.5136
1858 -4874.5512
1859 -4874.5662
1860 -4874.5723
1861 -4874.5752
1862 -4874.5765
1863 -4874.5772
1864 -4874.5775
1865 -4874.5777
1866 -4874.0437
1867 -4874.4008
1868 -4874.5120
1869 -4874.5504
1870 -4874.5657
1871 -4874.5719
1872 -4874.5749
1873 -4874.5763
1874 -4874.5770
1875 -4874.5773
1876 -4874.5775
1877 -4874.0430
1878 -4874.4023
1879 -4874.5126
1880 -4874.5506
1881 -4874.5657
1882 -4874.5718
1883 -4874.5747
1884 -4874.5762
1885 -4874.5768
1886 -4874.5772
1887 -4874.5773
1888 -4874.0423
1889 -4874.4034
1890 -4874.5131
1891 -4874.5508
1892 -4874.5657
1893 -4874.5718
1894 -4874.5746
1895 -4874.5760
1896 -4874.5767
1897 -4874.5770
1898 -4874.5772
1899 -4874.0416
1900 -4874.4046
1901 -4874.5137
1902 -4874.5510
1903 -4874.5658
1904 -4874.5717
1905 -4874.5745
1906 -4874.5759
1907 -4874.5765
1908 -4874.5769
1909 -4874.5771
1910 -4874.0409
1911 -4874.4058
1912 -4874.5143
1913 -4874.5512
1914 -4874.5658
1915 -4874.5717
1916 -4874.5744
1917 -4874.5758
1918 -4874.5764
1919 -4874.5767
1920 -4874.5769
1921 -4874.0403
1922 -4874.4070
1923 -4874.5149
1924 -4874.5514
1925 -4874.5658
1926 -4874.5716
1927 -4874.5743
1928 -4874.5756
1929 -4874.5763
1930 -4874.5766
1931 -4874.5767
1932 -4874.0397
1933 -4874.4082
1934 -4874.5155
1935 -4874.5517
1936 -4874.5658
1937 -4874.5715
1938 -4874.5742
1939 -4874.5755
1940 -4874.5761
1941 -4874.5764
1942 -4874.5766
1943 -4874.0159
1944 -4874.3984
1945 -4874.5108
1946 -4874.5493
1947 -4874.5646
1948 -4874.5709
1949 -4874.5738
1950 -4874.5752
1951 -4874.5759
1952 -4874.5763
1953 -4874.5764
1954 -4874.0153
1955 -4874.3997
1956 -4874.5115
1957 -4874.5496
1958 -4874.5647
1959 -4874.5708
1960 -4874.5737
1961 -4874.5751
1962 -4874.5758
1963 -4874.5761
1964 -4874.5763
1965 -4874.0389
1966 -4874.3976
1967 -4874.5096
1968 -4874.5485
1969 -4874.5641
1970 -4874.5704
1971 -4874.5734
1972 -4874.5749
1973 -4874.5756
1974 -4874.5759
1975 -4874.5761
1976 -4874.0381
1977 -4874.3989
1978 -4874.5102
1979 -4874.5487
1980 -4874.5641
1981 -4874.5703
1982 -4874.5732
1983 -4874.5747
1984 -4874.5754
1985 -4874.5758
1986 -4874.5759
1987 -4874.0374
1988 -4874.4000
1989 -4874.5108
1990 -4874.5489
1991 -4874.5641
1992 -4874.5703
1993 -4874.5731
1994 -4874.5746
1995 -4874.5752
1996 -4874.5756
1997 -4874.5758
1998 -4874.0368
1999 -4874.4013
2000 -4874.5114
2001 -4874.5491
2002 -4874.5641
2003 -4874.5702
2004 -4874.5730
2005 -4874.5744
2006 -4874.5751
2007 -4874.5754
2008 -4874.5756
2009 -4874.0361
2010 -4874.4024
2011 -4874.5120
2012 -4874.5494
2013 -4874.5642
2014 -4874.5701
2015 -4874.5731
2016 -4874.5743
2017 -4874.5749
2018 -4874.5753
2019 -4874.5754
2020 -4874.0355
2021 -4874.4039
2022 -4874.5127
2023 -4874.5496
2024 -4874.5642
2025 -4874.5701
2026 -4874.5729
2027 -4874.5742
2028 -4874.5748
2029 -4874.5751
2030 -4874.5753
2031 -4874.0349
2032 -4874.4051
2033 -4874.5132
2034 -4874.5497
2035 -4874.5642
2036 -4874.5700
2037 -4874.5728
2038 -4874.5740
2039 -4874.5747
2040 -4874.5750
2041 -4874.5752
2042 -4874.0112
2043 -4874.3953
2044 -4874.5086
2045 -4874.5474
2046 -4874.5630
2047 -4874.5694
2048 -4874.5724
2049 -4874.5738
2050 -4874.5745
2051 -4874.5748
2052 -4874.5750
2053 -4874.0106
2054 -4874.3967
2055 -4874.5093
2056 -4874.5477
2057 -4874.5630
2058 -4874.5693
2059 -4874.5723
2060 -4874.5737
2061 -4874.5743
2062 -4874.5747
2063 -4874.5748
2064 -4874.0340
2065 -4874.3944
2066 -4874.5072
2067 -4874.5467
2068 -4874.5624
2069 -4874.5689
2070 -4874.5720
2071 -4874.5734
2072 -4874.5741
2073 -4874.5745
2074 -4874.5747
2075 -4874.0333
2076 -4874.3957
2077 -4874.5078
2078 -4874.5469
2079 -4874.5624
2080 -4874.5689
2081 -4874.5718
2082 -4874.5732
2083 -4874.5739
2084 -4874.5743
2085 -4874.5745
2086 -4874.0326
2087 -4874.3969
2088 -4874.5085
2089 -4874.5471
2090 -4874.5624
2091 -4874.5688
2092 -4874.5717
2093 -4874.5731
2094 -4874.5738
2095 -4874.5741
2096 -4874.5743
2097 -4874.0319
2098 -4874.3981
2099 -4874.5091
2100 -4874.5473
2101 -4874.5625
2102 -4874.5687
2103 -4874.5716
2104 -4874.5729
2105 -4874.5736
2106 -4874.5740
2107 -4874.5741
2108 -4874.0312
2109 -4874.3993
2110 -4874.5097
2111 -4874.5475
2112 -4874.5625
2113 -4874.5686
2114 -4874.5715
2115 -4874.5729
2116 -4874.5735
2117 -4874.5738
2118 -4874.5739
2119 -4874.0306
2120 -4874.4006
2121 -4874.5103
2122 -4874.5477
2123 -4874.5625
2124 -4874.5686
2125 -4874.5714
2126 -4874.5728
2127 -4874.5733
2128 -4874.5737
2129 -4874.5738
2130 -4874.0300
2131 -4874.4018
2132 -4874.5110
2133 -4874.5480
2134 -4874.5625
2135 -4874.5686
2136 -4874.5713
2137 -4874.5726
2138 -4874.5732
2139 -4874.5735
2140 -4874.5737
2141 -4874.0064
2142 -4874.3921
2143 -4874.5063
2144 -4874.5456
2145 -4874.5613
2146 -4874.5679
2147 -4874.5709
2148 -4874.5724
2149 -4874.5730
2150 -4874.5734
2151 -4874.5735
2152 -4874.0059
2153 -4874.3937
2154 -4874.5070
2155 -4874.5459
2156 -4874.5614
2157 -4874.5678
2158 -4874.5708
2159 -4874.5723
2160 -4874.5729
2161 -4874.5732
2162 -4874.5733
2163 -4874.0292
2164 -4874.3911
2165 -4874.5048
2166 -4874.5449
2167 -4874.5607
2168 -4874.5675
2169 -4874.5704
2170 -4874.5720
2171 -4874.5727
2172 -4874.5730
2173 -4874.5732
2174 -4874.0284
2175 -4874.3924
2176 -4874.5055
2177 -4874.5451
2178 -4874.5607
2179 -4874.5674
2180 -4874.5703
2181 -4874.5718
2182 -4874.5726
2183 -4874.5729
2184 -4874.5730
2185 -4874.0277
2186 -4874.3936
2187 -4874.5061
2188 -4874.5453
2189 -4874.5607
2190 -4874.5673
2191 -4874.5702
2192 -4874.5717
2193 -4874.5724
2194 -4874.5727
2195 -4874.5729
2196 -4874.0271
2197 -4874.3949
2198 -4874.5068
2199 -4874.5455
2200 -4874.5608
2201 -4874.5672
2202 -4874.5701
2203 -4874.5716
2204 -4874.5722
2205 -4874.5726
2206 -4874.5728
2207 -4874.0264
2208 -4874.3962
2209 -4874.5073
2210 -4874.5458
2211 -4874.5608
2212 -4874.5672
2213 -4874.5700
2214 -4874.5714
2215 -4874.5721
2216 -4874.5725
2217 -4874.5726
2218 -4874.0257
2219 -4874.3974
2220 -4874.5080
2221 -4874.5460
2222 -4874.5608
2223 -4874.5671
2224 -4874.5699
2225 -4874.5713
2226 -4874.5719
2227 -4874.5723
2228 -4874.5725
2229 -4874.0251
2230 -4874.3986
2231 -4874.5086
2232 -4874.5462
2233 -4874.5609
2234 -4874.5671
2235 -4874.5698
2236 -4874.5712
2237 -4874.5718
2238 -4874.5721
2239 -4874.5723
2240 -4874.0017
2241 -4874.3890
2242 -4874.5041
2243 -4874.5438
2244 -4874.5597
2245 -4874.5664
2246 -4874.5694
2247 -4874.5709
2248 -4874.5716
2249 -4874.5719
2250 -4874.5721
2251 -4874.0011
2252 -4874.3904
2253 -4874.5048
2254 -4874.5441
2255 -4874.5597
2256 -4874.5664
2257 -4874.5693
2258 -4874.5707
2259 -4874.5715
2260 -4874.5718
2261 -4874.5720
2262 -4874.0243
2263 -4874.3879
2264 -4874.5024
2265 -4874.5429
2266 -4874.5588
2267 -4874.5660
2268 -4874.5690
2269 -4874.5704
2270 -4874.5712
2271 -4874.5716
2272 -4874.5718
2273 -4874.0236
2274 -4874.3891
2275 -4874.5031
2276 -4874.5431
2277 -4874.5589
2278 -4874.5659
2279 -4874.5689
2280 -4874.5703
2281 -4874.5710
2282 -4874.5714
2283 -4874.5716
2284 -4874.0229
2285 -4874.3904
2286 -4874.5037
2287 -4874.5434
2288 -4874.5589
2289 -4874.5658
2290 -4874.5687
2291 -4874.5701
2292 -4874.5709
2293 -4874.5713
2294 -4874.5714
2295 -4874.0223
2296 -4874.3917
2297 -4874.5044
2298 -4874.5436
2299 -4874.5589
2300 -4874.5657
2301 -4874.5686
2302 -4874.5700
2303 -4874.5707
2304 -4874.5711
2305 -4874.5712
2306 -4874.0216
2307 -4874.3929
2308 -4874.5050
2309 -4874.5438
2310 -4874.5589
2311 -4874.5657
2312 -4874.5685
2313 -4874.5699
2314 -4874.5706
2315 -4874.5709
2316 -4874.5711
2317 -4874.0210
2318 -4874.3942
2319 -4874.5057
2320 -4874.5441
2321 -4874.5590
2322 -4874.5656
2323 -4874.5685
2324 -4874.5698
2325 -4874.5704
2326 -4874.5708
2327 -4874.5709
2328 -4874.0203
2329 -4874.3955
2330 -4874.5063
2331 -4874.5443
2332 -4874.5590
2333 -4874.5656
2334 -4874.5684
2335 -4874.5696
2336 -4874.5703
2337 -4874.5706
2338 -4874.5708
2339 -4873.9970
2340 -4874.3860
2341 -4874.5018
2342 -4874.5420
2343 -4874.5579
2344 -4874.5650
2345 -4874.5680
2346 -4874.5693
2347 -4874.5701
2348 -4874.5704
2349 -4874.5706
2350 -4873.9964
2351 -4874.3874
2352 -4874.5025
2353 -4874.5423
2354 -4874.5579
2355 -4874.5649
2356 -4874.5679
2357 -4874.5692
2358 -4874.5699
2359 -4874.5703
2360 -4874.5704
2361 -4874.0195
2362 -4874.3846
2363 -4874.5000
2364 -4874.5408
2365 -4874.5571
2366 -4874.5644
2367 -4874.5676
2368 -4874.5690
2369 -4874.5697
2370 -4874.5701
2371 -4874.5703
2372 -4874.0188
2373 -4874.3859
2374 -4874.5007
2375 -4874.5410
2376 -4874.5571
2377 -4874.5643
2378 -4874.5674
2379 -4874.5689
2380 -4874.5695
2381 -4874.5699
2382 -4874.5701
2383 -4874.0181
2384 -4874.3872
2385 -4874.5014
2386 -4874.5413
2387 -4874.5571
2388 -4874.5642
2389 -4874.5673
2390 -4874.5686
2391 -4874.5693
2392 -4874.5697
2393 -4874.5699
2394 -4874.0174
2395 -4874.3885
2396 -4874.5020
2397 -4874.5415
2398 -4874.5572
2399 -4874.5641
2400 -4874.5672
2401 -4874.5685
2402 -4874.5692
2403 -4874.5695
2404 -4874.5697
2405 -4874.0168
2406 -4874.3897
2407 -4874.5027
2408 -4874.5417
2409 -4874.5572
2410 -4874.5641
2411 -4874.5671
2412 -4874.5685
2413 -4874.5690
2414 -4874.5694
2415 -4874.5695
2416 -4874.0162
2417 -4874.3910
2418 -4874.5033
2419 -4874.5419
2420 -4874.5573
2421 -4874.5640
2422 -4874.5670
2423 -4874.5684
2424 -4874.5690
2425 -4874.5692
2426 -4874.5694
2427 -4874.0156
2428 -4874.3923
2429 -4874.5039
2430 -4874.5422
2431 -4874.5573
2432 -4874.5639
2433 -4874.5668
2434 -4874.5683
2435 -4874.5688
2436 -4874.5691
2437 -4874.5692
2438 -4873.9924
2439 -4874.3828
2440 -4874.4995
2441 -4874.5401
2442 -4874.5561
2443 -4874.5633
2444 -4874.5665
2445 -4874.5680
2446 -4874.5686
2447 -4874.5690
2448 -4874.5691
2449 -4873.9919
2450 -4874.3842
2451 -4874.5002
2452 -4874.5404
2453 -4874.5562
2454 -4874.5633
2455 -4874.5664
2456 -4874.5679
2457 -4874.5685
2458 -4874.5688
2459 -4874.5690
2460 -4874.0149
2461 -4874.3813
2462 -4874.4976
2463 -4874.5387
2464 -4874.5553
2465 -4874.5627
2466 -4874.5660
2467 -4874.5676
2468 -4874.5683
2469 -4874.5686
2470 -4874.5688
2471 -4874.0141
2472 -4874.3826
2473 -4874.4982
2474 -4874.5390
2475 -4874.5553
2476 -4874.5626
2477 -4874.5659
2478 -4874.5674
2479 -4874.5682
2480 -4874.5684
2481 -4874.5686
2482 -4874.0134
2483 -4874.3839
2484 -4874.4990
2485 -4874.5392
2486 -4874.5553
2487 -4874.5625
2488 -4874.5658
2489 -4874.5672
2490 -4874.5680
2491 -4874.5684
2492 -4874.5684
2493 -4874.0127
2494 -4874.3852
2495 -4874.4996
2496 -4874.5395
2497 -4874.5554
2498 -4874.5625
2499 -4874.5657
2500 -4874.5671
2501 -4874.5679
2502 -4874.5682
2503 -4874.5684
2504 -4874.0121
2505 -4874.3865
2506 -4874.5003
2507 -4874.5397
2508 -4874.5554
2509 -4874.5624
2510 -4874.5656
2511 -4874.5669
2512 -4874.5677
2513 -4874.5680
2514 -4874.5682
2515 -4874.0114
2516 -4874.3878
2517 -4874.5009
2518 -4874.5400
2519 -4874.5554
2520 -4874.5623
2521 -4874.5654
2522 -4874.5668
2523 -4874.5675
2524 -4874.5679
2525 -4874.5680
2526 -4874.0108
2527 -4874.3891
2528 -4874.5016
2529 -4874.5402
2530 -4874.5554
2531 -4874.5623
2532 -4874.5653
2533 -4874.5667
2534 -4874.5674
2535 -4874.5677
2536 -4874.5679
2537 -4873.9877
2538 -4874.3797
2539 -4874.4971
2540 -4874.5380
2541 -4874.5543
2542 -4874.5616
2543 -4874.5649
2544 -4874.5664
2545 -4874.5672
2546 -4874.5675
2547 -4874.5677
2548 -4873.9871
2549 -4874.3812
2550 -4874.4979
2551 -4874.5383
2552 -4874.5544
2553 -4874.5616
2554 -4874.5648
2555 -4874.5662
2556 -4874.5670
2557 -4874.5674
2558 -4874.5675
2559 -4874.0100
2560 -4874.3780
2561 -4874.4952
2562 -4874.5367
2563 -4874.5535
2564 -4874.5610
2565 -4874.5644
2566 -4874.5660
2567 -4874.5667
2568 -4874.5671
2569 -4874.5673
2570 -4874.0092
2571 -4874.3793
2572 -4874.4958
2573 -4874.5370
2574 -4874.5535
2575 -4874.5609
2576 -4874.5643
2577 -4874.5659
2578 -4874.5666
2579 -4874.5669
2580 -4874.5671
2581 -4874.0086
2582 -4874.3806
2583 -4874.4965
2584 -4874.5373
2585 -4874.5535
2586 -4874.5608
2587 -4874.5642
2588 -4874.5657
2589 -4874.5664
2590 -4874.5667
2591 -4874.5670
2592 -4874.0079
2593 -4874.3819
2594 -4874.4972
2595 -4874.5375
2596 -4874.5536
2597 -4874.5608
2598 -4874.5640
2599 -4874.5656
2600 -4874.5663
2601 -4874.5666
2602 -4874.5668
2603 -4874.0072
2604 -4874.3833
2605 -4874.4979
2606 -4874.5377
2607 -4874.5536
2608 -4874.5607
2609 -4874.5639
2610 -4874.5654
2611 -4874.5662
2612 -4874.5664
2613 -4874.5666
2614 -4874.0065
2615 -4874.3846
2616 -4874.4985
2617 -4874.5380
2618 -4874.5536
2619 -4874.5607
2620 -4874.5638
2621 -4874.5653
2622 -4874.5660
2623 -4874.5664
2624 -4874.5664
2625 -4874.0059
2626 -4874.3859
2627 -4874.4992
2628 -4874.5382
2629 -4874.5537
2630 -4874.5605
2631 -4874.5637
2632 -4874.5652
2633 -4874.5659
2634 -4874.5662
2635 -4874.5664
2636 -4873.9829
2637 -4874.3766
2638 -4874.4948
2639 -4874.5361
2640 -4874.5526
2641 -4874.5599
2642 -4874.5633
2643 -4874.5649
2644 -4874.5657
2645 -4874.5660
2646 -4874.5662
2647 -4873.9823
2648 -4874.3781
2649 -4874.4956
2650 -4874.5364
2651 -4874.5526
2652 -4874.5598
2653 -4874.5632
2654 -4874.5648
2655 -4874.5655
2656 -4874.5659
2657 -4874.5660
2658 -4874.0051
2659 -4874.3747
2660 -4874.4927
2661 -4874.5348
2662 -4874.5517
2663 -4874.5592
2664 -4874.5627
2665 -4874.5644
2666 -4874.5653
2667 -4874.5656
2668 -4874.5658
2669 -4874.0044
2670 -4874.3760
2671 -4874.4934
2672 -4874.5350
2673 -4874.5517
2674 -4874.5591
2675 -4874.5626
2676 -4874.5643
2677 -4874.5651
2678 -4874.5655
2679 -4874.5657
2680 -4874.0036
2681 -4874.3774
2682 -4874.4941
2683 -4874.5353
2684 -4874.5518
2685 -4874.5590
2686 -4874.5625
2687 -4874.5641
2688 -4874.5649
2689 -4874.5653
2690 -4874.5655
2691 -4874.0030
2692 -4874.3787
2693 -4874.4947
2694 -4874.5355
2695 -4874.5518
2696 -4874.5590
2697 -4874.5624
2698 -4874.5640
2699 -4874.5647
2700 -4874.5651
2701 -4874.5653
2702 -4874.0023
2703 -4874.3800
2704 -4874.4955
2705 -4874.5358
2706 -4874.5519
2707 -4874.5589
2708 -4874.5623
2709 -4874.5638
2710 -4874.5646
2711 -4874.5650
2712 -4874.5651
2713 -4874.0017
2714 -4874.3813
2715 -4874.4962
2716 -4874.5360
2717 -4874.5519
2718 -4874.5588
2719 -4874.5622
2720 -4874.5637
2721 -4874.5644
2722 -4874.5648
2723 -4874.5649
2724 -4874.0011
2725 -4874.3827
2726 -4874.4968
2727 -4874.5363
2728 -4874.5520
2729 -4874.5588
2730 -4874.5620
2731 -4874.5635
2732 -4874.5643
2733 -4874.5646
2734 -4874.5648
2735 -4873.9781
2736 -4874.3735
2737 -4874.4925
2738 -4874.5341
2739 -4874.5508
2740 -4874.5582
2741 -4874.5617
2742 -4874.5633
2743 -4874.5640
2744 -4874.5644
2745 -4874.5646
2746 -4873.9776
2747 -4874.3750
2748 -4874.4933
2749 -4874.5344
2750 -4874.5509
2751 -4874.5581
2752 -4874.5616
2753 -4874.5631
2754 -4874.5639
2755 -4874.5643
2756 -4874.5644
2757 -4874.0002
2758 -4874.3715
2759 -4874.4902
2760 -4874.5329
2761 -4874.5499
2762 -4874.5574
2763 -4874.5611
2764 -4874.5628
2765 -4874.5636
2766 -4874.5640
2767 -4874.5642
2768 -4873.9995
2769 -4874.3729
2770 -4874.4909
2771 -4874.5331
2772 -4874.5499
2773 -4874.5574
2774 -4874.5610
2775 -4874.5626
2776 -4874.5634
2777 -4874.5638
2778 -4874.5640
2779 -4873.9988
2780 -4874.3740
2781 -4874.4916
2782 -4874.5334
2783 -4874.5499
2784 -4874.5573
2785 -4874.5608
2786 -4874.5625
2787 -4874.5633
2788 -4874.5637
2789 -4874.5638
2790 -4873.9981
2791 -4874.3754
2792 -4874.4923
2793 -4874.5337
2794 -4874.5500
2795 -4874.5572
2796 -4874.5607
2797 -4874.5623
2798 -4874.5631
2799 -4874.5635
2800 -4874.5637
2801 -4873.9974
2802 -4874.3768
2803 -4874.4930
2804 -4874.5340
2805 -4874.5500
2806 -4874.5572
2807 -4874.5605
2808 -4874.5622
2809 -4874.5629
2810 -4874.5633
2811 -4874.5635
2812 -4873.9968
2813 -4874.3781
2814 -4874.4937
2815 -4874.5342
2816 -4874.5501
2817 -4874.5571
2818 -4874.5603
2819 -4874.5620
2820 -4874.5628
2821 -4874.5631
2822 -4874.5633
2823 -4873.9962
2824 -4874.3795
2825 -4874.4944
2826 -4874.5343
2827 -4874.5501
2828 -4874.5571
2829 -4874.5602
2830 -4874.5619
2831 -4874.5626
2832 -4874.5630
2833 -4874.5631
2834 -4873.9734
2835 -4874.3703
2836 -4874.4901
2837 -4874.5322
2838 -4874.5490
2839 -4874.5564
2840 -4874.5599
2841 -4874.5616
2842 -4874.5624
2843 -4874.5628
2844 -4874.5629
2845 -4873.9728
2846 -4874.3718
2847 -4874.4909
2848 -4874.5325
2849 -4874.5491
2850 -4874.5564
2851 -4874.5598
2852 -4874.5615
2853 -4874.5622
2854 -4874.5626
2855 -4874.5628
2856 -4873.9954
2857 -4874.3682
2858 -4874.4876
2859 -4874.5308
2860 -4874.5480
2861 -4874.5556
2862 -4874.5593
2863 -4874.5611
2864 -4874.5620
2865 -4874.5624
2866 -4874.5626
2867 -4873.9946
2868 -4874.3697
2869 -4874.4884
2870 -4874.5311
2871 -4874.5481
2872 -4874.5556
2873 -4874.5591
2874 -4874.5610
2875 -4874.5618
2876 -4874.5622
2877 -4874.5624
2878 -4873.9939
2879 -4874.3710
2880 -4874.4891
2881 -4874.5314
2882 -4874.5481
2883 -4874.5555
2884 -4874.5590
2885 -4874.5608
2886 -4874.5616
2887 -4874.5620
2888 -4874.5622
2889 -4873.9932
2890 -4874.3723
2891 -4874.4898
2892 -4874.5316
2893 -4874.5482
2894 -4874.5554
2895 -4874.5589
2896 -4874.5607
2897 -4874.5614
2898 -4874.5618
2899 -4874.5620
2900 -4873.9925
2901 -4874.3736
2902 -4874.4906
2903 -4874.5319
2904 -4874.5482
2905 -4874.5554
2906 -4874.5588
2907 -4874.5604
2908 -4874.5613
2909 -4874.5617
2910 -4874.5618
2911 -4873.9919
2912 -4874.3748
2913 -4874.4913
2914 -4874.5322
2915 -4874.5483
2916 -4874.5553
2917 -4874.5587
2918 -4874.5602
2919 -4874.5611
2920 -4874.5615
2921 -4874.5617
2922 -4873.9913
2923 -4874.3763
2924 -4874.4920
2925 -4874.5324
2926 -4874.5484
2927 -4874.5553
2928 -4874.5585
2929 -4874.5601
2930 -4874.5610
2931 -4874.5613
2932 -4874.5615
2933 -4873.9685
2934 -4874.3672
2935 -4874.4877
2936 -4874.5303
2937 -4874.5472
2938 -4874.5546
2939 -4874.5582
2940 -4874.5598
2941 -4874.5607
2942 -4874.5611
2943 -4874.5613
2944 -4873.9680
2945 -4874.3687
2946 -4874.4885
2947 -4874.5307
2948 -4874.5473
2949 -4874.5546
2950 -4874.5581
2951 -4874.5597
2952 -4874.5606
2953 -4874.5610
2954 -4874.5611
2955 -4873.9905
2956 -4874.3649
2957 -4874.4852
2958 -4874.5287
2959 -4874.5463
2960 -4874.5539
2961 -4874.5575
2962 -4874.5593
2963 -4874.5602
2964 -4874.5607
2965 -4874.5609
2966 -4873.9897
2967 -4874.3663
2968 -4874.4860
2969 -4874.5290
2970 -4874.5463
2971 -4874.5538
2972 -4874.5574
2973 -4874.5591
2974 -4874.5600
2975 -4874.5604
2976 -4874.5607
2977 -4873.9890
2978 -4874.3677
2979 -4874.4867
2980 -4874.5293
2981 -4874.5464
2982 -4874.5537
2983 -4874.5573
2984 -4874.5590
2985 -4874.5598
2986 -4874.5602
2987 -4874.5604
2988 -4873.9883
2989 -4874.3691
2990 -4874.4875
2991 -4874.5296
2992 -4874.5464
2993 -4874.5537
2994 -4874.5572
2995 -4874.5588
2996 -4874.5596
2997 -4874.5600
2998 -4874.5602
2999 -4873.9877
3000 -4874.3705
3001 -4874.4881
3002 -4874.5298
3003 -4874.5465
3004 -4874.5536
3005 -4874.5570
3006 -4874.5587
3007 -4874.5595
3008 -4874.5598
3009 -4874.5600
3010 -4873.9871
3011 -4874.3719
3012 -4874.4888
3013 -4874.5301
3014 -4874.5465
3015 -4874.5535
3016 -4874.5569
3017 -4874.5585
3018 -4874.5593
3019 -4874.5597
3020 -4874.5599
3021 -4873.9865
3022 -4874.3731
3023 -4874.4895
3024 -4874.5304
3025 -4874.5466
3026 -4874.5536
3027 -4874.5568
3028 -4874.5584
3029 -4874.5591
3030 -4874.5595
3031 -4874.5597
3032 -4873.9639
3033 -4874.3639
3034 -4874.4853
3035 -4874.5283
3036 -4874.5455
3037 -4874.5530
3038 -4874.5565
3039 -4874.5582
3040 -4874.5589
3041 -4874.5593
3042 -4874.5595
3043 -4873.9633
3044 -4874.3656
3045 -4874.4861
3046 -4874.5286
3047 -4874.5456
3048 -4874.5530
3049 -4874.5563
3050 -4874.5580
3051 -4874.5588
3052 -4874.5591
3053 -4874.5593
3054 -4873.9857
3055 -4874.3615
3056 -4874.4827
3057 -4874.5266
3058 -4874.5444
3059 -4874.5521
3060 -4874.5557
3061 -4874.5576
3062 -4874.5584
3063 -4874.5589
3064 -4874.5591
3065 -4873.9849
3066 -4874.3629
3067 -4874.4834
3068 -4874.5269
3069 -4874.5444
3070 -4874.5520
3071 -4874.5556
3072 -4874.5574
3073 -4874.5583
3074 -4874.5587
3075 -4874.5589
3076 -4873.9842
3077 -4874.3643
3078 -4874.4842
3079 -4874.5272
3080 -4874.5445
3081 -4874.5520
3082 -4874.5555
3083 -4874.5573
3084 -4874.5581
3085 -4874.5585
3086 -4874.5587
3087 -4873.9835
3088 -4874.3658
3089 -4874.4850
3090 -4874.5275
3091 -4874.5445
3092 -4874.5519
3093 -4874.5554
3094 -4874.5571
3095 -4874.5579
3096 -4874.5583
3097 -4874.5585
3098 -4873.9828
3099 -4874.3671
3100 -4874.4857
3101 -4874.5279
3102 -4874.5446
3103 -4874.5518
3104 -4874.5553
3105 -4874.5569
3106 -4874.5578
3107 -4874.5582
3108 -4874.5583
3109 -4873.9823
3110 -4874.3685
3111 -4874.4865
3112 -4874.5281
3113 -4874.5446
3114 -4874.5518
3115 -4874.5551
3116 -4874.5568
3117 -4874.5576
3118 -4874.5580
3119 -4874.5582
3120 -4873.9817
3121 -4874.3700
3122 -4874.4872
3123 -4874.5283
3124 -4874.5447
3125 -4874.5517
3126 -4874.5550
3127 -4874.5567
3128 -4874.5574
3129 -4874.5578
3130 -4874.5580
3131 -4873.9592
3132 -4874.3611
3133 -4874.4829
3134 -4874.5262
3135 -4874.5436
3136 -4874.5512
3137 -4874.5547
3138 -4874.5563
3139 -4874.5572
3140 -4874.5576
3141 -4874.5578
3142 -4873.9586
3143 -4874.3626
3144 -4874.4837
3145 -4874.5265
3146 -4874.5438
3147 -4874.5511
3148 -4874.5546
3149 -4874.5562
3150 -4874.5571
3151 -4874.5574
3152 -4874.5576
3153 -4873.9809
3154 -4874.3581
3155 -4874.4799
3156 -4874.5244
3157 -4874.5423
3158 -4874.5503
3159 -4874.5540
3160 -4874.5558
3161 -4874.5567
3162 -4874.5572
3163 -4874.5574
3164 -4873.9801
3165 -4874.3595
3166 -4874.4807
3167 -4874.5247
3168 -4874.5423
3169 -4874.5503
3170 -4874.5539
3171 -4874.5556
3172 -4874.5565
3173 -4874.5570
3174 -4874.5572
3175 -4873.9794
3176 -4874.3610
3177 -4874.4814
3178 -4874.5250
3179 -4874.5424
3180 -4874.5501
3181 -4874.5537
3182 -4874.5555
3183 -4874.5563
3184 -4874.5568
3185 -4874.5570
3186 -4873.9787
3187 -4874.3624
3188 -4874.4824
3189 -4874.5253
3190 -4874.5425
3191 -4874.5501
3192 -4874.5536
3193 -4874.5553
3194 -4874.5562
3195 -4874.5566
3196 -4874.5568
3197 -4873.9780
3198 -4874.3638
3199 -4874.4832
3200 -4874.5255
3201 -4874.5425
3202 -4874.5500
3203 -4874.5536
3204 -4874.5552
3205 -4874.5560
3206 -4874.5564
3207 -4874.5566
3208 -4873.9774
3209 -4874.3652
3210 -4874.4839
3211 -4874.5259
3212 -4874.5426
3213 -4874.5500
3214 -4874.5535
3215 -4874.5550
3216 -4874.5558
3217 -4874.5562
3218 -4874.5564
3219 -4873.9767
3220 -4874.3667
3221 -4874.4847
3222 -4874.5263
3223 -4874.5426
3224 -4874.5499
3225 -4874.5534
3226 -4874.5548
3227 -4874.5556
3228 -4874.5560
3229 -4874.5562
3230 -4873.9544
3231 -4874.3578
3232 -4874.4805
3233 -4874.5242
3234 -4874.5416
3235 -4874.5493
3236 -4874.5530
3237 -4874.5546
3238 -4874.5554
3239 -4874.5558
3240 -4874.5560
3241 -4873.9537
3242 -4874.3594
3243 -4874.4814
3244 -4874.5246
3245 -4874.5417
3246 -4874.5493
3247 -4874.5529
3248 -4874.5544
3249 -4874.5553
3250 -4874.5556
3251 -4874.5559
3252 -4873.9759
3253 -4874.3544
3254 -4874.4773
3255 -4874.5222
3256 -4874.5403
3257 -4874.5485
3258 -4874.5523
3259 -4874.5540
3260 -4874.5549
3261 -4874.5554
3262 -4874.5556
3263 -4873.9751
3264 -4874.3559
3265 -4874.4781
3266 -4874.5225
3267 -4874.5404
3268 -4874.5485
3269 -4874.5521
3270 -4874.5539
3271 -4874.5547
3272 -4874.5552
3273 -4874.5554
3274 -4873.9744
3275 -4874.3575
3276 -4874.4788
3277 -4874.5228
3278 -4874.5404
3279 -4874.5484
3280 -4874.5520
3281 -4874.5537
3282 -4874.5545
3283 -4874.5550
3284 -4874.5552
3285 -4873.9737
3286 -4874.3590
3287 -4874.4797
3288 -4874.5232
3289 -4874.5405
3290 -4874.5483
3291 -4874.5518
3292 -4874.5535
3293 -4874.5544
3294 -4874.5548
3295 -4874.5550
3296 -4873.9730
3297 -4874.3605
3298 -4874.4804
3299 -4874.5234
3300 -4874.5406
3301 -4874.5482
3302 -4874.5517
3303 -4874.5535
3304 -4874.5542
3305 -4874.5546
3306 -4874.5548
3307 -4873.9724
3308 -4874.3619
3309 -4874.4812
3310 -4874.5237
3311 -4874.5406
3312 -4874.5482
3313 -4874.5516
3314 -4874.5533
3315 -4874.5540
3316 -4874.5544
3317 -4874.5546
3318 -4873.9717
3319 -4874.3634
3320 -4874.4820
3321 -4874.5240
3322 -4874.5407
3323 -4874.5481
3324 -4874.5515
3325 -4874.5532
3326 -4874.5539
3327 -4874.5543
3328 -4874.5544
3329 -4873.9494
3330 -4874.3545
3331 -4874.4781
3332 -4874.5220
3333 -4874.5396
3334 -4874.5475
3335 -4874.5511
3336 -4874.5529
3337 -4874.5536
3338 -4874.5541
3339 -4874.5543
3340 -4873.9488
3341 -4874.3562
3342 -4874.4789
3343 -4874.5223
3344 -4874.5398
3345 -4874.5475
3346 -4874.5510
3347 -4874.5528
3348 -4874.5535
3349 -4874.5539
3350 -4874.5541
3351 -4873.9709
3352 -4874.3510
3353 -4874.4747
3354 -4874.5200
3355 -4874.5384
3356 -4874.5468
3357 -4874.5504
3358 -4874.5524
3359 -4874.5533
3360 -4874.5536
3361 -4874.5538
3362 -4873.9701
3363 -4874.3525
3364 -4874.4755
3365 -4874.5203
3366 -4874.5384
3367 -4874.5467
3368 -4874.5503
3369 -4874.5521
3370 -4874.5531
3371 -4874.5535
3372 -4874.5536
3373 -4873.9694
3374 -4874.3539
3375 -4874.4763
3376 -4874.5207
3377 -4874.5385
3378 -4874.5466
3379 -4874.5502
3380 -4874.5520
3381 -4874.5529
3382 -4874.5533
3383 -4874.5536
3384 -4873.9687
3385 -4874.3554
3386 -4874.4771
3387 -4874.5209
3388 -4874.5385
3389 -4874.5466
3390 -4874.5500
3391 -4874.5518
3392 -4874.5527
3393 -4874.5531
3394 -4874.5533
3395 -4873.9681
3396 -4874.3568
3397 -4874.4779
3398 -4874.5213
3399 -4874.5386
3400 -4874.5465
3401 -4874.5499
3402 -4874.5516
3403 -4874.5525
3404 -4874.5530
3405 -4874.5531
3406 -4873.9674
3407 -4874.3585
3408 -4874.4787
3409 -4874.5216
3410 -4874.5387
3411 -4874.5465
3412 -4874.5498
3413 -4874.5515
3414 -4874.5523
3415 -4874.5528
3416 -4874.5529
3417 -4873.9668
3418 -4874.3600
3419 -4874.4794
3420 -4874.5219
3421 -4874.5388
3422 -4874.5464
3423 -4874.5497
3424 -4874.5513
3425 -4874.5521
3426 -4874.5526
3427 -4874.5528
3428 -4873.9446
3429 -4874.3513
3430 -4874.4754
3431 -4874.5199
3432 -4874.5377
3433 -4874.5458
3434 -4874.5493
3435 -4874.5511
3436 -4874.5519
3437 -4874.5524
3438 -4874.5526
3439 -4873.9440
3440 -4874.3529
3441 -4874.4762
3442 -4874.5203
3443 -4874.5378
3444 -4874.5458
3445 -4874.5492
3446 -4874.5509
3447 -4874.5517
3448 -4874.5522
3449 -4874.5524
3450 -4873.9660
3451 -4874.3475
3452 -4874.4721
3453 -4874.5178
3454 -4874.5364
3455 -4874.5449
3456 -4874.5487
3457 -4874.5505
3458 -4874.5514
3459 -4874.5519
3460 -4874.5521
3461 -4873.9652
3462 -4874.3490
3463 -4874.4729
3464 -4874.5181
3465 -4874.5365
3466 -4874.5448
3467 -4874.5485
3468 -4874.5503
3469 -4874.5512
3470 -4874.5517
3471 -4874.5519
3472 -4873.9645
3473 -4874.3504
3474 -4874.4737
3475 -4874.5185
3476 -4874.5366
3477 -4874.5448
3478 -4874.5484
3479 -4874.5501
3480 -4874.5510
3481 -4874.5515
3482 -4874.5517
3483 -4873.9638
3484 -4874.3520
3485 -4874.4745
3486 -4874.5187
3487 -4874.5366
3488 -4874.5447
3489 -4874.5483
3490 -4874.5500
3491 -4874.5509
3492 -4874.5513
3493 -4874.5515
3494 -4873.9631
3495 -4874.3535
3496 -4874.4753
3497 -4874.5191
3498 -4874.5367
3499 -4874.5446
3500 -4874.5481
3501 -4874.5498
3502 -4874.5507
3503 -4874.5511
3504 -4874.5513
3505 -4873.9624
3506 -4874.3550
3507 -4874.4761
3508 -4874.5194
3509 -4874.5368
3510 -4874.5446
3511 -4874.5480
3512 -4874.5497
3513 -4874.5505
3514 -4874.5509
3515 -4874.5511
3516 -4873.9403
3517 -4874.3462
3518 -4874.4720
3519 -4874.5174
3520 -4874.5357
3521 -4874.5440
3522 -4874.5476
3523 -4874.5494
3524 -4874.5503
3525 -4874.5507
3526 -4874.5509
3527 -4873.9397
3528 -4874.3478
3529 -4874.4728
3530 -4874.5177
3531 -4874.5358
3532 -4874.5439
3533 -4874.5475
3534 -4874.5492
3535 -4874.5501
3536 -4874.5505
3537 -4874.5507
3538 -4873.9391
3539 -4874.3497
3540 -4874.4737
3541 -4874.5181
3542 -4874.5359
3543 -4874.5439
3544 -4874.5475
3545 -4874.5491
3546 -4874.5499
3547 -4874.5503
3548 -4874.5505
3549 -4873.9610
3550 -4874.3441
3551 -4874.4694
3552 -4874.5155
3553 -4874.5346
3554 -4874.5428
3555 -4874.5469
3556 -4874.5487
3557 -4874.5496
3558 -4874.5501
3559 -4874.5503
3560 -4873.9603
3561 -4874.3455
3562 -4874.4703
3563 -4874.5159
3564 -4874.5346
3565 -4874.5427
3566 -4874.5468
3567 -4874.5485
3568 -4874.5494
3569 -4874.5498
3570 -4874.5501
3571 -4873.9595
3572 -4874.3471
3573 -4874.4711
3574 -4874.5162
3575 -4874.5347
3576 -4874.5427
3577 -4874.5466
3578 -4874.5484
3579 -4874.5492
3580 -4874.5496
3581 -4874.5499
3582 -4873.9589
3583 -4874.3485
3584 -4874.4719
3585 -4874.5166
3586 -4874.5348
3587 -4874.5426
3588 -4874.5465
3589 -4874.5482
3590 -4874.5490
3591 -4874.5494
3592 -4874.5496
3593 -4873.9582
3594 -4874.3501
3595 -4874.4727
3596 -4874.5169
3597 -4874.5349
3598 -4874.5425
3599 -4874.5464
3600 -4874.5480
3601 -4874.5488
3602 -4874.5492
3603 -4874.5495
3604 -4873.9575
3605 -4874.3515
3606 -4874.4735
3607 -4874.5172
3608 -4874.5349
3609 -4874.5425
3610 -4874.5463
3611 -4874.5479
3612 -4874.5487
3613 -4874.5491
3614 -4874.5493
3615 -4873.9355
3616 -4874.3429
3617 -4874.4694
3618 -4874.5152
3619 -4874.5338
3620 -4874.5419
3621 -4874.5459
3622 -4874.5476
3623 -4874.5485
3624 -4874.5489
3625 -4874.5491
3626 -4873.9349
3627 -4874.3445
3628 -4874.4703
3629 -4874.5156
3630 -4874.5338
3631 -4874.5419
3632 -4874.5458
3633 -4874.5475
3634 -4874.5483
3635 -4874.5488
3636 -4874.5489
3637 -4873.9343
3638 -4874.3461
3639 -4874.4712
3640 -4874.5159
3641 -4874.5339
3642 -4874.5418
3643 -4874.5457
3644 -4874.5473
3645 -4874.5481
3646 -4874.5485
3647 -4874.5487
3648 -4873.9561
3649 -4874.3406
3650 -4874.4668
3651 -4874.5133
3652 -4874.5325
3653 -4874.5408
3654 -4874.5450
3655 -4874.5470
3656 -4874.5478
3657 -4874.5483
3658 -4874.5485
3659 -4873.9553
3660 -4874.3421
3661 -4874.4676
3662 -4874.5136
3663 -4874.5326
3664 -4874.5408
3665 -4874.5449
3666 -4874.5468
3667 -4874.5476
3668 -4874.5480
3669 -4874.5483
3670 -4873.9546
3671 -4874.3437
3672 -4874.4684
3673 -4874.5140
3674 -4874.5327
3675 -4874.5407
3676 -4874.5447
3677 -4874.5466
3678 -4874.5474
3679 -4874.5478
3680 -4874.5481
3681 -4873.9539
3682 -4874.3451
3683 -4874.4693
3684 -4874.5142
3685 -4874.5327
3686 -4874.5406
3687 -4874.5446
3688 -4874.5464
3689 -4874.5472
3690 -4874.5476
3691 -4874.5479
3692 -4873.9532
3693 -4874.3466
3694 -4874.4701
3695 -4874.5147
3696 -4874.5328
3697 -4874.5406
3698 -4874.5445
3699 -4874.5463
3700 -4874.5471
3701 -4874.5475
3702 -4874.5477
3703 -4873.9526
3704 -4874.3481
3705 -4874.4709
3706 -4874.5150
3707 -4874.5329
3708 -4874.5406
3709 -4874.5444
3710 -4874.5461
3711 -4874.5470
3712 -4874.5473
3713 -4874.5475
3714 -4873.9305
3715 -4874.3395
3716 -4874.4669
3717 -4874.5129
3718 -4874.5318
3719 -4874.5400
3720 -4874.5440
3721 -4874.5458
3722 -4874.5467
3723 -4874.5472
3724 -4874.5472
3725 -4873.9300
3726 -4874.3411
3727 -4874.4678
3728 -4874.5133
3729 -4874.5320
3730 -4874.5399
3731 -4874.5439
3732 -4874.5457
3733 -4874.5466
3734 -4874.5470
3735 -4874.5472
3736 -4873.9294
3737 -4874.3428
3738 -4874.4687
3739 -4874.5137
3740 -4874.5321
3741 -4874.5399
3742 -4874.5438
3743 -4874.5455
3744 -4874.5464
3745 -4874.5468
3746 -4874.5470
3747 -4873.9511
3748 -4874.3373
3749 -4874.4641
3750 -4874.5110
3751 -4874.5305
3752 -4874.5389
3753 -4874.5430
3754 -4874.5451
3755 -4874.5460
3756 -4874.5465
3757 -4874.5468
3758 -4873.9503
3759 -4874.3388
3760 -4874.4649
3761 -4874.5113
3762 -4874.5305
3763 -4874.5388
3764 -4874.5428
3765 -4874.5449
3766 -4874.5458
3767 -4874.5463
3768 -4874.5465
3769 -4873.9496
3770 -4874.3402
3771 -4874.4658
3772 -4874.5117
3773 -4874.5306
3774 -4874.5387
3775 -4874.5427
3776 -4874.5447
3777 -4874.5456
3778 -4874.5461
3779 -4874.5463
3780 -4873.9489
3781 -4874.3417
3782 -4874.4666
3783 -4874.5120
3784 -4874.5307
3785 -4874.5387
3786 -4874.5425
3787 -4874.5445
3788 -4874.5455
3789 -4874.5459
3790 -4874.5461
3791 -4873.9482
3792 -4874.3433
3793 -4874.4675
3794 -4874.5124
3795 -4874.5308
3796 -4874.5386
3797 -4874.5424
3798 -4874.5444
3799 -4874.5453
3800 -4874.5457
3801 -4874.5459
3802 -4873.9476
3803 -4874.3448
3804 -4874.4683
3805 -4874.5127
3806 -4874.5308
3807 -4874.5386
3808 -4874.5423
3809 -4874.5442
3810 -4874.5451
3811 -4874.5455
3812 -4874.5457
3813 -4873.9257
3814 -4874.3362
3815 -4874.4643
3816 -4874.5107
3817 -4874.5298
3818 -4874.5380
3819 -4874.5419
3820 -4874.5439
3821 -4874.5448
3822 -4874.5453
3823 -4874.5455
3824 -4873.9251
3825 -4874.3379
3826 -4874.4652
3827 -4874.5111
3828 -4874.5299
3829 -4874.5380
3830 -4874.5418
3831 -4874.5438
3832 -4874.5447
3833 -4874.5451
3834 -4874.5453
3835 -4873.9246
3836 -4874.3395
3837 -4874.4661
3838 -4874.5115
3839 -4874.5301
3840 -4874.5379
3841 -4874.5417
3842 -4874.5437
3843 -4874.5445
3844 -4874.5449
3845 -4874.5451
3846 -4873.9461
3847 -4874.3337
3848 -4874.4613
3849 -4874.5087
3850 -4874.5284
3851 -4874.5369
3852 -4874.5410
3853 -4874.5431
3854 -4874.5441
3855 -4874.5447
3856 -4874.5449
3857 -4873.9454
3858 -4874.3353
3859 -4874.4622
3860 -4874.5090
3861 -4874.5285
3862 -4874.5369
3863 -4874.5409
3864 -4874.5428
3865 -4874.5439
3866 -4874.5444
3867 -4874.5447
3868 -4873.9446
3869 -4874.3369
3870 -4874.4631
3871 -4874.5094
3872 -4874.5286
3873 -4874.5368
3874 -4874.5408
3875 -4874.5426
3876 -4874.5438
3877 -4874.5442
3878 -4874.5444
3879 -4873.9439
3880 -4874.3384
3881 -4874.4639
3882 -4874.5097
3883 -4874.5287
3884 -4874.5368
3885 -4874.5406
3886 -4874.5425
3887 -4874.5435
3888 -4874.5440
3889 -4874.5442
3890 -4873.9435
3891 -4874.3400
3892 -4874.4648
3893 -4874.5101
3894 -4874.5288
3895 -4874.5367
3896 -4874.5405
3897 -4874.5423
3898 -4874.5433
3899 -4874.5438
3900 -4874.5440
3901 -4873.9428
3902 -4874.3414
3903 -4874.4657
3904 -4874.5104
3905 -4874.5289
3906 -4874.5367
3907 -4874.5404
3908 -4874.5421
3909 -4874.5431
3910 -4874.5436
3911 -4874.5438
3912 -4873.9210
3913 -4874.3329
3914 -4874.4617
3915 -4874.5085
3916 -4874.5279
3917 -4874.5361
3918 -4874.5400
3919 -4874.5419
3920 -4874.5428
3921 -4874.5434
3922 -4874.5436
3923 -4873.9204
3924 -4874.3346
3925 -4874.4627
3926 -4874.5089
3927 -4874.5279
3928 -4874.5361
3929 -4874.5399
3930 -4874.5417
3931 -4874.5426
3932 -4874.5432
3933 -4874.5434
3934 -4873.9199
3935 -4874.3362
3936 -4874.4636
3937 -4874.5093
3938 -4874.5280
3939 -4874.5360
3940 -4874.5398
3941 -4874.5416
3942 -4874.5424
3943 -4874.5429
3944 -4874.5432
3945 -4873.9414
3946 -4874.3303
3947 -4874.4586
3948 -4874.5064
3949 -4874.5262
3950 -4874.5350
3951 -4874.5390
3952 -4874.5411
3953 -4874.5421
3954 -4874.5426
3955 -4874.5428
3956 -4873.9406
3957 -4874.3318
3958 -4874.4595
3959 -4874.5067
3960 -4874.5263
3961 -4874.5350
3962 -4874.5389
3963 -4874.5409
3964 -4874.5419
3965 -4874.5424
3966 -4874.5426
3967 -4873.9399
3968 -4874.3334
3969 -4874.4604
3970 -4874.5071
3971 -4874.5264
3972 -4874.5350
3973 -4874.5388
3974 -4874.5407
3975 -4874.5417
3976 -4874.5421
3977 -4874.5423
3978 -4873.9392
3979 -4874.3350
3980 -4874.4613
3981 -4874.5074
3982 -4874.5265
3983 -4874.5349
3984 -4874.5386
3985 -4874.5405
3986 -4874.5414
3987 -4874.5419
3988 -4874.5421
3989 -4873.9385
3990 -4874.3366
3991 -4874.4621
3992 -4874.5078
3993 -4874.5266
3994 -4874.5349
3995 -4874.5385
3996 -4874.5404
3997 -4874.5413
3998 -4874.5417
3999 -4874.5419
4000 -4873.9378
4001 -4874.3381
4002 -4874.4630
4003 -4874.5081
4004 -4874.5267
4005 -4874.5348
4006 -4874.5384
4007 -4874.5402
4008 -4874.5411
4009 -4874.5415
4010 -4874.5417
4011 -4873.9162
4012 -4874.3297
4013 -4874.4591
4014 -4874.5062
4015 -4874.5257
4016 -4874.5343
4017 -4874.5380
4018 -4874.5399
4019 -4874.5408
4020 -4874.5413
4021 -4874.5415
4022 -4873.9156
4023 -4874.3313
4024 -4874.4600
4025 -4874.5067
4026 -4874.5259
4027 -4874.5342
4028 -4874.5379
4029 -4874.5398
4030 -4874.5407
4031 -4874.5411
4032 -4874.5413
4033 -4873.9150
4034 -4874.3330
4035 -4874.4610
4036 -4874.5070
4037 -4874.5260
4038 -4874.5342
4039 -4874.5378
4040 -4874.5396
4041 -4874.5405
4042 -4874.5409
4043 -4874.5411
4044 -4873.9364
4045 -4874.3267
4046 -4874.4559
4047 -4874.5040
4048 -4874.5241
4049 -4874.5331
4050 -4874.5371
4051 -4874.5391
4052 -4874.5401
4053 -4874.5407
4054 -4874.5409
4055 -4873.9356
4056 -4874.3283
4057 -4874.4568
4058 -4874.5044
4059 -4874.5242
4060 -4874.5330
4061 -4874.5370
4062 -4874.5389
4063 -4874.5399
4064 -4874.5404
4065 -4874.5407
4066 -4873.9349
4067 -4874.3299
4068 -4874.4577
4069 -4874.5048
4070 -4874.5242
4071 -4874.5330
4072 -4874.5369
4073 -4874.5388
4074 -4874.5397
4075 -4874.5402
4076 -4874.5404
4077 -4873.9342
4078 -4874.3315
4079 -4874.4586
4080 -4874.5051
4081 -4874.5243
4082 -4874.5329
4083 -4874.5367
4084 -4874.5386
4085 -4874.5395
4086 -4874.5400
4087 -4874.5402
4088 -4873.9335
4089 -4874.3331
4090 -4874.4595
4091 -4874.5055
4092 -4874.5244
4093 -4874.5329
4094 -4874.5366
4095 -4874.5384
4096 -4874.5393
4097 -4874.5398
4098 -4874.5400
4099 -4873.9329
4100 -4874.3347
4101 -4874.4604
4102 -4874.5059
4103 -4874.5245
4104 -4874.5328
4105 -4874.5365
4106 -4874.5382
4107 -4874.5391
4108 -4874.5395
4109 -4874.5398
4110 -4873.9113
4111 -4874.3263
4112 -4874.4564
4113 -4874.5040
4114 -4874.5235
4115 -4874.5323
4116 -4874.5361
4117 -4874.5380
4118 -4874.5389
4119 -4874.5394
4120 -4874.5396
4121 -4873.9107
4122 -4874.3280
4123 -4874.4574
4124 -4874.5044
4125 -4874.5237
4126 -4874.5322
4127 -4874.5360
4128 -4874.5378
4129 -4874.5387
4130 -4874.5392
4131 -4874.5394
4132 -4873.9101
4133 -4874.3298
4134 -4874.4584
4135 -4874.5048
4136 -4874.5238
4137 -4874.5322
4138 -4874.5359
4139 -4874.5376
4140 -4874.5386
4141 -4874.5390
4142 -4874.5392
4143 -4873.9314
4144 -4874.3231
4145 -4874.4531
4146 -4874.5017
4147 -4874.5219
4148 -4874.5310
4149 -4874.5351
4150 -4874.5372
4151 -4874.5382
4152 -4874.5387
4153 -4874.5389
4154 -4873.9306
4155 -4874.3247
4156 -4874.4541
4157 -4874.5021
4158 -4874.5220
4159 -4874.5310
4160 -4874.5350
4161 -4874.5370
4162 -4874.5379
4163 -4874.5384
4164 -4874.5387
4165 -4873.9299
4166 -4874.3264
4167 -4874.4549
4168 -4874.5024
4169 -4874.5221
4170 -4874.5309
4171 -4874.5350
4172 -4874.5369
4173 -4874.5377
4174 -4874.5382
4175 -4874.5385
4176 -4873.9292
4177 -4874.3280
4178 -4874.4558
4179 -4874.5028
4180 -4874.5222
4181 -4874.5309
4182 -4874.5349
4183 -4874.5367
4184 -4874.5375
4185 -4874.5380
4186 -4874.5382
4187 -4873.9285
4188 -4874.3296
4189 -4874.4568
4190 -4874.5032
4191 -4874.5223
4192 -4874.5308
4193 -4874.5348
4194 -4874.5365
4195 -4874.5374
4196 -4874.5378
4197 -4874.5380
4198 -4873.9278
4199 -4874.3312
4200 -4874.4577
4201 -4874.5036
4202 -4874.5224
4203 -4874.5308
4204 -4874.5346
4205 -4874.5363
4206 -4874.5372
4207 -4874.5376
4208 -4874.5378
4209 -4873.9064
4210 -4874.3229
4211 -4874.4538
4212 -4874.5017
4213 -4874.5214
4214 -4874.5302
4215 -4874.5343
4216 -4874.5361
4217 -4874.5370
4218 -4874.5374
4219 -4874.5376
4220 -4873.9058
4221 -4874.3247
4222 -4874.4548
4223 -4874.5021
4224 -4874.5215
4225 -4874.5302
4226 -4874.5342
4227 -4874.5359
4228 -4874.5368
4229 -4874.5373
4230 -4874.5374
4231 -4873.9052
4232 -4874.3264
4233 -4874.4558
4234 -4874.5025
4235 -4874.5217
4236 -4874.5302
4237 -4874.5341
4238 -4874.5358
4239 -4874.5366
4240 -4874.5371
4241 -4874.5373
4242 -4873.9264
4243 -4874.3196
4244 -4874.4503
4245 -4874.4993
4246 -4874.5197
4247 -4874.5291
4248 -4874.5333
4249 -4874.5352
4250 -4874.5362
4251 -4874.5368
4252 -4874.5370
4253 -4873.9257
4254 -4874.3212
4255 -4874.4513
4256 -4874.4997
4257 -4874.5198
4258 -4874.5290
4259 -4874.5332
4260 -4874.5350
4261 -4874.5360
4262 -4874.5365
4263 -4874.5368
4264 -4873.9249
4265 -4874.3228
4266 -4874.4522
4267 -4874.5001
4268 -4874.5199
4269 -4874.5289
4270 -4874.5330
4271 -4874.5350
4272 -4874.5358
4273 -4874.5363
4274 -4874.5365
4275 -4873.9242
4276 -4874.3244
4277 -4874.4531
4278 -4874.5005
4279 -4874.5200
4280 -4874.5289
4281 -4874.5329
4282 -4874.5348
4283 -4874.5356
4284 -4874.5361
4285 -4874.5363
4286 -4873.9235
4287 -4874.3261
4288 -4874.4540
4289 -4874.5008
4290 -4874.5201
4291 -4874.5289
4292 -4874.5328
4293 -4874.5347
4294 -4874.5355
4295 -4874.5359
4296 -4874.5361
4297 -4873.9229
4298 -4874.3277
4299 -4874.4549
4300 -4874.5012
4301 -4874.5202
4302 -4874.5288
4303 -4874.5326
4304 -4874.5345
4305 -4874.5352
4306 -4874.5357
4307 -4874.5359
4308 -4873.9015
4309 -4874.3195
4310 -4874.4511
4311 -4874.4994
4312 -4874.5192
4313 -4874.5283
4314 -4874.5323
4315 -4874.5342
4316 -4874.5350
4317 -4874.5355
4318 -4874.5357
4319 -4873.9008
4320 -4874.3212
4321 -4874.4521
4322 -4874.4998
4323 -4874.5194
4324 -4874.5283
4325 -4874.5322
4326 -4874.5341
4327 -4874.5349
4328 -4874.5353
4329 -4874.5355
4330 -4873.9002
4331 -4874.3231
4332 -4874.4531
4333 -4874.5002
4334 -4874.5195
4335 -4874.5282
4336 -4874.5320
4337 -4874.5339
4338 -4874.5348
4339 -4874.5351
4340 -4874.5353
4341 -4873.9213
4342 -4874.3159
4343 -4874.4473
4344 -4874.4969
4345 -4874.5175
4346 -4874.5269
4347 -4874.5313
4348 -4874.5334
4349 -4874.5344
4350 -4874.5349
4351 -4874.5350
4352 -4873.9205
4353 -4874.3176
4354 -4874.4484
4355 -4874.4973
4356 -4874.5177
4357 -4874.5269
4358 -4874.5311
4359 -4874.5332
4360 -4874.5342
4361 -4874.5347
4362 -4874.5349
4363 -4873.9198
4364 -4874.3193
4365 -4874.4494
4366 -4874.4977
4367 -4874.5177
4368 -4874.5268
4369 -4874.5310
4370 -4874.5330
4371 -4874.5340
4372 -4874.5345
4373 -4874.5347
4374 -4873.9191
4375 -4874.3209
4376 -4874.4503
4377 -4874.4981
4378 -4874.5179
4379 -4874.5266
4380 -4874.5308
4381 -4874.5328
4382 -4874.5338
4383 -4874.5342
4384 -4874.5345
4385 -4873.9184
4386 -4874.3226
4387 -4874.4513
4388 -4874.4985
4389 -4874.5179
4390 -4874.5266
4391 -4874.5307
4392 -4874.5326
4393 -4874.5336
4394 -4874.5340
4395 -4874.5343
4396 -4873.9178
4397 -4874.3242
4398 -4874.4522
4399 -4874.4989
4400 -4874.5180
4401 -4874.5266
4402 -4874.5306
4403 -4874.5325
4404 -4874.5334
4405 -4874.5339
4406 -4874.5341
4407 -4873.8966
4408 -4874.3161
4409 -4874.4484
4410 -4874.4970
4411 -4874.5171
4412 -4874.5260
4413 -4874.5302
4414 -4874.5322
4415 -4874.5332
4416 -4874.5336
4417 -4874.5339
4418 -4873.8960
4419 -4874.3179
4420 -4874.4495
4421 -4874.4975
4422 -4874.5172
4423 -4874.5260
4424 -4874.5301
4425 -4874.5321
4426 -4874.5330
4427 -4874.5335
4428 -4874.5337
4429 -4873.8954
4430 -4874.3196
4431 -4874.4504
4432 -4874.4979
4433 -4874.5174
4434 -4874.5260
4435 -4874.5300
4436 -4874.5319
4437 -4874.5328
4438 -4874.5333
4439 -4874.5335
4440 -4873.9164
4441 -4874.3123
4442 -4874.4446
4443 -4874.4945
4444 -4874.5153
4445 -4874.5247
4446 -4874.5292
4447 -4874.5314
4448 -4874.5324
4449 -4874.5329
4450 -4874.5332
4451 -4873.9156
4452 -4874.3140
4453 -4874.4456
4454 -4874.4949
4455 -4874.5154
4456 -4874.5246
4457 -4874.5292
4458 -4874.5312
4459 -4874.5322
4460 -4874.5327
4461 -4874.5329
4462 -4873.9149
4463 -4874.3157
4464 -4874.4464
4465 -4874.4953
4466 -4874.5155
4467 -4874.5246
4468 -4874.5290
4469 -4874.5310
4470 -4874.5320
4471 -4874.5325
4472 -4874.5327
4473 -4873.9141
4474 -4874.3173
4475 -4874.4474
4476 -4874.4957
4477 -4874.5156
4478 -4874.5245
4479 -4874.5289
4480 -4874.5308
4481 -4874.5318
4482 -4874.5322
4483 -4874.5325
4484 -4873.9135
4485 -4874.3191
4486 -4874.4485
4487 -4874.4961
4488 -4874.5157
4489 -4874.5245
4490 -4874.5288
4491 -4874.5306
4492 -4874.5316
4493 -4874.5320
4494 -4874.5322
4495 -4873.9128
4496 -4874.3208
4497 -4874.4494
4498 -4874.4965
4499 -4874.5159
4500 -4874.5245
4501 -4874.5286
4502 -4874.5304
4503 -4874.5314
4504 -4874.5318
4505 -4874.5320
4506 -4873.8916
4507 -4874.3126
4508 -4874.4457
4509 -4874.4946
4510 -4874.5149
4511 -4874.5239
4512 -4874.5283
4513 -4874.5302
4514 -4874.5311
4515 -4874.5316
4516 -4874.5318
4517 -4873.8910
4518 -4874.3145
4519 -4874.4468
4520 -4874.4952
4521 -4874.5150
4522 -4874.5239
4523 -4874.5281
4524 -4874.5300
4525 -4874.5309
4526 -4874.5314
4527 -4874.5316
4528 -4873.8904
4529 -4874.3162
4530 -4874.4478
4531 -4874.4956
4532 -4874.5152
4533 -4874.5239
4534 -4874.5280
4535 -4874.5299
4536 -4874.5308
4537 -4874.5312
4538 -4874.5314
4539 -4873.9113
4540 -4874.3088
4541 -4874.4418
4542 -4874.4921
4543 -4874.5130
4544 -4874.5226
4545 -4874.5272
4546 -4874.5293
4547 -4874.5304
4548 -4874.5309
4549 -4874.5312
4550 -4873.9105
4551 -4874.3104
4552 -4874.4428
4553 -4874.4925
4554 -4874.5132
4555 -4874.5225
4556 -4874.5270
4557 -4874.5291
4558 -4874.5302
4559 -4874.5307
4560 -4874.5309
4561 -4873.9098
4562 -4874.3121
4563 -4874.4437
4564 -4874.4929
4565 -4874.5133
4566 -4874.5225
4567 -4874.5269
4568 -4874.5290
4569 -4874.5299
4570 -4874.5304
4571 -4874.5307
4572 -4873.9091
4573 -4874.3138
4574 -4874.4447
4575 -4874.4933
4576 -4874.5134
4577 -4874.5224
4578 -4874.5268
4579 -4874.5288
4580 -4874.5297
4581 -4874.5302
4582 -4874.5305
4583 -4873.9084
4584 -4874.3155
4585 -4874.4457
4586 -4874.4937
4587 -4874.5135
4588 -4874.5224
4589 -4874.5265
4590 -4874.5287
4591 -4874.5295
4592 -4874.5300
4593 -4874.5302
4594 -4873.9077
4595 -4874.3172
4596 -4874.4466
4597 -4874.4941
4598 -4874.5136
4599 -4874.5223
4600 -4874.5264
4601 -4874.5284
4602 -4874.5293
4603 -4874.5298
4604 -4874.5300
4605 -4873.8867
4606 -4874.3092
4607 -4874.4428
4608 -4874.4923
4609 -4874.5127
4610 -4874.5218
4611 -4874.5260
4612 -4874.5282
4613 -4874.5291
4614 -4874.5295
4615 -4874.5298
4616 -4873.8861
4617 -4874.3111
4618 -4874.4440
4619 -4874.4928
4620 -4874.5128
4621 -4874.5218
4622 -4874.5259
4623 -4874.5280
4624 -4874.5290
4625 -4874.5293
4626 -4874.5295
4627 -4873.8855
4628 -4874.3129
4629 -4874.4450
4630 -4874.4932
4631 -4874.5129
4632 -4874.5218
4633 -4874.5258
4634 -4874.5278
4635 -4874.5288
4636 -4874.5291
4637 -4874.5294
4638 -4873.9063
4639 -4874.3052
4640 -4874.4390
4641 -4874.4897
4642 -4874.5108
4643 -4874.5204
4644 -4874.5250
4645 -4874.5273
4646 -4874.5284
4647 -4874.5289
4648 -4874.5291
4649 -4873.9055
4650 -4874.3069
4651 -4874.4400
4652 -4874.4901
4653 -4874.5109
4654 -4874.5204
4655 -4874.5248
4656 -4874.5271
4657 -4874.5281
4658 -4874.5287
4659 -4874.5290
4660 -4873.9048
4661 -4874.3086
4662 -4874.4410
4663 -4874.4905
4664 -4874.5110
4665 -4874.5203
4666 -4874.5247
4667 -4874.5269
4668 -4874.5279
4669 -4874.5284
4670 -4874.5287
4671 -4873.9041
4672 -4874.3103
4673 -4874.4419
4674 -4874.4910
4675 -4874.5111
4676 -4874.5203
4677 -4874.5245
4678 -4874.5266
4679 -4874.5277
4680 -4874.5282
4681 -4874.5285
4682 -4873.9034
4683 -4874.3120
4684 -4874.4429
4685 -4874.4914
4686 -4874.5113
4687 -4874.5202
4688 -4874.5244
4689 -4874.5264
4690 -4874.5275
4691 -4874.5280
4692 -4874.5282
4693 -4873.9027
4694 -4874.3137
4695 -4874.4438
4696 -4874.4917
4697 -4874.5114
4698 -4874.5202
4699 -4874.5243
4700 -4874.5262
4701 -4874.5273
4702 -4874.5278
4703 -4874.5280
4704 -4873.8818
4705 -4874.3057
4706 -4874.4402
4707 -4874.4899
4708 -4874.5105
4709 -4874.5197
4710 -4874.5240
4711 -4874.5260
4712 -4874.5271
4713 -4874.5275
4714 -4874.5277
4715 -4873.8812
4716 -4874.3076
4717 -4874.4412
4718 -4874.4904
4719 -4874.5106
4720 -4874.5197
4721 -4874.5239
4722 -4874.5258
4723 -4874.5269
4724 -4874.5273
4725 -4874.5275
4726 -4873.8806
4727 -4874.3094
4728 -4874.4422
4729 -4874.4908
4730 -4874.5107
4731 -4874.5197
4732 -4874.5237
4733 -4874.5256
4734 -4874.5267
4735 -4874.5271
4736 -4874.5274
4737 -4873.9013
4738 -4874.3013
4739 -4874.4359
4740 -4874.4872
4741 -4874.5085
4742 -4874.5183
4743 -4874.5229
4744 -4874.5251
4745 -4874.5262
4746 -4874.5268
4747 -4874.5271
4748 -4873.9005
4749 -4874.3032
4750 -4874.4369
4751 -4874.4877
4752 -4874.5086
4753 -4874.5182
4754 -4874.5227
4755 -4874.5249
4756 -4874.5260
4757 -4874.5265
4758 -4874.5268
4759 -4873.8997
4760 -4874.3050
4761 -4874.4379
4762 -4874.4881
4763 -4874.5088
4764 -4874.5182
4765 -4874.5226
4766 -4874.5247
4767 -4874.5257
4768 -4874.5262
4769 -4874.5265
4770 -4873.8990
4771 -4874.3068
4772 -4874.4391
4773 -4874.4885
4774 -4874.5089
4775 -4874.5181
4776 -4874.5224
4777 -4874.5245
4778 -4874.5255
4779 -4874.5260
4780 -4874.5262
4781 -4873.8984
4782 -4874.3085
4783 -4874.4401
4784 -4874.4890
4785 -4874.5090
4786 -4874.5181
4787 -4874.5223
4788 -4874.5243
4789 -4874.5253
4790 -4874.5258
4791 -4874.5260
4792 -4873.8977
4793 -4874.3102
4794 -4874.4411
4795 -4874.4894
4796 -4874.5091
4797 -4874.5180
4798 -4874.5222
4799 -4874.5242
4800 -4874.5251
4801 -4874.5256
4802 -4874.5258
4803 -4873.8769
4804 -4874.3023
4805 -4874.4374
4806 -4874.4876
4807 -4874.5082
4808 -4874.5175
4809 -4874.5218
4810 -4874.5239
4811 -4874.5249
4812 -4874.5254
4813 -4874.5256
4814 -4873.8761
4815 -4874.3041
4816 -4874.4385
4817 -4874.4881
4818 -4874.5083
4819 -4874.5175
4820 -4874.5217
4821 -4874.5237
4822 -4874.5247
4823 -4874.5251
4824 -4874.5254
4825 -4873.8756
4826 -4874.3060
4827 -4874.4396
4828 -4874.4886
4829 -4874.5085
4830 -4874.5175
4831 -4874.5216
4832 -4874.5236
4833 -4874.5245
4834 -4874.5250
4835 -4874.5252
4836 -4873.8962
4837 -4874.2977
4838 -4874.4330
4839 -4874.4846
4840 -4874.5062
4841 -4874.5161
4842 -4874.5207
4843 -4874.5230
4844 -4874.5241
4845 -4874.5246
4846 -4874.5249
4847 -4873.8955
4848 -4874.2995
4849 -4874.4341
4850 -4874.4850
4851 -4874.5064
4852 -4874.5160
4853 -4874.5206
4854 -4874.5228
4855 -4874.5239
4856 -4874.5244
4857 -4874.5246
4858 -4873.8947
4859 -4874.3012
4860 -4874.4350
4861 -4874.4854
4862 -4874.5065
4863 -4874.5160
4864 -4874.5204
4865 -4874.5226
4866 -4874.5236
4867 -4874.5241
4868 -4874.5244
4869 -4873.8940
4870 -4874.3029
4871 -4874.4361
4872 -4874.4858
4873 -4874.5066
4874 -4874.5159
4875 -4874.5203
4876 -4874.5224
4877 -4874.5234
4878 -4874.5239
4879 -4874.5242
4880 -4873.8933
4881 -4874.3048
4882 -4874.4371
4883 -4874.4865
4884 -4874.5067
4885 -4874.5159
4886 -4874.5202
4887 -4874.5222
4888 -4874.5232
4889 -4874.5237
4890 -4874.5239
4891 -4873.8926
4892 -4874.3066
4893 -4874.4380
4894 -4874.4869
4895 -4874.5069
4896 -4874.5159
4897 -4874.5200
4898 -4874.5221
4899 -4874.5230
4900 -4874.5235
4901 -4874.5237
4902 -4873.8719
4903 -4874.2989
4904 -4874.4347
4905 -4874.4852
4906 -4874.5060
4907 -4874.5153
4908 -4874.5197
4909 -4874.5218
4910 -4874.5228
4911 -4874.5232
4912 -4874.5235
4913 -4873.8713
4914 -4874.3007
4915 -4874.4358
4916 -4874.4857
4917 -4874.5061
4918 -4874.5153
4919 -4874.5196
4920 -4874.5216
4921 -4874.5226
4922 -4874.5230
4923 -4874.5233
4924 -4873.8707
4925 -4874.3025
4926 -4874.4369
4927 -4874.4862
4928 -4874.5063
4929 -4874.5153
4930 -4874.5195
4931 -4874.5214
4932 -4874.5224
4933 -4874.5228
4934 -4874.5230
4935 -4873.8912
4936 -4874.2940
4937 -4874.4302
4938 -4874.4821
4939 -4874.5040
4940 -4874.5138
4941 -4874.5186
4942 -4874.5208
4943 -4874.5220
4944 -4874.5225
4945 -4874.5228
4946 -4873.8904
4947 -4874.2958
4948 -4874.4312
4949 -4874.4825
4950 -4874.5041
4951 -4874.5138
4952 -4874.5184
4953 -4874.5206
4954 -4874.5217
4955 -4874.5223
4956 -4874.5225
4957 -4873.8896
4958 -4874.2976
4959 -4874.4322
4960 -4874.4829
4961 -4874.5042
4962 -4874.5137
4963 -4874.5183
4964 -4874.5204
4965 -4874.5215
4966 -4874.5220
4967 -4874.5223
4968 -4873.8889
4969 -4874.2993
4970 -4874.4332
4971 -4874.4834
4972 -4874.5043
4973 -4874.5137
4974 -4874.5181
4975 -4874.5202
4976 -4874.5213
4977 -4874.5218
4978 -4874.5220
4979 -4873.8882
4980 -4874.3011
4981 -4874.4342
4982 -4874.4838
4983 -4874.5044
4984 -4874.5136
4985 -4874.5180
4986 -4874.5201
4987 -4874.5211
4988 -4874.5216
4989 -4874.5218
4990 -4873.8876
4991 -4874.3029
4992 -4874.4352
4993 -4874.4843
4994 -4874.5046
4995 -4874.5136
4996 -4874.5179
4997 -4874.5199
4998 -4874.5209
4999 -4874.5214
5000 -4874.5216
5001 -4873.8669
5002 -4874.2952
5003 -4874.4317
5004 -4874.4825
5005 -4874.5037
5006 -4874.5131
5007 -4874.5175
5008 -4874.5196
5009 -4874.5206
5010 -4874.5211
5011 -4874.5213
5012 -4873.8663
5013 -4874.2972
5014 -4874.4328
5015 -4874.4830
5016 -4874.5039
5017 -4874.5131
5018 -4874.5174
5019 -4874.5194
5020 -4874.5204
5021 -4874.5209
5022 -4874.5211
5023 -4873.8657
5024 -4874.2991
5025 -4874.4339
5026 -4874.4835
5027 -4874.5040
5028 -4874.5131
5029 -4874.5173
5030 -4874.5193
5031 -4874.5202
5032 -4874.5207
5033 -4874.5209
5034 -4873.8862
5035 -4874.2903
5036 -4874.4273
5037 -4874.4795
5038 -4874.5016
5039 -4874.5116
5040 -4874.5163
5041 -4874.5187
5042 -4874.5198
5043 -4874.5203
5044 -4874.5207
5045 -4873.8854
5046 -4874.2921
5047 -4874.4283
5048 -4874.4800
5049 -4874.5017
5050 -4874.5115
5051 -4874.5162
5052 -4874.5185
5053 -4874.5196
5054 -4874.5201
5055 -4874.5204
5056 -4873.8846
5057 -4874.2939
5058 -4874.4293
5059 -4874.4804
5060 -4874.5019
5061 -4874.5115
5062 -4874.5161
5063 -4874.5183
5064 -4874.5194
5065 -4874.5199
5066 -4874.5202
5067 -4873.8839
5068 -4874.2957
5069 -4874.4304
5070 -4874.4809
5071 -4874.5020
5072 -4874.5115
5073 -4874.5160
5074 -4874.5181
5075 -4874.5191
5076 -4874.5196
5077 -4874.5199
5078 -4873.8832
5079 -4874.2974
5080 -4874.4314
5081 -4874.4813
5082 -4874.5021
5083 -4874.5114
5084 -4874.5158
5085 -4874.5179
5086 -4874.5189
5087 -4874.5194
5088 -4874.5197
5089 -4873.8825
5090 -4874.2993
5091 -4874.4324
5092 -4874.4817
5093 -4874.5023
5094 -4874.5114
5095 -4874.5157
5096 -4874.5177
5097 -4874.5187
5098 -4874.5192
5099 -4874.5194
5100 -4873.8620
5101 -4874.2916
5102 -4874.4289
5103 -4874.4801
5104 -4874.5014
5105 -4874.5109
5106 -4874.5154
5107 -4874.5175
5108 -4874.5185
5109 -4874.5190
5110 -4874.5192
5111 -4873.8614
5112 -4874.2935
5113 -4874.4300
5114 -4874.4806
5115 -4874.5015
5116 -4874.5109
5117 -4874.5152
5118 -4874.5173
5119 -4874.5183
5120 -4874.5187
5121 -4874.5190
5122 -4873.8608
5123 -4874.2955
5124 -4874.4311
5125 -4874.4811
5126 -4874.5017
5127 -4874.5109
5128 -4874.5151
5129 -4874.5172
5130 -4874.5181
5131 -4874.5185
5132 -4874.5187
5133 -4873.8811
5134 -4874.2866
5135 -4874.4243
5136 -4874.4770
5137 -4874.4993
5138 -4874.5093
5139 -4874.5141
5140 -4874.5165
5141 -4874.5177
5142 -4874.5182
5143 -4874.5185
5144 -4873.8803
5145 -4874.2884
5146 -4874.4254
5147 -4874.4774
5148 -4874.4994
5149 -4874.5093
5150 -4874.5140
5151 -4874.5162
5152 -4874.5174
5153 -4874.5180
5154 -4874.5182
5155 -4873.8796
5156 -4874.2902
5157 -4874.4264
5158 -4874.4779
5159 -4874.4995
5160 -4874.5093
5161 -4874.5138
5162 -4874.5161
5163 -4874.5172
5164 -4874.5177
5165 -4874.5180
5166 -4873.8788
5167 -4874.2920
5168 -4874.4275
5169 -4874.4784
5170 -4874.4997
5171 -4874.5092
5172 -4874.5137
5173 -4874.5159
5174 -4874.5170
5175 -4874.5175
5176 -4874.5177
5177 -4873.8781
5178 -4874.2938
5179 -4874.4285
5180 -4874.4788
5181 -4874.4998
5182 -4874.5092
5183 -4874.5136
5184 -4874.5157
5185 -4874.5167
5186 -4874.5173
5187 -4874.5175
5188 -4873.8774
5189 -4874.2956
5190 -4874.4295
5191 -4874.4793
5192 -4874.4999
5193 -4874.5091
5194 -4874.5135
5195 -4874.5156
5196 -4874.5165
5197 -4874.5170
5198 -4874.5173
5199 -4873.8570
5200 -4874.2880
5201 -4874.4261
5202 -4874.4776
5203 -4874.4991
5204 -4874.5087
5205 -4874.5131
5206 -4874.5153
5207 -4874.5163
5208 -4874.5167
5209 -4874.5170
5210 -4873.8564
5211 -4874.2900
5212 -4874.4272
5213 -4874.4781
5214 -4874.4993
5215 -4874.5086
5216 -4874.5130
5217 -4874.5151
5218 -4874.5161
5219 -4874.5165
5220 -4874.5168
5221 -4873.8558
5222 -4874.2920
5223 -4874.4284
5224 -4874.4787
5225 -4874.4995
5226 -4874.5086
5227 -4874.5129
5228 -4874.5149
5229 -4874.5159
5230 -4874.5163
5231 -4874.5166
5232 -4873.8760
5233 -4874.2830
5234 -4874.4211
5235 -4874.4744
5236 -4874.4969
5237 -4874.5071
5238 -4874.5119
5239 -4874.5143
5240 -4874.5155
5241 -4874.5161
5242 -4874.5163
5243 -4873.8752
5244 -4874.2848
5245 -4874.4222
5246 -4874.4749
5247 -4874.4971
5248 -4874.5070
5249 -4874.5118
5250 -4874.5141
5251 -4874.5152
5252 -4874.5158
5253 -4874.5161
5254 -4873.8745
5255 -4874.2866
5256 -4874.4235
5257 -4874.4754
5258 -4874.4972
5259 -4874.5070
5260 -4874.5116
5261 -4874.5139
5262 -4874.5149
5263 -4874.5156
5264 -4874.5158
5265 -4873.8737
5266 -4874.2884
5267 -4874.4246
5268 -4874.4759
5269 -4874.4973
5270 -4874.5070
5271 -4874.5115
5272 -4874.5137
5273 -4874.5147
5274 -4874.5153
5275 -4874.5156
5276 -4873.8731
5277 -4874.2902
5278 -4874.4257
5279 -4874.4763
5280 -4874.4975
5281 -4874.5070
5282 -4874.5113
5283 -4874.5135
5284 -4874.5145
5285 -4874.5150
5286 -4874.5153
5287 -4873.8724
5288 -4874.2920
5289 -4874.4267
5290 -4874.4768
5291 -4874.4976
5292 -4874.5069
5293 -4874.5113
5294 -4874.5133
5295 -4874.5143
5296 -4874.5148
5297 -4874.5150
5298 -4873.8520
5299 -4874.2844
5300 -4874.4233
5301 -4874.4751
5302 -4874.4968
5303 -4874.5064
5304 -4874.5109
5305 -4874.5130
5306 -4874.5141
5307 -4874.5146
5308 -4874.5148
5309 -4873.8514
5310 -4874.2864
5311 -4874.4244
5312 -4874.4757
5313 -4874.4970
5314 -4874.5064
5315 -4874.5108
5316 -4874.5129
5317 -4874.5139
5318 -4874.5144
5319 -4874.5146
5320 -4873.8509
5321 -4874.2884
5322 -4874.4256
5323 -4874.4762
5324 -4874.4971
5325 -4874.5064
5326 -4874.5107
5327 -4874.5127
5328 -4874.5137
5329 -4874.5142
5330 -4874.5144
5331 -4873.8710
5332 -4874.2793
5333 -4874.4182
5334 -4874.4719
5335 -4874.4945
5336 -4874.5048
5337 -4874.5097
5338 -4874.5121
5339 -4874.5133
5340 -4874.5138
5341 -4874.5141
5342 -4873.8702
5343 -4874.2811
5344 -4874.4193
5345 -4874.4724
5346 -4874.4947
5347 -4874.5048
5348 -4874.5095
5349 -4874.5118
5350 -4874.5130
5351 -4874.5135
5352 -4874.5139
5353 -4873.8694
5354 -4874.2830
5355 -4874.4204
5356 -4874.4728
5357 -4874.4948
5358 -4874.5047
5359 -4874.5094
5360 -4874.5117
5361 -4874.5128
5362 -4874.5133
5363 -4874.5136
5364 -4873.8687
5365 -4874.2847
5366 -4874.4214
5367 -4874.4733
5368 -4874.4950
5369 -4874.5047
5370 -4874.5093
5371 -4874.5115
5372 -4874.5125
5373 -4874.5131
5374 -4874.5133
5375 -4873.8680
5376 -4874.2866
5377 -4874.4225
5378 -4874.4738
5379 -4874.4951
5380 -4874.5046
5381 -4874.5091
5382 -4874.5113
5383 -4874.5123
5384 -4874.5128
5385 -4874.5131
5386 -4873.8673
5387 -4874.2884
5388 -4874.4238
5389 -4874.4742
5390 -4874.4952
5391 -4874.5046
5392 -4874.5090
5393 -4874.5111
5394 -4874.5121
5395 -4874.5126
5396 -4874.5129
5397 -4873.8471
5398 -4874.2809
5399 -4874.4204
5400 -4874.4726
5401 -4874.4944
5402 -4874.5041
5403 -4874.5087
5404 -4874.5108
5405 -4874.5119
5406 -4874.5124
5407 -4874.5126
5408 -4873.8464
5409 -4874.2829
5410 -4874.4216
5411 -4874.4732
5412 -4874.4946
5413 -4874.5041
5414 -4874.5086
5415 -4874.5107
5416 -4874.5117
5417 -4874.5121
5418 -4874.5124
5419 -4873.8459
5420 -4874.2849
5421 -4874.4228
5422 -4874.4737
5423 -4874.4948
5424 -4874.5041
5425 -4874.5085
5426 -4874.5105
5427 -4874.5115
5428 -4874.5119
5429 -4874.5122
5430 -4873.8659
5431 -4874.2756
5432 -4874.4152
5433 -4874.4693
5434 -4874.4923
5435 -4874.5025
5436 -4874.5075
5437 -4874.5099
5438 -4874.5110
5439 -4874.5116
5440 -4874.5119
5441 -4873.8651
5442 -4874.2774
5443 -4874.4163
5444 -4874.4698
5445 -4874.4924
5446 -4874.5025
5447 -4874.5073
5448 -4874.5096
5449 -4874.5108
5450 -4874.5113
5451 -4874.5116
5452 -4873.8643
5453 -4874.2793
5454 -4874.4174
5455 -4874.4703
5456 -4874.4924
5457 -4874.5025
5458 -4874.5072
5459 -4874.5094
5460 -4874.5105
5461 -4874.5111
5462 -4874.5114
5463 -4873.8636
5464 -4874.2811
5465 -4874.4185
5466 -4874.4707
5467 -4874.4926
5468 -4874.5024
5469 -4874.5070
5470 -4874.5092
5471 -4874.5103
5472 -4874.5109
5473 -4874.5111
5474 -4873.8629
5475 -4874.2830
5476 -4874.4196
5477 -4874.4712
5478 -4874.4928
5479 -4874.5024
5480 -4874.5069
5481 -4874.5091
5482 -4874.5101
5483 -4874.5106
5484 -4874.5109
5485 -4873.8623
5486 -4874.2849
5487 -4874.4207
5488 -4874.4717
5489 -4874.4929
5490 -4874.5023
5491 -4874.5067
5492 -4874.5089
5493 -4874.5099
5494 -4874.5104
5495 -4874.5106
5496 -4873.8421
5497 -4874.2773
5498 -4874.4174
5499 -4874.4701
5500 -4874.4920
5501 -4874.5019
5502 -4874.5064
5503 -4874.5086
5504 -4874.5096
5505 -4874.5101
5506 -4874.5104
5507 -4873.8415
5508 -4874.2794
5509 -4874.4185
5510 -4874.4706
5511 -4874.4923
5512 -4874.5019
5513 -4874.5063
5514 -4874.5084
5515 -4874.5094
5516 -4874.5099
5517 -4874.5102
5518 -4873.8409
5519 -4874.2814
5520 -4874.4199
5521 -4874.4712
5522 -4874.4924
5523 -4874.5019
5524 -4874.5062
5525 -4874.5083
5526 -4874.5093
5527 -4874.5097
5528 -4874.5100
5529 -4873.8608
5530 -4874.2718
5531 -4874.4122
5532 -4874.4667
5533 -4874.4899
5534 -4874.5002
5535 -4874.5052
5536 -4874.5076
5537 -4874.5088
5538 -4874.5094
5539 -4874.5097
5540 -4873.8600
5541 -4874.2737
5542 -4874.4133
5543 -4874.4672
5544 -4874.4900
5545 -4874.5002
5546 -4874.5050
5547 -4874.5074
5548 -4874.5085
5549 -4874.5091
5550 -4874.5094
5551 -4873.8592
5552 -4874.2756
5553 -4874.4145
5554 -4874.4676
5555 -4874.4901
5556 -4874.5001
5557 -4874.5049
5558 -4874.5072
5559 -4874.5083
5560 -4874.5088
5561 -4874.5091
5562 -4873.8585
5563 -4874.2775
5564 -4874.4156
5565 -4874.4682
5566 -4874.4903
5567 -4874.5001
5568 -4874.5047
5569 -4874.5070
5570 -4874.5081
5571 -4874.5086
5572 -4874.5089
5573 -4873.8578
5574 -4874.2794
5575 -4874.4167
5576 -4874.4686
5577 -4874.4905
5578 -4874.5000
5579 -4874.5046
5580 -4874.5068
5581 -4874.5078
5582 -4874.5084
5583 -4874.5087
5584 -4873.8572
5585 -4874.2812
5586 -4874.4177
5587 -4874.4692
5588 -4874.4906
5589 -4874.5000
5590 -4874.5045
5591 -4874.5066
5592 -4874.5076
5593 -4874.5082
5594 -4874.5084
5595 -4873.8371
5596 -4874.2738
5597 -4874.4145
5598 -4874.4676
5599 -4874.4898
5600 -4874.4995
5601 -4874.5042
5602 -4874.5063
5603 -4874.5074
5604 -4874.5079
5605 -4874.5082
5606 -4873.8364
5607 -4874.2759
5608 -4874.4157
5609 -4874.4681
5610 -4874.4900
5611 -4874.4995
5612 -4874.5041
5613 -4874.5061
5614 -4874.5072
5615 -4874.5077
5616 -4874.5079
5617 -4873.8359
5618 -4874.2778
5619 -4874.4169
5620 -4874.4686
5621 -4874.4902
5622 -4874.4995
5623 -4874.5039
5624 -4874.5060
5625 -4874.5070
5626 -4874.5075
5627 -4874.5077
5628 -4873.8557
5629 -4874.2681
5630 -4874.4092
5631 -4874.4640
5632 -4874.4874
5633 -4874.4979
5634 -4874.5029
5635 -4874.5053
5636 -4874.5065
5637 -4874.5071
5638 -4874.5074
5639 -4873.8549
5640 -4874.2700
5641 -4874.4103
5642 -4874.4645
5643 -4874.4875
5644 -4874.4978
5645 -4874.5027
5646 -4874.5051
5647 -4874.5063
5648 -4874.5069
5649 -4874.5072
5650 -4873.8542
5651 -4874.2719
5652 -4874.4114
5653 -4874.4651
5654 -4874.4877
5655 -4874.4978
5656 -4874.5026
5657 -4874.5049
5658 -4874.5060
5659 -4874.5066
5660 -4874.5069
5661 -4873.8534
5662 -4874.2738
5663 -4874.4126
5664 -4874.4655
5665 -4874.4879
5666 -4874.4977
5667 -4874.5025
5668 -4874.5047
5669 -4874.5058
5670 -4874.5064
5671 -4874.5066
5672 -4873.8527
5673 -4874.2757
5674 -4874.4136
5675 -4874.4661
5676 -4874.4880
5677 -4874.4977
5678 -4874.5023
5679 -4874.5045
5680 -4874.5056
5681 -4874.5061
5682 -4874.5064
5683 -4873.8520
5684 -4874.2776
5685 -4874.4148
5686 -4874.4666
5687 -4874.4882
5688 -4874.4977
5689 -4874.5022
5690 -4874.5044
5691 -4874.5054
5692 -4874.5059
5693 -4874.5061
5694 -4873.8321
5695 -4874.2703
5696 -4874.4116
5697 -4874.4650
5698 -4874.4874
5699 -4874.4972
5700 -4874.5019
5701 -4874.5041
5702 -4874.5052
5703 -4874.5057
5704 -4874.5059
5705 -4873.8314
5706 -4874.2723
5707 -4874.4128
5708 -4874.4655
5709 -4874.4876
5710 -4874.4972
5711 -4874.5018
5712 -4874.5039
5713 -4874.5050
5714 -4874.5054
5715 -4874.5057
5716 -4873.8309
5717 -4874.2743
5718 -4874.4140
5719 -4874.4661
5720 -4874.4878
5721 -4874.4972
5722 -4874.5017
5723 -4874.5038
5724 -4874.5048
5725 -4874.5052
5726 -4874.5055
5727 -4873.8506
5728 -4874.2643
5729 -4874.4062
5730 -4874.4614
5731 -4874.4847
5732 -4874.4955
5733 -4874.5006
5734 -4874.5031
5735 -4874.5043
5736 -4874.5049
5737 -4874.5052
5738 -4873.8498
5739 -4874.2663
5740 -4874.4073
5741 -4874.4619
5742 -4874.4849
5743 -4874.4955
5744 -4874.5004
5745 -4874.5028
5746 -4874.5040
5747 -4874.5046
5748 -4874.5049
5749 -4873.8491
5750 -4874.2682
5751 -4874.4084
5752 -4874.4624
5753 -4874.4850
5754 -4874.4954
5755 -4874.5003
5756 -4874.5026
5757 -4874.5038
5758 -4874.5043
5759 -4874.5046
5760 -4873.8484
5761 -4874.2701
5762 -4874.4096
5763 -4874.4629
5764 -4874.4852
5765 -4874.4954
5766 -4874.5001
5767 -4874.5024
5768 -4874.5035
5769 -4874.5041
5770 -4874.5043
5771 -4873.8478
5772 -4874.2720
5773 -4874.4107
5774 -4874.4635
5775 -4874.4854
5776 -4874.4953
5777 -4874.5000
5778 -4874.5022
5779 -4874.5033
5780 -4874.5038
5781 -4874.5041
5782 -4873.8471
5783 -4874.2739
5784 -4874.4118
5785 -4874.4640
5786 -4874.4855
5787 -4874.4953
5788 -4874.4999
5789 -4874.5021
5790 -4874.5031
5791 -4874.5036
5792 -4874.5039
5793 -4873.8272
5794 -4874.2667
5795 -4874.4086
5796 -4874.4624
5797 -4874.4847
5798 -4874.4949
5799 -4874.4995
5800 -4874.5018
5801 -4874.5029
5802 -4874.5034
5803 -4874.5036
5804 -4873.8267
5805 -4874.2687
5806 -4874.4098
5807 -4874.4630
5808 -4874.4849
5809 -4874.4949
5810 -4874.4994
5811 -4874.5016
5812 -4874.5027
5813 -4874.5032
5814 -4874.5034
5815 -4873.8261
5816 -4874.2708
5817 -4874.4111
5818 -4874.4635
5819 -4874.4851
5820 -4874.4949
5821 -4874.4994
5822 -4874.5015
5823 -4874.5025
5824 -4874.5030
5825 -4874.5032
5826 -4873.8458
5827 -4874.2603
5828 -4874.4031
5829 -4874.4587
5830 -4874.4823
5831 -4874.4931
5832 -4874.4983
5833 -4874.5008
5834 -4874.5020
5835 -4874.5026
5836 -4874.5029
5837 -4873.8450
5838 -4874.2626
5839 -4874.4042
5840 -4874.4593
5841 -4874.4824
5842 -4874.4931
5843 -4874.4981
5844 -4874.5006
5845 -4874.5017
5846 -4874.5023
5847 -4874.5026
5848 -4873.8442
5849 -4874.2645
5850 -4874.4054
5851 -4874.4598
5852 -4874.4826
5853 -4874.4931
5854 -4874.4980
5855 -4874.5003
5856 -4874.5015
5857 -4874.5020
5858 -4874.5024
5859 -4873.8435
5860 -4874.2663
5861 -4874.4066
5862 -4874.4603
5863 -4874.4827
5864 -4874.4930
5865 -4874.4978
5866 -4874.5001
5867 -4874.5013
5868 -4874.5018
5869 -4874.5021
5870 -4873.8428
5871 -4874.2683
5872 -4874.4077
5873 -4874.4608
5874 -4874.4829
5875 -4874.4930
5876 -4874.4977
5877 -4874.4999
5878 -4874.5010
5879 -4874.5016
5880 -4874.5018
5881 -4873.8421
5882 -4874.2702
5883 -4874.4089
5884 -4874.4613
5885 -4874.4831
5886 -4874.4930
5887 -4874.4976
5888 -4874.4998
5889 -4874.5008
5890 -4874.5013
5891 -4874.5016
5892 -4873.8223
5893 -4874.2631
5894 -4874.4057
5895 -4874.4598
5896 -4874.4823
5897 -4874.4925
5898 -4874.4972
5899 -4874.4995
5900 -4874.5006
5901 -4874.5011
5902 -4874.5013
5903 -4873.8217
5904 -4874.2652
5905 -4874.4069
5906 -4874.4604
5907 -4874.4825
5908 -4874.4925
5909 -4874.4971
5910 -4874.4993
5911 -4874.5004
5912 -4874.5009
5913 -4874.5011
5914 -4873.8211
5915 -4874.2672
5916 -4874.4081
5917 -4874.4610
5918 -4874.4827
5919 -4874.4925
5920 -4874.4971
5921 -4874.4992
5922 -4874.5002
5923 -4874.5007
5924 -4874.5009
5925 -4873.8407
5926 -4874.2566
5927 -4874.4000
5928 -4874.4561
5929 -4874.4798
5930 -4874.4909
5931 -4874.4959
5932 -4874.4984
5933 -4874.4997
5934 -4874.5003
5935 -4874.5006
5936 -4873.8399
5937 -4874.2585
5938 -4874.4012
5939 -4874.4566
5940 -4874.4800
5941 -4874.4908
5942 -4874.4958
5943 -4874.4982
5944 -4874.4994
5945 -4874.5000
5946 -4874.5003
5947 -4873.8391
5948 -4874.2605
5949 -4874.4024
5950 -4874.4571
5951 -4874.4801
5952 -4874.4908
5953 -4874.4956
5954 -4874.4980
5955 -4874.4992
5956 -4874.4997
5957 -4874.5000
5958 -4873.8384
5959 -4874.2626
5960 -4874.4035
5961 -4874.4576
5962 -4874.4803
5963 -4874.4908
5964 -4874.4955
5965 -4874.4978
5966 -4874.4989
5967 -4874.4995
5968 -4874.4998
5969 -4873.8377
5970 -4874.2647
5971 -4874.4047
5972 -4874.4582
5973 -4874.4804
5974 -4874.4907
5975 -4874.4953
5976 -4874.4976
5977 -4874.4987
5978 -4874.4992
5979 -4874.4995
5980 -4873.8370
5981 -4874.2665
5982 -4874.4059
5983 -4874.4587
5984 -4874.4806
5985 -4874.4907
5986 -4874.4952
5987 -4874.4974
5988 -4874.4985
5989 -4874.4990
5990 -4874.4993
5991 -4873.8173
5992 -4874.2594
5993 -4874.4027
5994 -4874.4572
5995 -4874.4798
5996 -4874.4903
5997 -4874.4949
5998 -4874.4972
5999 -4874.4983
6000 -4874.4988
6001 -4874.4990
6002 -4873.8167
6003 -4874.2616
6004 -4874.4040
6005 -4874.4578
6006 -4874.4800
6007 -4874.4903
6008 -4874.4948
6009 -4874.4970
6010 -4874.4981
6011 -4874.4985
6012 -4874.4988
6013 -4873.8161
6014 -4874.2636
6015 -4874.4052
6016 -4874.4584
6017 -4874.4803
6018 -4874.4903
6019 -4874.4947
6020 -4874.4968
6021 -4874.4979
6022 -4874.4984
6023 -4874.4986
6024 -4873.8356
6025 -4874.2527
6026 -4874.3970
6027 -4874.4533
6028 -4874.4773
6029 -4874.4885
6030 -4874.4936
6031 -4874.4961
6032 -4874.4973
6033 -4874.4980
6034 -4874.4983
6035 -4873.8348
6036 -4874.2547
6037 -4874.3982
6038 -4874.4538
6039 -4874.4774
6040 -4874.4884
6041 -4874.4934
6042 -4874.4959
6043 -4874.4971
6044 -4874.4977
6045 -4874.4980
6046 -4873.8341
6047 -4874.2567
6048 -4874.3994
6049 -4874.4544
6050 -4874.4776
6051 -4874.4884
6052 -4874.4933
6053 -4874.4957
6054 -4874.4968
6055 -4874.4974
6056 -4874.4977
6057 -4873.8333
6058 -4874.2586
6059 -4874.4005
6060 -4874.4550
6061 -4874.4778
6062 -4874.4884
6063 -4874.4931
6064 -4874.4955
6065 -4874.4966
6066 -4874.4972
6067 -4874.4975
6068 -4873.8326
6069 -4874.2606
6070 -4874.4017
6071 -4874.4555
6072 -4874.4780
6073 -4874.4883
6074 -4874.4930
6075 -4874.4953
6076 -4874.4964
6077 -4874.4969
6078 -4874.4972
6079 -4873.8320
6080 -4874.2628
6081 -4874.4029
6082 -4874.4561
6083 -4874.4781
6084 -4874.4883
6085 -4874.4928
6086 -4874.4951
6087 -4874.4961
6088 -4874.4967
6089 -4874.4969
6090 -4873.8123
6091 -4874.2559
6092 -4874.3998
6093 -4874.4546
6094 -4874.4774
6095 -4874.4879
6096 -4874.4925
6097 -4874.4948
6098 -4874.4959
6099 -4874.4964
6100 -4874.4967
6101 -4873.8117
6102 -4874.2579
6103 -4874.4011
6104 -4874.4552
6105 -4874.4776
6106 -4874.4879
6107 -4874.4924
6108 -4874.4946
6109 -4874.4957
6110 -4874.4962
6111 -4874.4964
6112 -4873.8111
6113 -4874.2600
6114 -4874.4023
6115 -4874.4558
6116 -4874.4778
6117 -4874.4879
6118 -4874.4923
6119 -4874.4945
6120 -4874.4955
6121 -4874.4960
6122 -4874.4962
6123 -4873.8305
6124 -4874.2490
6125 -4874.3938
6126 -4874.4505
6127 -4874.4748
6128 -4874.4858
6129 -4874.4913
6130 -4874.4937
6131 -4874.4950
6132 -4874.4956
6133 -4874.4959
6134 -4873.8297
6135 -4874.2509
6136 -4874.3951
6137 -4874.4510
6138 -4874.4749
6139 -4874.4858
6140 -4874.4911
6141 -4874.4935
6142 -4874.4947
6143 -4874.4953
6144 -4874.4956
6145 -4873.8290
6146 -4874.2529
6147 -4874.3963
6148 -4874.4515
6149 -4874.4751
6150 -4874.4857
6151 -4874.4910
6152 -4874.4933
6153 -4874.4945
6154 -4874.4951
6155 -4874.4954
6156 -4873.8282
6157 -4874.2549
6158 -4874.3975
6159 -4874.4521
6160 -4874.4753
6161 -4874.4857
6162 -4874.4909
6163 -4874.4931
6164 -4874.4942
6165 -4874.4948
6166 -4874.4951
6167 -4873.8275
6168 -4874.2569
6169 -4874.3987
6170 -4874.4528
6171 -4874.4755
6172 -4874.4857
6173 -4874.4907
6174 -4874.4929
6175 -4874.4940
6176 -4874.4946
6177 -4874.4948
6178 -4873.8269
6179 -4874.2589
6180 -4874.3999
6181 -4874.4533
6182 -4874.4756
6183 -4874.4857
6184 -4874.4906
6185 -4874.4927
6186 -4874.4938
6187 -4874.4943
6188 -4874.4946
6189 -4873.8073
6190 -4874.2519
6191 -4874.3968
6192 -4874.4519
6193 -4874.4749
6194 -4874.4852
6195 -4874.4903
6196 -4874.4924
6197 -4874.4936
6198 -4874.4941
6199 -4874.4944
6200 -4873.8067
6201 -4874.2542
6202 -4874.3981
6203 -4874.4526
6204 -4874.4751
6205 -4874.4852
6206 -4874.4902
6207 -4874.4924
6208 -4874.4933
6209 -4874.4939
6210 -4874.4941
6211 -4873.8061
6212 -4874.2565
6213 -4874.3994
6214 -4874.4531
6215 -4874.4754
6216 -4874.4852
6217 -4874.4901
6218 -4874.4922
6219 -4874.4932
6220 -4874.4936
6221 -4874.4939
6222 -4873.8254
6223 -4874.2451
6224 -4874.3911
6225 -4874.4478
6226 -4874.4722
6227 -4874.4833
6228 -4874.4889
6229 -4874.4915
6230 -4874.4926
6231 -4874.4933
6232 -4874.4936
6233 -4873.8246
6234 -4874.2471
6235 -4874.3922
6236 -4874.4484
6237 -4874.4724
6238 -4874.4833
6239 -4874.4887
6240 -4874.4913
6241 -4874.4925
6242 -4874.4930
6243 -4874.4933
6244 -4873.8239
6245 -4874.2491
6246 -4874.3934
6247 -4874.4490
6248 -4874.4726
6249 -4874.4833
6250 -4874.4886
6251 -4874.4910
6252 -4874.4922
6253 -4874.4927
6254 -4874.4930
6255 -4873.8231
6256 -4874.2511
6257 -4874.3944
6258 -4874.4495
6259 -4874.4728
6260 -4874.4833
6261 -4874.4885
6262 -4874.4908
6263 -4874.4920
6264 -4874.4924
6265 -4874.4927
6266 -4873.8224
6267 -4874.2532
6268 -4874.3956
6269 -4874.4500
6270 -4874.4730
6271 -4874.4833
6272 -4874.4883
6273 -4874.4906
6274 -4874.4918
6275 -4874.4923
6276 -4874.4925
6277 -4873.8217
6278 -4874.2552
6279 -4874.3969
6280 -4874.4506
6281 -4874.4731
6282 -4874.4832
6283 -4874.4882
6284 -4874.4905
6285 -4874.4916
6286 -4874.4921
6287 -4874.4923
6288 -4873.8023
6289 -4874.2483
6290 -4874.3938
6291 -4874.4491
6292 -4874.4724
6293 -4874.4828
6294 -4874.4879
6295 -4874.4902
6296 -4874.4913
6297 -4874.4918
6298 -4874.4921
6299 -4873.8017
6300 -4874.2504
6301 -4874.3951
6302 -4874.4497
6303 -4874.4726
6304 -4874.4828
6305 -4874.4878
6306 -4874.4900
6307 -4874.4911
6308 -4874.4916
6309 -4874.4919
6310 -4873.8011
6311 -4874.2525
6312 -4874.3964
6313 -4874.4503
6314 -4874.4728
6315 -4874.4828
6316 -4874.4877
6317 -4874.4899
6318 -4874.4909
6319 -4874.4914
6320 -4874.4916
6321 -4873.8203
6322 -4874.2413
6323 -4874.3879
6324 -4874.4451
6325 -4874.4697
6326 -4874.4809
6327 -4874.4862
6328 -4874.4891
6329 -4874.4904
6330 -4874.4910
6331 -4874.4913
6332 -4873.8195
6333 -4874.2433
6334 -4874.3891
6335 -4874.4457
6336 -4874.4699
6337 -4874.4809
6338 -4874.4861
6339 -4874.4889
6340 -4874.4901
6341 -4874.4907
6342 -4874.4910
6343 -4873.8187
6344 -4874.2453
6345 -4874.3904
6346 -4874.4462
6347 -4874.4700
6348 -4874.4808
6349 -4874.4860
6350 -4874.4887
6351 -4874.4898
6352 -4874.4904
6353 -4874.4908
6354 -4873.8180
6355 -4874.2474
6356 -4874.3917
6357 -4874.4468
6358 -4874.4702
6359 -4874.4808
6360 -4874.4858
6361 -4874.4884
6362 -4874.4896
6363 -4874.4902
6364 -4874.4905
6365 -4873.8173
6366 -4874.2494
6367 -4874.3928
6368 -4874.4474
6369 -4874.4704
6370 -4874.4808
6371 -4874.4857
6372 -4874.4882
6373 -4874.4894
6374 -4874.4899
6375 -4874.4902
6376 -4873.8166
6377 -4874.2515
6378 -4874.3940
6379 -4874.4479
6380 -4874.4706
6381 -4874.4808
6382 -4874.4856
6383 -4874.4881
6384 -4874.4892
6385 -4874.4897
6386 -4874.4900
6387 -4873.7972
6388 -4874.2445
6389 -4874.3907
6390 -4874.4465
6391 -4874.4699
6392 -4874.4803
6393 -4874.4852
6394 -4874.4878
6395 -4874.4889
6396 -4874.4894
6397 -4874.4897
6398 -4873.7966
6399 -4874.2467
6400 -4874.3922
6401 -4874.4471
6402 -4874.4701
6403 -4874.4804
6404 -4874.4851
6405 -4874.4876
6406 -4874.4887
6407 -4874.4892
6408 -4874.4895
6409 -4873.7960
6410 -4874.2490
6411 -4874.3934
6412 -4874.4477
6413 -4874.4703
6414 -4874.4804
6415 -4874.4851
6416 -4874.4875
6417 -4874.4885
6418 -4874.4890
6419 -4874.4893
6420 -4873.8151
6421 -4874.2375
6422 -4874.3848
6423 -4874.4422
6424 -4874.4671
6425 -4874.4784
6426 -4874.4838
6427 -4874.4865
6428 -4874.4880
6429 -4874.4886
6430 -4874.4889
6431 -4873.8143
6432 -4874.2395
6433 -4874.3860
6434 -4874.4430
6435 -4874.4673
6436 -4874.4784
6437 -4874.4837
6438 -4874.4862
6439 -4874.4877
6440 -4874.4883
6441 -4874.4886
6442 -4873.8135
6443 -4874.2416
6444 -4874.3873
6445 -4874.4435
6446 -4874.4674
6447 -4874.4784
6448 -4874.4835
6449 -4874.4860
6450 -4874.4875
6451 -4874.4880
6452 -4874.4883
6453 -4873.8128
6454 -4874.2436
6455 -4874.3886
6456 -4874.4441
6457 -4874.4677
6458 -4874.4783
6459 -4874.4834
6460 -4874.4858
6461 -4874.4872
6462 -4874.4878
6463 -4874.4881
6464 -4873.8121
6465 -4874.2456
6466 -4874.3898
6467 -4874.4447
6468 -4874.4678
6469 -4874.4783
6470 -4874.4833
6471 -4874.4856
6472 -4874.4868
6473 -4874.4875
6474 -4874.4878
6475 -4873.8114
6476 -4874.2477
6477 -4874.3911
6478 -4874.4452
6479 -4874.4681
6480 -4874.4783
6481 -4874.4831
6482 -4874.4854
6483 -4874.4866
6484 -4874.4873
6485 -4874.4876
6486 -4873.7922
6487 -4874.2409
6488 -4874.3880
6489 -4874.4439
6490 -4874.4673
6491 -4874.4779
6492 -4874.4828
6493 -4874.4852
6494 -4874.4863
6495 -4874.4868
6496 -4874.4873
6497 -4873.7916
6498 -4874.2431
6499 -4874.3893
6500 -4874.4444
6501 -4874.4676
6502 -4874.4779
6503 -4874.4827
6504 -4874.4850
6505 -4874.4861
6506 -4874.4866
6507 -4874.4868
6508 -4873.7910
6509 -4874.2453
6510 -4874.3904
6511 -4874.4451
6512 -4874.4678
6513 -4874.4779
6514 -4874.4826
6515 -4874.4848
6516 -4874.4859
6517 -4874.4864
6518 -4874.4867
6519 -4873.8100
6520 -4874.2335
6521 -4874.3817
6522 -4874.4394
6523 -4874.4645
6524 -4874.4759
6525 -4874.4814
6526 -4874.4841
6527 -4874.4854
6528 -4874.4860
6529 -4874.4863
6530 -4873.8092
6531 -4874.2357
6532 -4874.3829
6533 -4874.4400
6534 -4874.4647
6535 -4874.4759
6536 -4874.4812
6537 -4874.4838
6538 -4874.4851
6539 -4874.4857
6540 -4874.4860
6541 -4873.8085
6542 -4874.2378
6543 -4874.3842
6544 -4874.4405
6545 -4874.4649
6546 -4874.4759
6547 -4874.4811
6548 -4874.4836
6549 -4874.4848
6550 -4874.4854
6551 -4874.4857
6552 -4873.8077
6553 -4874.2398
6554 -4874.3855
6555 -4874.4411
6556 -4874.4651
6557 -4874.4759
6558 -4874.4810
6559 -4874.4834
6560 -4874.4846
6561 -4874.4852
6562 -4874.4855
6563 -4873.8070
6564 -4874.2419
6565 -4874.3867
6566 -4874.4417
6567 -4874.4653
6568 -4874.4759
6569 -4874.4808
6570 -4874.4832
6571 -4874.4843
6572 -4874.4849
6573 -4874.4852
6574 -4873.8063
6575 -4874.2439
6576 -4874.3880
6577 -4874.4423
6578 -4874.4655
6579 -4874.4758
6580 -4874.4807
6581 -4874.4830
6582 -4874.4841
6583 -4874.4847
6584 -4874.4849
6585 -4873.7873
6586 -4874.2372
6587 -4874.3850
6588 -4874.4411
6589 -4874.4648
6590 -4874.4754
6591 -4874.4804
6592 -4874.4827
6593 -4874.4839
6594 -4874.4844
6595 -4874.4847
6596 -4873.7867
6597 -4874.2394
6598 -4874.3864
6599 -4874.4418
6600 -4874.4650
6601 -4874.4754
6602 -4874.4803
6603 -4874.4826
6604 -4874.4837
6605 -4874.4842
6606 -4874.4845
6607 -4873.7861
6608 -4874.2416
6609 -4874.3878
6610 -4874.4424
6611 -4874.4653
6612 -4874.4755
6613 -4874.4802
6614 -4874.4824
6615 -4874.4835
6616 -4874.4840
6617 -4874.4842
6618 -4873.8051
6619 -4874.2296
6620 -4874.3785
6621 -4874.4366
6622 -4874.4619
6623 -4874.4735
6624 -4874.4789
6625 -4874.4816
6626 -4874.4829
6627 -4874.4836
6628 -4874.4839
6629 -4873.8042
6630 -4874.2317
6631 -4874.3798
6632 -4874.4372
6633 -4874.4621
6634 -4874.4734
6635 -4874.4788
6636 -4874.4814
6637 -4874.4826
6638 -4874.4833
6639 -4874.4836
6640 -4873.8034
6641 -4874.2338
6642 -4874.3811
6643 -4874.4378
6644 -4874.4623
6645 -4874.4734
6646 -4874.4786
6647 -4874.4811
6648 -4874.4824
6649 -4874.4830
6650 -4874.4833
6651 -4873.8027
6652 -4874.2360
6653 -4874.3824
6654 -4874.4384
6655 -4874.4625
6656 -4874.4734
6657 -4874.4785
6658 -4874.4810
6659 -4874.4821
6660 -4874.4827
6661 -4874.4830
6662 -4873.8020
6663 -4874.2381
6664 -4874.3836
6665 -4874.4390
6666 -4874.4627
6667 -4874.4734
6668 -4874.4784
6669 -4874.4808
6670 -4874.4819
6671 -4874.4825
6672 -4874.4827
6673 -4873.8013
6674 -4874.2402
6675 -4874.3849
6676 -4874.4396
6677 -4874.4629
6678 -4874.4733
6679 -4874.4782
6680 -4874.4806
6681 -4874.4817
6682 -4874.4822
6683 -4874.4825
6684 -4873.7822
6685 -4874.2335
6686 -4874.3820
6687 -4874.4382
6688 -4874.4622
6689 -4874.4729
6690 -4874.4779
6691 -4874.4803
6692 -4874.4814
6693 -4874.4820
6694 -4874.4823
6695 -4873.7816
6696 -4874.2357
6697 -4874.3834
6698 -4874.4388
6699 -4874.4625
6700 -4874.4730
6701 -4874.4778
6702 -4874.4801
6703 -4874.4812
6704 -4874.4817
6705 -4874.4820
6706 -4873.7810
6707 -4874.2380
6708 -4874.3847
6709 -4874.4395
6710 -4874.4627
6711 -4874.4730
6712 -4874.4777
6713 -4874.4800
6714 -4874.4810
6715 -4874.4815
6716 -4874.4818
6717 -4873.7999
6718 -4874.2257
6719 -4874.3751
6720 -4874.4338
6721 -4874.4593
6722 -4874.4709
6723 -4874.4764
6724 -4874.4791
6725 -4874.4805
6726 -4874.4811
6727 -4874.4814
6728 -4873.7991
6729 -4874.2278
6730 -4874.3764
6731 -4874.4344
6732 -4874.4595
6733 -4874.4709
6734 -4874.4763
6735 -4874.4789
6736 -4874.4802
6737 -4874.4809
6738 -4874.4811
6739 -4873.7983
6740 -4874.2299
6741 -4874.3778
6742 -4874.4350
6743 -4874.4597
6744 -4874.4709
6745 -4874.4761
6746 -4874.4787
6747 -4874.4800
6748 -4874.4806
6749 -4874.4809
6750 -4873.7976
6751 -4874.2320
6752 -4874.3792
6753 -4874.4356
6754 -4874.4599
6755 -4874.4708
6756 -4874.4760
6757 -4874.4785
6758 -4874.4797
6759 -4874.4803
6760 -4874.4806
6761 -4873.7968
6762 -4874.2342
6763 -4874.3805
6764 -4874.4362
6765 -4874.4601
6766 -4874.4708
6767 -4874.4759
6768 -4874.4783
6769 -4874.4795
6770 -4874.4800
6771 -4874.4803
6772 -4873.7962
6773 -4874.2364
6774 -4874.3818
6775 -4874.4368
6776 -4874.4603
6777 -4874.4708
6778 -4874.4757
6779 -4874.4781
6780 -4874.4792
6781 -4874.4798
6782 -4874.4801
6783 -4873.7772
6784 -4874.2298
6785 -4874.3789
6786 -4874.4354
6787 -4874.4596
6788 -4874.4704
6789 -4874.4754
6790 -4874.4778
6791 -4874.4790
6792 -4874.4795
6793 -4874.4798
6794 -4873.7765
6795 -4874.2321
6796 -4874.3803
6797 -4874.4361
6798 -4874.4599
6799 -4874.4704
6800 -4874.4753
6801 -4874.4777
6802 -4874.4788
6803 -4874.4793
6804 -4874.4796
6805 -4873.7760
6806 -4874.2343
6807 -4874.3817
6808 -4874.4368
6809 -4874.4601
6810 -4874.4704
6811 -4874.4752
6812 -4874.4775
6813 -4874.4786
6814 -4874.4791
6815 -4874.4793
6816 -4873.7948
6817 -4874.2218
6818 -4874.3719
6819 -4874.4310
6820 -4874.4567
6821 -4874.4683
6822 -4874.4739
6823 -4874.4767
6824 -4874.4780
6825 -4874.4787
6826 -4874.4790
6827 -4873.7939
6828 -4874.2239
6829 -4874.3732
6830 -4874.4316
6831 -4874.4569
6832 -4874.4683
6833 -4874.4738
6834 -4874.4764
6835 -4874.4777
6836 -4874.4784
6837 -4874.4787
6838 -4873.7931
6839 -4874.2260
6840 -4874.3745
6841 -4874.4322
6842 -4874.4571
6843 -4874.4683
6844 -4874.4736
6845 -4874.4762
6846 -4874.4775
6847 -4874.4781
6848 -4874.4784
6849 -4873.7924
6850 -4874.2281
6851 -4874.3758
6852 -4874.4328
6853 -4874.4573
6854 -4874.4683
6855 -4874.4735
6856 -4874.4760
6857 -4874.4772
6858 -4874.4778
6859 -4874.4781
6860 -4873.7917
6861 -4874.2303
6862 -4874.3771
6863 -4874.4334
6864 -4874.4575
6865 -4874.4683
6866 -4874.4734
6867 -4874.4758
6868 -4874.4770
6869 -4874.4776
6870 -4874.4779
6871 -4873.7910
6872 -4874.2324
6873 -4874.3786
6874 -4874.4340
6875 -4874.4577
6876 -4874.4683
6877 -4874.4732
6878 -4874.4756
6879 -4874.4768
6880 -4874.4773
6881 -4874.4776
6882 -4873.7721
6883 -4874.2259
6884 -4874.3759
6885 -4874.4327
6886 -4874.4570
6887 -4874.4679
6888 -4874.4729
6889 -4874.4754
6890 -4874.4765
6891 -4874.4771
6892 -4874.4773
6893 -4873.7715
6894 -4874.2283
6895 -4874.3772
6896 -4874.4334
6897 -4874.4573
6898 -4874.4679
6899 -4874.4728
6900 -4874.4752
6901 -4874.4763
6902 -4874.4768
6903 -4874.4771
6904 -4873.7710
6905 -4874.2306
6906 -4874.3786
6907 -4874.4340
6908 -4874.4575
6909 -4874.4679
6910 -4874.4727
6911 -4874.4750
6912 -4874.4761
6913 -4874.4766
6914 -4874.4769
6915 -4873.7896
6916 -4874.2179
6917 -4874.3686
6918 -4874.4281
6919 -4874.4539
6920 -4874.4658
6921 -4874.4714
6922 -4874.4742
6923 -4874.4755
6924 -4874.4762
6925 -4874.4765
6926 -4873.7888
6927 -4874.2201
6928 -4874.3699
6929 -4874.4288
6930 -4874.4541
6931 -4874.4658
6932 -4874.4713
6933 -4874.4739
6934 -4874.4753
6935 -4874.4759
6936 -4874.4762
6937 -4873.7880
6938 -4874.2222
6939 -4874.3712
6940 -4874.4294
6941 -4874.4544
6942 -4874.4657
6943 -4874.4711
6944 -4874.4737
6945 -4874.4750
6946 -4874.4756
6947 -4874.4759
6948 -4873.7873
6949 -4874.2243
6950 -4874.3727
6951 -4874.4300
6952 -4874.4546
6953 -4874.4657
6954 -4874.4710
6955 -4874.4735
6956 -4874.4748
6957 -4874.4753
6958 -4874.4756
6959 -4873.7866
6960 -4874.2265
6961 -4874.3739
6962 -4874.4306
6963 -4874.4549
6964 -4874.4657
6965 -4874.4709
6966 -4874.4733
6967 -4874.4745
6968 -4874.4751
6969 -4874.4754
6970 -4873.7859
6971 -4874.2286
6972 -4874.3753
6973 -4874.4312
6974 -4874.4551
6975 -4874.4657
6976 -4874.4707
6977 -4874.4731
6978 -4874.4743
6979 -4874.4748
6980 -4874.4751
6981 -4873.7670
6982 -4874.2221
6983 -4874.3725
6984 -4874.4299
6985 -4874.4544
6986 -4874.4653
6987 -4874.4704
6988 -4874.4728
6989 -4874.4740
6990 -4874.4746
6991 -4874.4748
6992 -4873.7664
6993 -4874.2244
6994 -4874.3741
6995 -4874.4306
6996 -4874.4547
6997 -4874.4654
6998 -4874.4703
6999 -4874.4727
7000 -4874.4738
7001 -4874.4743
7002 -4874.4746
7003 -4873.7659
7004 -4874.2268
7005 -4874.3755
7006 -4874.4313
7007 -4874.4549
7008 -4874.4654
7009 -4874.4702
7010 -4874.4725
7011 -4874.4736
7012 -4874.4741
7013 -4874.4744
7014 -4873.7845
7015 -4874.2140
7016 -4874.3654
7017 -4874.4251
7018 -4874.4512
7019 -4874.4632
7020 -4874.4689
7021 -4874.4717
7022 -4874.4730
7023 -4874.4737
7024 -4874.4740
7025 -4873.7837
7026 -4874.2162
7027 -4874.3667
7028 -4874.4257
7029 -4874.4514
7030 -4874.4632
7031 -4874.4687
7032 -4874.4714
7033 -4874.4728
7034 -4874.4734
7035 -4874.4737
7036 -4873.7829
7037 -4874.2183
7038 -4874.3681
7039 -4874.4263
7040 -4874.4515
7041 -4874.4632
7042 -4874.4686
7043 -4874.4712
7044 -4874.4725
7045 -4874.4731
7046 -4874.4734
7047 -4873.7822
7048 -4874.2205
7049 -4874.3694
7050 -4874.4269
7051 -4874.4518
7052 -4874.4632
7053 -4874.4684
7054 -4874.4710
7055 -4874.4723
7056 -4874.4728
7057 -4874.4731
7058 -4873.7815
7059 -4874.2226
7060 -4874.3707
7061 -4874.4278
7062 -4874.4520
7063 -4874.4632
7064 -4874.4683
7065 -4874.4708
7066 -4874.4720
7067 -4874.4726
7068 -4874.4728
7069 -4873.7808
7070 -4874.2248
7071 -4874.3720
7072 -4874.4284
7073 -4874.4522
7074 -4874.4632
7075 -4874.4682
7076 -4874.4706
7077 -4874.4717
7078 -4874.4723
7079 -4874.4726
7080 -4873.7620
7081 -4874.2183
7082 -4874.3694
7083 -4874.4272
7084 -4874.4515
7085 -4874.4628
7086 -4874.4679
7087 -4874.4703
7088 -4874.4715
7089 -4874.4721
7090 -4874.4724
7091 -4873.7614
7092 -4874.2207
7093 -4874.3708
7094 -4874.4278
7095 -4874.4518
7096 -4874.4628
7097 -4874.4678
7098 -4874.4702
7099 -4874.4713
7100 -4874.4718
7101 -4874.4721
7102 -4873.7609
7103 -4874.2229
7104 -4874.3722
7105 -4874.4285
7106 -4874.4521
7107 -4874.4628
7108 -4874.4677
7109 -4874.4700
7110 -4874.4711
7111 -4874.4716
7112 -4874.4719
7113 -4873.7794
7114 -4874.2101
7115 -4874.3622
7116 -4874.4222
7117 -4874.4485
7118 -4874.4606
7119 -4874.4664
7120 -4874.4691
7121 -4874.4705
7122 -4874.4712
7123 -4874.4715
7124 -4873.7785
7125 -4874.2123
7126 -4874.3636
7127 -4874.4228
7128 -4874.4488
7129 -4874.4606
7130 -4874.4662
7131 -4874.4689
7132 -4874.4702
7133 -4874.4709
7134 -4874.4712
7135 -4873.7777
7136 -4874.2144
7137 -4874.3649
7138 -4874.4235
7139 -4874.4490
7140 -4874.4606
7141 -4874.4661
7142 -4874.4687
7143 -4874.4700
7144 -4874.4706
7145 -4874.4709
7146 -4873.7770
7147 -4874.2166
7148 -4874.3663
7149 -4874.4241
7150 -4874.4492
7151 -4874.4606
7152 -4874.4659
7153 -4874.4684
7154 -4874.4697
7155 -4874.4703
7156 -4874.4706
7157 -4873.7763
7158 -4874.2188
7159 -4874.3676
7160 -4874.4247
7161 -4874.4494
7162 -4874.4606
7163 -4874.4658
7164 -4874.4683
7165 -4874.4695
7166 -4874.4700
7167 -4874.4703
7168 -4873.7756
7169 -4874.2210
7170 -4874.3689
7171 -4874.4254
7172 -4874.4497
7173 -4874.4606
7174 -4874.4656
7175 -4874.4681
7176 -4874.4692
7177 -4874.4698
7178 -4874.4701
7179 -4873.7568
7180 -4874.2146
7181 -4874.3662
7182 -4874.4241
7183 -4874.4490
7184 -4874.4602
7185 -4874.4653
7186 -4874.4678
7187 -4874.4690
7188 -4874.4695
7189 -4874.4698
7190 -4873.7562
7191 -4874.2169
7192 -4874.3677
7193 -4874.4248
7194 -4874.4493
7195 -4874.4602
7196 -4874.4652
7197 -4874.4676
7198 -4874.4688
7199 -4874.4693
7200 -4874.4696
7201 -4873.7557
7202 -4874.2192
7203 -4874.3691
7204 -4874.4257
7205 -4874.4495
7206 -4874.4602
7207 -4874.4651
7208 -4874.4674
7209 -4874.4686
7210 -4874.4691
7211 -4874.4694
7212 -4873.7741
7213 -4874.2062
7214 -4874.3591
7215 -4874.4193
7216 -4874.4459
7217 -4874.4580
7218 -4874.4638
7219 -4874.4666
7220 -4874.4680
7221 -4874.4687
7222 -4874.4690
7223 -4873.7733
7224 -4874.2084
7225 -4874.3604
7226 -4874.4199
7227 -4874.4461
7228 -4874.4580
7229 -4874.4636
7230 -4874.4664
7231 -4874.4677
7232 -4874.4683
7233 -4874.4687
7234 -4873.7725
7235 -4874.2105
7236 -4874.3617
7237 -4874.4206
7238 -4874.4463
7239 -4874.4580
7240 -4874.4635
7241 -4874.4661
7242 -4874.4674
7243 -4874.4681
7244 -4874.4684
7245 -4873.7717
7246 -4874.2128
7247 -4874.3631
7248 -4874.4212
7249 -4874.4466
7250 -4874.4580
7251 -4874.4633
7252 -4874.4659
7253 -4874.4672
7254 -4874.4678
7255 -4874.4681
7256 -4873.7710
7257 -4874.2150
7258 -4874.3644
7259 -4874.4219
7260 -4874.4468
7261 -4874.4580
7262 -4874.4632
7263 -4874.4657
7264 -4874.4669
7265 -4874.4675
7266 -4874.4678
7267 -4873.7704
7268 -4874.2172
7269 -4874.3658
7270 -4874.4225
7271 -4874.4470
7272 -4874.4580
7273 -4874.4631
7274 -4874.4655
7275 -4874.4667
7276 -4874.4673
7277 -4874.4675
7278 -4873.7517
7279 -4874.2108
7280 -4874.3631
7281 -4874.4213
7282 -4874.4463
7283 -4874.4576
7284 -4874.4628
7285 -4874.4652
7286 -4874.4665
7287 -4874.4670
7288 -4874.4673
7289 -4873.7511
7290 -4874.2132
7291 -4874.3645
7292 -4874.4220
7293 -4874.4466
7294 -4874.4576
7295 -4874.4627
7296 -4874.4651
7297 -4874.4662
7298 -4874.4668
7299 -4874.4670
7300 -4873.7506
7301 -4874.2155
7302 -4874.3660
7303 -4874.4227
7304 -4874.4469
7305 -4874.4577
7306 -4874.4626
7307 -4874.4649
7308 -4874.4660
7309 -4874.4666
7310 -4874.4668
7311 -4873.7689
7312 -4874.2024
7313 -4874.3558
7314 -4874.4164
7315 -4874.4429
7316 -4874.4554
7317 -4874.4612
7318 -4874.4641
7319 -4874.4654
7320 -4874.4661
7321 -4874.4665
7322 -4873.7678
7323 -4874.2045
7324 -4874.3573
7325 -4874.4170
7326 -4874.4434
7327 -4874.4553
7328 -4874.4610
7329 -4874.4638
7330 -4874.4652
7331 -4874.4658
7332 -4874.4661
7333 -4873.7671
7334 -4874.2067
7335 -4874.3587
7336 -4874.4177
7337 -4874.4436
7338 -4874.4553
7339 -4874.4609
7340 -4874.4636
7341 -4874.4649
7342 -4874.4655
7343 -4874.4658
7344 -4873.7663
7345 -4874.2089
7346 -4874.3599
7347 -4874.4183
7348 -4874.4439
7349 -4874.4553
7350 -4874.4607
7351 -4874.4633
7352 -4874.4646
7353 -4874.4652
7354 -4874.4655
7355 -4873.7656
7356 -4874.2111
7357 -4874.3613
7358 -4874.4191
7359 -4874.4441
7360 -4874.4553
7361 -4874.4606
7362 -4874.4631
7363 -4874.4644
7364 -4874.4650
7365 -4874.4653
7366 -4873.7650
7367 -4874.2133
7368 -4874.3626
7369 -4874.4197
7370 -4874.4444
7371 -4874.4554
7372 -4874.4605
7373 -4874.4630
7374 -4874.4641
7375 -4874.4647
7376 -4874.4650
7377 -4873.7464
7378 -4874.2071
7379 -4874.3600
7380 -4874.4185
7381 -4874.4437
7382 -4874.4550
7383 -4874.4602
7384 -4874.4627
7385 -4874.4639
7386 -4874.4645
7387 -4874.4647
7388 -4873.7458
7389 -4874.2094
7390 -4874.3614
7391 -4874.4192
7392 -4874.4440
7393 -4874.4550
7394 -4874.4601
7395 -4874.4625
7396 -4874.4637
7397 -4874.4642
7398 -4874.4645
7399 -4873.7453
7400 -4874.2118
7401 -4874.3629
7402 -4874.4199
7403 -4874.4443
7404 -4874.4551
7405 -4874.4600
7406 -4874.4624
7407 -4874.4635
7408 -4874.4640
7409 -4874.4643
7410 -4873.7635
7411 -4874.1983
7412 -4874.3526
7413 -4874.4134
7414 -4874.4402
7415 -4874.4525
7416 -4874.4586
7417 -4874.4615
7418 -4874.4629
7419 -4874.4636
7420 -4874.4639
7421 -4873.7627
7422 -4874.2006
7423 -4874.3540
7424 -4874.4141
7425 -4874.4404
7426 -4874.4525
7427 -4874.4584
7428 -4874.4612
7429 -4874.4626
7430 -4874.4633
7431 -4874.4636
7432 -4873.7619
7433 -4874.2029
7434 -4874.3554
7435 -4874.4148
7436 -4874.4407
7437 -4874.4525
7438 -4874.4583
7439 -4874.4610
7440 -4874.4623
7441 -4874.4630
7442 -4874.4633
7443 -4873.7611
7444 -4874.2050
7445 -4874.3568
7446 -4874.4154
7447 -4874.4409
7448 -4874.4525
7449 -4874.4581
7450 -4874.4608
7451 -4874.4621
7452 -4874.4627
7453 -4874.4630
7454 -4873.7603
7455 -4874.2072
7456 -4874.3582
7457 -4874.4161
7458 -4874.4412
7459 -4874.4525
7460 -4874.4580
7461 -4874.4606
7462 -4874.4618
7463 -4874.4624
7464 -4874.4627
7465 -4873.7597
7466 -4874.2095
7467 -4874.3596
7468 -4874.4168
7469 -4874.4414
7470 -4874.4525
7471 -4874.4579
7472 -4874.4604
7473 -4874.4616
7474 -4874.4622
7475 -4874.4624
7476 -4873.7412
7477 -4874.2032
7478 -4874.3568
7479 -4874.4156
7480 -4874.4408
7481 -4874.4521
7482 -4874.4576
7483 -4874.4601
7484 -4874.4613
7485 -4874.4619
7486 -4874.4622
7487 -4873.7407
7488 -4874.2057
7489 -4874.3583
7490 -4874.4163
7491 -4874.4411
7492 -4874.4522
7493 -4874.4575
7494 -4874.4600
7495 -4874.4611
7496 -4874.4617
7497 -4874.4619
7498 -4873.7402
7499 -4874.2080
7500 -4874.3598
7501 -4874.4171
7502 -4874.4414
7503 -4874.4522
7504 -4874.4574
7505 -4874.4598
7506 -4874.4609
7507 -4874.4614
7508 -4874.4617
7509 -4873.7583
7510 -4874.1944
7511 -4874.3492
7512 -4874.4105
7513 -4874.4375
7514 -4874.4500
7515 -4874.4560
7516 -4874.4589
7517 -4874.4603
7518 -4874.4610
7519 -4874.4614
7520 -4873.7575
7521 -4874.1966
7522 -4874.3507
7523 -4874.4112
7524 -4874.4377
7525 -4874.4500
7526 -4874.4558
7527 -4874.4586
7528 -4874.4600
7529 -4874.4607
7530 -4874.4610
7531 -4873.7567
7532 -4874.1989
7533 -4874.3522
7534 -4874.4118
7535 -4874.4379
7536 -4874.4500
7537 -4874.4557
7538 -4874.4584
7539 -4874.4597
7540 -4874.4604
7541 -4874.4607
7542 -4873.7560
7543 -4874.2012
7544 -4874.3536
7545 -4874.4125
7546 -4874.4382
7547 -4874.4500
7548 -4874.4556
7549 -4874.4582
7550 -4874.4595
7551 -4874.4601
7552 -4874.4604
7553 -4873.7553
7554 -4874.2035
7555 -4874.3550
7556 -4874.4132
7557 -4874.4384
7558 -4874.4500
7559 -4874.4554
7560 -4874.4580
7561 -4874.4592
7562 -4874.4598
7563 -4874.4601
7564 -4873.7546
7565 -4874.2057
7566 -4874.3564
7567 -4874.4139
7568 -4874.4387
7569 -4874.4500
7570 -4874.4553
7571 -4874.4578
7572 -4874.4590
7573 -4874.4596
7574 -4874.4599
7575 -4873.7362
7576 -4874.1995
7577 -4874.3538
7578 -4874.4127
7579 -4874.4381
7580 -4874.4496
7581 -4874.4550
7582 -4874.4575
7583 -4874.4587
7584 -4874.4593
7585 -4874.4596
7586 -4873.7357
7587 -4874.2019
7588 -4874.3554
7589 -4874.4134
7590 -4874.4384
7591 -4874.4496
7592 -4874.4549
7593 -4874.4573
7594 -4874.4585
7595 -4874.4591
7596 -4874.4593
7597 -4873.7351
7598 -4874.2042
7599 -4874.3567
7600 -4874.4142
7601 -4874.4387
7602 -4874.4497
7603 -4874.4548
7604 -4874.4572
7605 -4874.4583
7606 -4874.4588
7607 -4874.4591
7608 -4873.7532
7609 -4874.1904
7610 -4874.3460
7611 -4874.4076
7612 -4874.4347
7613 -4874.4473
7614 -4874.4531
7615 -4874.4563
7616 -4874.4577
7617 -4874.4584
7618 -4874.4588
7619 -4873.7523
7620 -4874.1927
7621 -4874.3474
7622 -4874.4082
7623 -4874.4349
7624 -4874.4473
7625 -4874.4530
7626 -4874.4560
7627 -4874.4574
7628 -4874.4581
7629 -4874.4584
7630 -4873.7515
7631 -4874.1950
7632 -4874.3488
7633 -4874.4089
7634 -4874.4352
7635 -4874.4473
7636 -4874.4528
7637 -4874.4558
7638 -4874.4571
7639 -4874.4578
7640 -4874.4581
7641 -4873.7508
7642 -4874.1972
7643 -4874.3503
7644 -4874.4096
7645 -4874.4354
7646 -4874.4473
7647 -4874.4527
7648 -4874.4556
7649 -4874.4569
7650 -4874.4575
7651 -4874.4578
7652 -4873.7501
7653 -4874.1995
7654 -4874.3517
7655 -4874.4103
7656 -4874.4357
7657 -4874.4473
7658 -4874.4526
7659 -4874.4554
7660 -4874.4566
7661 -4874.4572
7662 -4874.4575
7663 -4873.7494
7664 -4874.2018
7665 -4874.3531
7666 -4874.4110
7667 -4874.4360
7668 -4874.4473
7669 -4874.4524
7670 -4874.4552
7671 -4874.4564
7672 -4874.4570
7673 -4874.4573
7674 -4873.7311
7675 -4874.1958
7676 -4874.3506
7677 -4874.4098
7678 -4874.4354
7679 -4874.4469
7680 -4874.4521
7681 -4874.4549
7682 -4874.4561
7683 -4874.4567
7684 -4874.4570
7685 -4873.7305
7686 -4874.1981
7687 -4874.3521
7688 -4874.4106
7689 -4874.4357
7690 -4874.4470
7691 -4874.4521
7692 -4874.4547
7693 -4874.4559
7694 -4874.4565
7695 -4874.4568
7696 -4873.7300
7697 -4874.2005
7698 -4874.3536
7699 -4874.4113
7700 -4874.4359
7701 -4874.4470
7702 -4874.4520
7703 -4874.4545
7704 -4874.4557
7705 -4874.4563
7706 -4874.4565
7707 -4873.7480
7708 -4874.1865
7709 -4874.3427
7710 -4874.4046
7711 -4874.4319
7712 -4874.4447
7713 -4874.4506
7714 -4874.4536
7715 -4874.4551
7716 -4874.4558
7717 -4874.4562
7718 -4873.7471
7719 -4874.1887
7720 -4874.3441
7721 -4874.4053
7722 -4874.4322
7723 -4874.4447
7724 -4874.4504
7725 -4874.4533
7726 -4874.4547
7727 -4874.4555
7728 -4874.4558
7729 -4873.7463
7730 -4874.1910
7731 -4874.3456
7732 -4874.4060
7733 -4874.4324
7734 -4874.4446
7735 -4874.4503
7736 -4874.4529
7737 -4874.4545
7738 -4874.4552
7739 -4874.4555
7740 -4873.7456
7741 -4874.1933
7742 -4874.3470
7743 -4874.4067
7744 -4874.4327
7745 -4874.4447
7746 -4874.4502
7747 -4874.4527
7748 -4874.4542
7749 -4874.4549
7750 -4874.4552
7751 -4873.7448
7752 -4874.1956
7753 -4874.3485
7754 -4874.4074
7755 -4874.4329
7756 -4874.4447
7757 -4874.4501
7758 -4874.4525
7759 -4874.4539
7760 -4874.4546
7761 -4874.4549
7762 -4873.7442
7763 -4874.1979
7764 -4874.3499
7765 -4874.4081
7766 -4874.4332
7767 -4874.4447
7768 -4874.4499
7769 -4874.4523
7770 -4874.4537
7771 -4874.4543
7772 -4874.4546
7773 -4873.7260
7774 -4874.1919
7775 -4874.3474
7776 -4874.4069
7777 -4874.4326
7778 -4874.4443
7779 -4874.4496
7780 -4874.4521
7781 -4874.4535
7782 -4874.4540
7783 -4874.4543
7784 -4873.7254
7785 -4874.1944
7786 -4874.3490
7787 -4874.4077
7788 -4874.4329
7789 -4874.4443
7790 -4874.4495
7791 -4874.4519
7792 -4874.4531
7793 -4874.4538
7794 -4874.4541
7795 -4873.7249
7796 -4874.1968
7797 -4874.3505
7798 -4874.4084
7799 -4874.4332
7800 -4874.4444
7801 -4874.4495
7802 -4874.4517
7803 -4874.4529
7804 -4874.4536
7805 -4874.4538
7806 -4873.7428
7807 -4874.1825
7808 -4874.3394
7809 -4874.4017
7810 -4874.4291
7811 -4874.4417
7812 -4874.4480
7813 -4874.4509
7814 -4874.4523
7815 -4874.4529
7816 -4874.4535
7817 -4873.7419
7818 -4874.1848
7819 -4874.3408
7820 -4874.4024
7821 -4874.4294
7822 -4874.4417
7823 -4874.4478
7824 -4874.4507
7825 -4874.4520
7826 -4874.4526
7827 -4874.4530
7828 -4873.7411
7829 -4874.1871
7830 -4874.3423
7831 -4874.4031
7832 -4874.4297
7833 -4874.4417
7834 -4874.4476
7835 -4874.4504
7836 -4874.4517
7837 -4874.4523
7838 -4874.4527
7839 -4873.7404
7840 -4874.1894
7841 -4874.3437
7842 -4874.4038
7843 -4874.4299
7844 -4874.4417
7845 -4874.4475
7846 -4874.4502
7847 -4874.4515
7848 -4874.4521
7849 -4874.4524
7850 -4873.7397
7851 -4874.1917
7852 -4874.3452
7853 -4874.4045
7854 -4874.4302
7855 -4874.4417
7856 -4874.4474
7857 -4874.4500
7858 -4874.4513
7859 -4874.4518
7860 -4874.4521
7861 -4873.7390
7862 -4874.1940
7863 -4874.3466
7864 -4874.4052
7865 -4874.4304
7866 -4874.4418
7867 -4874.4473
7868 -4874.4498
7869 -4874.4510
7870 -4874.4516
7871 -4874.4518
7872 -4873.7209
7873 -4874.1880
7874 -4874.3442
7875 -4874.4041
7876 -4874.4299
7877 -4874.4414
7878 -4874.4469
7879 -4874.4496
7880 -4874.4508
7881 -4874.4514
7882 -4874.4515
7883 -4873.7203
7884 -4874.1905
7885 -4874.3457
7886 -4874.4048
7887 -4874.4302
7888 -4874.4414
7889 -4874.4469
7890 -4874.4494
7891 -4874.4505
7892 -4874.4511
7893 -4874.4514
7894 -4873.7197
7895 -4874.1929
7896 -4874.3472
7897 -4874.4056
7898 -4874.4305
7899 -4874.4415
7900 -4874.4468
7901 -4874.4492
7902 -4874.4503
7903 -4874.4509
7904 -4874.4511
7905 -4873.7376
7906 -4874.1784
7907 -4874.3360
7908 -4874.3985
7909 -4874.4261
7910 -4874.4390
7911 -4874.4453
7912 -4874.4483
7913 -4874.4497
7914 -4874.4504
7915 -4874.4508
7916 -4873.7367
7917 -4874.1807
7918 -4874.3375
7919 -4874.3994
7920 -4874.4263
7921 -4874.4390
7922 -4874.4452
7923 -4874.4480
7924 -4874.4494
7925 -4874.4501
7926 -4874.4504
7927 -4873.7359
7928 -4874.1831
7929 -4874.3390
7930 -4874.4001
7931 -4874.4266
7932 -4874.4390
7933 -4874.4450
7934 -4874.4478
7935 -4874.4491
7936 -4874.4498
7937 -4874.4501
7938 -4873.7352
7939 -4874.1854
7940 -4874.3405
7941 -4874.4008
7942 -4874.4269
7943 -4874.4390
7944 -4874.4449
7945 -4874.4475
7946 -4874.4489
7947 -4874.4495
7948 -4874.4498
7949 -4873.7345
7950 -4874.1878
7951 -4874.3419
7952 -4874.4015
7953 -4874.4272
7954 -4874.4390
7955 -4874.4448
7956 -4874.4473
7957 -4874.4486
7958 -4874.4492
7959 -4874.4495
7960 -4873.7338
7961 -4874.1901
7962 -4874.3434
7963 -4874.4022
7964 -4874.4274
7965 -4874.4391
7966 -4874.4447
7967 -4874.4471
7968 -4874.4484
7969 -4874.4490
7970 -4874.4492
7971 -4873.7158
7972 -4874.1842
7973 -4874.3410
7974 -4874.4011
7975 -4874.4268
7976 -4874.4387
7977 -4874.4444
7978 -4874.4469
7979 -4874.4481
7980 -4874.4487
7981 -4874.4490
7982 -4873.7152
7983 -4874.1867
7984 -4874.3425
7985 -4874.4019
7986 -4874.4274
7987 -4874.4388
7988 -4874.4442
7989 -4874.4467
7990 -4874.4479
7991 -4874.4485
7992 -4874.4487
7993 -4873.7146
7994 -4874.1892
7995 -4874.3441
7996 -4874.4027
7997 -4874.4277
7998 -4874.4388
7999 -4874.4442
8000 -4874.4466
8001 -4874.4477
8002 -4874.4483
8003 -4874.4485
8004 -4873.7324
8005 -4874.1744
8006 -4874.3326
8007 -4874.3959
8008 -4874.4233
8009 -4874.4363
8010 -4874.4424
8011 -4874.4456
8012 -4874.4470
8013 -4874.4478
8014 -4874.4481
8015 -4873.7316
8016 -4874.1767
8017 -4874.3341
8018 -4874.3965
8019 -4874.4235
8020 -4874.4363
8021 -4874.4423
8022 -4874.4454
8023 -4874.4468
8024 -4874.4475
8025 -4874.4478
8026 -4873.7308
8027 -4874.1791
8028 -4874.3356
8029 -4874.3973
8030 -4874.4238
8031 -4874.4363
8032 -4874.4421
8033 -4874.4451
8034 -4874.4465
8035 -4874.4471
8036 -4874.4475
8037 -4873.7300
8038 -4874.1814
8039 -4874.3372
8040 -4874.3980
8041 -4874.4241
8042 -4874.4363
8043 -4874.4419
8044 -4874.4449
8045 -4874.4462
8046 -4874.4469
8047 -4874.4472
8048 -4873.7293
8049 -4874.1839
8050 -4874.3386
8051 -4874.3985
8052 -4874.4244
8053 -4874.4363
8054 -4874.4418
8055 -4874.4447
8056 -4874.4460
8057 -4874.4466
8058 -4874.4470
8059 -4873.7286
8060 -4874.1862
8061 -4874.3401
8062 -4874.3992
8063 -4874.4246
8064 -4874.4363
8065 -4874.4417
8066 -4874.4445
8067 -4874.4457
8068 -4874.4463
8069 -4874.4466
8070 -4873.7107
8071 -4874.1804
8072 -4874.3377
8073 -4874.3982
8074 -4874.4240
8075 -4874.4360
8076 -4874.4414
8077 -4874.4443
8078 -4874.4455
8079 -4874.4461
8080 -4874.4463
8081 -4873.7099
8082 -4874.1829
8083 -4874.3393
8084 -4874.3990
8085 -4874.4244
8086 -4874.4360
8087 -4874.4413
8088 -4874.4441
8089 -4874.4453
8090 -4874.4458
8091 -4874.4461
8092 -4873.7093
8093 -4874.1853
8094 -4874.3408
8095 -4874.3997
8096 -4874.4247
8097 -4874.4361
8098 -4874.4413
8099 -4874.4439
8100 -4874.4451
8101 -4874.4456
8102 -4874.4459
8103 -4873.7270
8104 -4874.1705
8105 -4874.3292
8106 -4874.3929
8107 -4874.4204
8108 -4874.4335
8109 -4874.4397
8110 -4874.4427
8111 -4874.4444
8112 -4874.4452
8113 -4874.4455
8114 -4873.7261
8115 -4874.1728
8116 -4874.3308
8117 -4874.3936
8118 -4874.4207
8119 -4874.4335
8120 -4874.4395
8121 -4874.4425
8122 -4874.4441
8123 -4874.4448
8124 -4874.4452
8125 -4873.7253
8126 -4874.1751
8127 -4874.3323
8128 -4874.3944
8129 -4874.4210
8130 -4874.4335
8131 -4874.4394
8132 -4874.4422
8133 -4874.4438
8134 -4874.4445
8135 -4874.4448
8136 -4873.7246
8137 -4874.1775
8138 -4874.3338
8139 -4874.3952
8140 -4874.4212
8141 -4874.4335
8142 -4874.4392
8143 -4874.4420
8144 -4874.4436
8145 -4874.4442
8146 -4874.4446
8147 -4873.7239
8148 -4874.1798
8149 -4874.3353
8150 -4874.3959
8151 -4874.4215
8152 -4874.4336
8153 -4874.4391
8154 -4874.4418
8155 -4874.4431
8156 -4874.4440
8157 -4874.4443
8158 -4873.7232
8159 -4874.1822
8160 -4874.3368
8161 -4874.3965
8162 -4874.4218
8163 -4874.4336
8164 -4874.4390
8165 -4874.4416
8166 -4874.4428
8167 -4874.4437
8168 -4874.4440
8169 -4873.7053
8170 -4874.1765
8171 -4874.3345
8172 -4874.3954
8173 -4874.4212
8174 -4874.4332
8175 -4874.4387
8176 -4874.4413
8177 -4874.4426
8178 -4874.4432
8179 -4874.4437
8180 -4873.7049
8181 -4874.1790
8182 -4874.3361
8183 -4874.3962
8184 -4874.4216
8185 -4874.4333
8186 -4874.4387
8187 -4874.4412
8188 -4874.4424
8189 -4874.4430
8190 -4874.4435
8191 -4873.7043
8192 -4874.1816
8193 -4874.3377
8194 -4874.3968
8195 -4874.4219
8196 -4874.4334
8197 -4874.4386
8198 -4874.4410
8199 -4874.4422
8200 -4874.4427
8201 -4874.4430
8202 -4873.7220
8203 -4874.1662
8204 -4874.3260
8205 -4874.3898
8206 -4874.4176
8207 -4874.4308
8208 -4874.4370
8209 -4874.4400
8210 -4874.4415
8211 -4874.4423
8212 -4874.4426
8213 -4873.7211
8214 -4874.1686
8215 -4874.3276
8216 -4874.3906
8217 -4874.4178
8218 -4874.4308
8219 -4874.4368
8220 -4874.4398
8221 -4874.4412
8222 -4874.4419
8223 -4874.4423
8224 -4873.7203
8225 -4874.1712
8226 -4874.3290
8227 -4874.3913
8228 -4874.4181
8229 -4874.4308
8230 -4874.4367
8231 -4874.4395
8232 -4874.4409
8233 -4874.4416
8234 -4874.4420
8235 -4873.7196
8236 -4874.1736
8237 -4874.3305
8238 -4874.3921
8239 -4874.4184
8240 -4874.4308
8241 -4874.4366
8242 -4874.4393
8243 -4874.4407
8244 -4874.4413
8245 -4874.4417
8246 -4873.7187
8247 -4874.1760
8248 -4874.3320
8249 -4874.3928
8250 -4874.4187
8251 -4874.4308
8252 -4874.4364
8253 -4874.4391
8254 -4874.4404
8255 -4874.4410
8256 -4874.4414
8257 -4873.7180
8258 -4874.1783
8259 -4874.3335
8260 -4874.3936
8261 -4874.4190
8262 -4874.4308
8263 -4874.4363
8264 -4874.4389
8265 -4874.4402
8266 -4874.4408
8267 -4874.4411
8268 -4873.7002
8269 -4874.1726
8270 -4874.3312
8271 -4874.3926
8272 -4874.4184
8273 -4874.4305
8274 -4874.4360
8275 -4874.4386
8276 -4874.4399
8277 -4874.4405
8278 -4874.4408
8279 -4873.6996
8280 -4874.1752
8281 -4874.3328
8282 -4874.3934
8283 -4874.4188
8284 -4874.4306
8285 -4874.4359
8286 -4874.4385
8287 -4874.4397
8288 -4874.4403
8289 -4874.4406
8290 -4873.6991
8291 -4874.1777
8292 -4874.3344
8293 -4874.3942
8294 -4874.4191
8295 -4874.4306
8296 -4874.4358
8297 -4874.4383
8298 -4874.4395
8299 -4874.4400
8300 -4874.4403
8301 -4873.7166
8302 -4874.1622
8303 -4874.3223
8304 -4874.3868
8305 -4874.4147
8306 -4874.4278
8307 -4874.4343
8308 -4874.4373
8309 -4874.4388
8310 -4874.4396
8311 -4874.4399
8312 -4873.7158
8313 -4874.1646
8314 -4874.3240
8315 -4874.3876
8316 -4874.4149
8317 -4874.4278
8318 -4874.4341
8319 -4874.4371
8320 -4874.4385
8321 -4874.4392
8322 -4874.4396
8323 -4873.7150
8324 -4874.1670
8325 -4874.3257
8326 -4874.3884
8327 -4874.4152
8328 -4874.4278
8329 -4874.4340
8330 -4874.4368
8331 -4874.4382
8332 -4874.4389
8333 -4874.4393
8334 -4873.7142
8335 -4874.1694
8336 -4874.3272
8337 -4874.3891
8338 -4874.4155
8339 -4874.4278
8340 -4874.4338
8341 -4874.4366
8342 -4874.4380
8343 -4874.4386
8344 -4874.4389
8345 -4873.7135
8346 -4874.1720
8347 -4874.3287
8348 -4874.3898
8349 -4874.4158
8350 -4874.4278
8351 -4874.4337
8352 -4874.4364
8353 -4874.4377
8354 -4874.4383
8355 -4874.4387
8356 -4873.7128
8357 -4874.1744
8358 -4874.3302
8359 -4874.3906
8360 -4874.4161
8361 -4874.4278
8362 -4874.4336
8363 -4874.4362
8364 -4874.4375
8365 -4874.4381
8366 -4874.4384
8367 -4873.6951
8368 -4874.1687
8369 -4874.3279
8370 -4874.3895
8371 -4874.4156
8372 -4874.4275
8373 -4874.4333
8374 -4874.4359
8375 -4874.4372
8376 -4874.4378
8377 -4874.4381
8378 -4873.6945
8379 -4874.1712
8380 -4874.3295
8381 -4874.3904
8382 -4874.4159
8383 -4874.4276
8384 -4874.4332
8385 -4874.4358
8386 -4874.4370
8387 -4874.4376
8388 -4874.4378
8389 -4873.6940
8390 -4874.1738
8391 -4874.3311
8392 -4874.3912
8393 -4874.4162
8394 -4874.4279
8395 -4874.4331
8396 -4874.4356
8397 -4874.4367
8398 -4874.4373
8399 -4874.4376
8400 -4873.7114
8401 -4874.1581
8402 -4874.3190
8403 -4874.3838
8404 -4874.4118
8405 -4874.4250
8406 -4874.4315
8407 -4874.4346
8408 -4874.4361
8409 -4874.4369
8410 -4874.4372
8411 -4873.7106
8412 -4874.1606
8413 -4874.3205
8414 -4874.3845
8415 -4874.4121
8416 -4874.4250
8417 -4874.4313
8418 -4874.4343
8419 -4874.4358
8420 -4874.4365
8421 -4874.4369
8422 -4873.7098
8423 -4874.1630
8424 -4874.3221
8425 -4874.3853
8426 -4874.4124
8427 -4874.4250
8428 -4874.4312
8429 -4874.4341
8430 -4874.4355
8431 -4874.4362
8432 -4874.4366
8433 -4873.7090
8434 -4874.1654
8435 -4874.3237
8436 -4874.3861
8437 -4874.4127
8438 -4874.4250
8439 -4874.4311
8440 -4874.4339
8441 -4874.4352
8442 -4874.4359
8443 -4874.4362
8444 -4873.7083
8445 -4874.1678
8446 -4874.3254
8447 -4874.3868
8448 -4874.4129
8449 -4874.4250
8450 -4874.4309
8451 -4874.4337
8452 -4874.4350
8453 -4874.4356
8454 -4874.4359
8455 -4873.7076
8456 -4874.1702
8457 -4874.3269
8458 -4874.3876
8459 -4874.4132
8460 -4874.4251
8461 -4874.4308
8462 -4874.4335
8463 -4874.4347
8464 -4874.4353
8465 -4874.4357
8466 -4873.6899
8467 -4874.1648
8468 -4874.3248
8469 -4874.3866
8470 -4874.4127
8471 -4874.4247
8472 -4874.4305
8473 -4874.4332
8474 -4874.4345
8475 -4874.4351
8476 -4874.4354
8477 -4873.6893
8478 -4874.1674
8479 -4874.3263
8480 -4874.3874
8481 -4874.4131
8482 -4874.4248
8483 -4874.4305
8484 -4874.4330
8485 -4874.4343
8486 -4874.4348
8487 -4874.4351
8488 -4873.6888
8489 -4874.1700
8490 -4874.3279
8491 -4874.3882
8492 -4874.4134
8493 -4874.4248
8494 -4874.4304
8495 -4874.4329
8496 -4874.4341
8497 -4874.4346
8498 -4874.4349
8499 -4873.7061
8500 -4874.1541
8501 -4874.3155
8502 -4874.3804
8503 -4874.4089
8504 -4874.4222
8505 -4874.4288
8506 -4874.4318
8507 -4874.4333
8508 -4874.4341
8509 -4874.4345
8510 -4873.7053
8511 -4874.1565
8512 -4874.3171
8513 -4874.3812
8514 -4874.4092
8515 -4874.4222
8516 -4874.4286
8517 -4874.4316
8518 -4874.4331
8519 -4874.4338
8520 -4874.4342
8521 -4873.7045
8522 -4874.1589
8523 -4874.3187
8524 -4874.3822
8525 -4874.4095
8526 -4874.4222
8527 -4874.4284
8528 -4874.4314
8529 -4874.4328
8530 -4874.4335
8531 -4874.4338
8532 -4873.7037
8533 -4874.1614
8534 -4874.3203
8535 -4874.3830
8536 -4874.4098
8537 -4874.4222
8538 -4874.4283
8539 -4874.4311
8540 -4874.4325
8541 -4874.4332
8542 -4874.4335
8543 -4873.7031
8544 -4874.1638
8545 -4874.3218
8546 -4874.3838
8547 -4874.4101
8548 -4874.4222
8549 -4874.4279
8550 -4874.4309
8551 -4874.4323
8552 -4874.4329
8553 -4874.4332
8554 -4873.7025
8555 -4874.1663
8556 -4874.3234
8557 -4874.3846
8558 -4874.4104
8559 -4874.4222
8560 -4874.4278
8561 -4874.4307
8562 -4874.4320
8563 -4874.4326
8564 -4874.4329
8565 -4873.6849
8566 -4874.1607
8567 -4874.3213
8568 -4874.3836
8569 -4874.4099
8570 -4874.4219
8571 -4874.4275
8572 -4874.4305
8573 -4874.4317
8574 -4874.4324
8575 -4874.4326
8576 -4873.6843
8577 -4874.1633
8578 -4874.3231
8579 -4874.3844
8580 -4874.4102
8581 -4874.4220
8582 -4874.4275
8583 -4874.4303
8584 -4874.4315
8585 -4874.4321
8586 -4874.4324
8587 -4873.6838
8588 -4874.1661
8589 -4874.3247
8590 -4874.3852
8591 -4874.4105
8592 -4874.4221
8593 -4874.4274
8594 -4874.4301
8595 -4874.4313
8596 -4874.4319
8597 -4874.4321
8598 -4873.7010
8599 -4874.1499
8600 -4874.3120
8601 -4874.3773
8602 -4874.4060
8603 -4874.4193
8604 -4874.4257
8605 -4874.4291
8606 -4874.4306
8607 -4874.4314
8608 -4874.4318
8609 -4873.7002
8610 -4874.1524
8611 -4874.3136
8612 -4874.3781
8613 -4874.4063
8614 -4874.4193
8615 -4874.4256
8616 -4874.4288
8617 -4874.4303
8618 -4874.4310
8619 -4874.4314
8620 -4873.6994
8621 -4874.1549
8622 -4874.3153
8623 -4874.3789
8624 -4874.4065
8625 -4874.4193
8626 -4874.4255
8627 -4874.4286
8628 -4874.4300
8629 -4874.4307
8630 -4874.4311
8631 -4873.6987
8632 -4874.1573
8633 -4874.3168
8634 -4874.3797
8635 -4874.4069
8636 -4874.4193
8637 -4874.4253
8638 -4874.4283
8639 -4874.4298
8640 -4874.4304
8641 -4874.4308
8642 -4873.6979
8643 -4874.1598
8644 -4874.3185
8645 -4874.3805
8646 -4874.4072
8647 -4874.4194
8648 -4874.4252
8649 -4874.4279
8650 -4874.4295
8651 -4874.4302
8652 -4874.4305
8653 -4873.6973
8654 -4874.1623
8655 -4874.3201
8656 -4874.3813
8657 -4874.4075
8658 -4874.4194
8659 -4874.4251
8660 -4874.4277
8661 -4874.4292
8662 -4874.4299
8663 -4874.4302
8664 -4873.6798
8665 -4874.1568
8666 -4874.3179
8667 -4874.3805
8668 -4874.4070
8669 -4874.4191
8670 -4874.4248
8671 -4874.4275
8672 -4874.4290
8673 -4874.4296
8674 -4874.4299
8675 -4873.6792
8676 -4874.1595
8677 -4874.3195
8678 -4874.3814
8679 -4874.4073
8680 -4874.4192
8681 -4874.4247
8682 -4874.4273
8683 -4874.4288
8684 -4874.4293
8685 -4874.4296
8686 -4873.6786
8687 -4874.1620
8688 -4874.3213
8689 -4874.3822
8690 -4874.4077
8691 -4874.4193
8692 -4874.4246
8693 -4874.4271
8694 -4874.4285
8695 -4874.4291
8696 -4874.4294
8697 -4873.6958
8698 -4874.1457
8699 -4874.3086
8700 -4874.3742
8701 -4874.4031
8702 -4874.4164
8703 -4874.4229
8704 -4874.4261
8705 -4874.4276
8706 -4874.4286
8707 -4874.4290
8708 -4873.6950
8709 -4874.1483
8710 -4874.3102
8711 -4874.3750
8712 -4874.4034
8713 -4874.4164
8714 -4874.4228
8715 -4874.4258
8716 -4874.4273
8717 -4874.4283
8718 -4874.4287
8719 -4873.6942
8720 -4874.1508
8721 -4874.3118
8722 -4874.3758
8723 -4874.4037
8724 -4874.4165
8725 -4874.4226
8726 -4874.4256
8727 -4874.4271
8728 -4874.4277
8729 -4874.4283
8730 -4873.6934
8731 -4874.1533
8732 -4874.3134
8733 -4874.3766
8734 -4874.4040
8735 -4874.4165
8736 -4874.4225
8737 -4874.4254
8738 -4874.4268
8739 -4874.4274
8740 -4874.4278
8741 -4873.6927
8742 -4874.1558
8743 -4874.3150
8744 -4874.3774
8745 -4874.4043
8746 -4874.4165
8747 -4874.4224
8748 -4874.4252
8749 -4874.4265
8750 -4874.4272
8751 -4874.4275
8752 -4873.6921
8753 -4874.1583
8754 -4874.3166
8755 -4874.3782
8756 -4874.4046
8757 -4874.4166
8758 -4874.4223
8759 -4874.4250
8760 -4874.4263
8761 -4874.4269
8762 -4874.4272
8763 -4873.6747
8764 -4874.1529
8765 -4874.3145
8766 -4874.3773
8767 -4874.4041
8768 -4874.4163
8769 -4874.4220
8770 -4874.4247
8771 -4874.4260
8772 -4874.4266
8773 -4874.4269
8774 -4873.6741
8775 -4874.1556
8776 -4874.3162
8777 -4874.3781
8778 -4874.4045
8779 -4874.4163
8780 -4874.4219
8781 -4874.4245
8782 -4874.4258
8783 -4874.4264
8784 -4874.4267
8785 -4873.6735
8786 -4874.1582
8787 -4874.3179
8788 -4874.3789
8789 -4874.4048
8790 -4874.4164
8791 -4874.4218
8792 -4874.4244
8793 -4874.4256
8794 -4874.4262
8795 -4874.4264
8796 -4873.6906
8797 -4874.1417
8798 -4874.3051
8799 -4874.3711
8800 -4874.4000
8801 -4874.4136
8802 -4874.4201
8803 -4874.4233
8804 -4874.4249
8805 -4874.4256
8806 -4874.4260
8807 -4873.6898
8808 -4874.1442
8809 -4874.3068
8810 -4874.3719
8811 -4874.4004
8812 -4874.4136
8813 -4874.4200
8814 -4874.4230
8815 -4874.4246
8816 -4874.4253
8817 -4874.4257
8818 -4873.6890
8819 -4874.1466
8820 -4874.3084
8821 -4874.3727
8822 -4874.4007
8823 -4874.4136
8824 -4874.4198
8825 -4874.4228
8826 -4874.4243
8827 -4874.4250
8828 -4874.4253
8829 -4873.6882
8830 -4874.1492
8831 -4874.3100
8832 -4874.3735
8833 -4874.4010
8834 -4874.4136
8835 -4874.4197
8836 -4874.4226
8837 -4874.4240
8838 -4874.4247
8839 -4874.4250
8840 -4873.6875
8841 -4874.1518
8842 -4874.3116
8843 -4874.3743
8844 -4874.4014
8845 -4874.4137
8846 -4874.4195
8847 -4874.4224
8848 -4874.4237
8849 -4874.4244
8850 -4874.4247
8851 -4873.6868
8852 -4874.1543
8853 -4874.3132
8854 -4874.3751
8855 -4874.4017
8856 -4874.4137
8857 -4874.4194
8858 -4874.4222
8859 -4874.4235
8860 -4874.4241
8861 -4874.4244
8862 -4873.6695
8863 -4874.1489
8864 -4874.3111
8865 -4874.3741
8866 -4874.4012
8867 -4874.4134
8868 -4874.4191
8869 -4874.4219
8870 -4874.4232
8871 -4874.4238
8872 -4874.4241
8873 -4873.6688
8874 -4874.1516
8875 -4874.3129
8876 -4874.3751
8877 -4874.4015
8878 -4874.4135
8879 -4874.4191
8880 -4874.4217
8881 -4874.4230
8882 -4874.4236
8883 -4874.4239
8884 -4873.6683
8885 -4874.1543
8886 -4874.3145
8887 -4874.3759
8888 -4874.4019
8889 -4874.4136
8890 -4874.4190
8891 -4874.4216
8892 -4874.4228
8893 -4874.4233
8894 -4874.4236
8895 -4873.6853
8896 -4874.1376
8897 -4874.3018
8898 -4874.3680
8899 -4874.3974
8900 -4874.4107
8901 -4874.4173
8902 -4874.4205
8903 -4874.4221
8904 -4874.4228
8905 -4874.4232
8906 -4873.6845
8907 -4874.1401
8908 -4874.3034
8909 -4874.3688
8910 -4874.3977
8911 -4874.4108
8912 -4874.4171
8913 -4874.4203
8914 -4874.4217
8915 -4874.4225
8916 -4874.4229
8917 -4873.6837
8918 -4874.1426
8919 -4874.3050
8920 -4874.3696
8921 -4874.3980
8922 -4874.4108
8923 -4874.4169
8924 -4874.4200
8925 -4874.4215
8926 -4874.4222
8927 -4874.4225
8928 -4873.6829
8929 -4874.1451
8930 -4874.3066
8931 -4874.3704
8932 -4874.3983
8933 -4874.4108
8934 -4874.4168
8935 -4874.4198
8936 -4874.4212
8937 -4874.4219
8938 -4874.4222
8939 -4873.6822
8940 -4874.1476
8941 -4874.3082
8942 -4874.3712
8943 -4874.3986
8944 -4874.4108
8945 -4874.4167
8946 -4874.4195
8947 -4874.4209
8948 -4874.4216
8949 -4874.4219
8950 -4873.6816
8951 -4874.1503
8952 -4874.3099
8953 -4874.3720
8954 -4874.3989
8955 -4874.4109
8956 -4874.4166
8957 -4874.4193
8958 -4874.4207
8959 -4874.4213
8960 -4874.4216
8961 -4873.6643
8962 -4874.1449
8963 -4874.3078
8964 -4874.3711
8965 -4874.3982
8966 -4874.4106
8967 -4874.4163
8968 -4874.4190
8969 -4874.4204
8970 -4874.4210
8971 -4874.4213
8972 -4873.6637
8973 -4874.1476
8974 -4874.3095
8975 -4874.3720
8976 -4874.3985
8977 -4874.4107
8978 -4874.4162
8979 -4874.4189
8980 -4874.4202
8981 -4874.4208
8982 -4874.4211
8983 -4873.6631
8984 -4874.1503
8985 -4874.3111
8986 -4874.3728
8987 -4874.3989
8988 -4874.4107
8989 -4874.4161
8990 -4874.4187
8991 -4874.4200
8992 -4874.4205
8993 -4874.4208
8994 -4873.6801
8995 -4874.1334
8996 -4874.2983
8997 -4874.3649
8998 -4874.3945
8999 -4874.4079
9000 -4874.4144
9001 -4874.4176
9002 -4874.4192
9003 -4874.4200
9004 -4874.4204
9005 -4873.6792
9006 -4874.1359
9007 -4874.3000
9008 -4874.3657
9009 -4874.3948
9010 -4874.4079
9011 -4874.4142
9012 -4874.4174
9013 -4874.4189
9014 -4874.4197
9015 -4874.4200
9016 -4873.6785
9017 -4874.1385
9018 -4874.3016
9019 -4874.3665
9020 -4874.3951
9021 -4874.4079
9022 -4874.4141
9023 -4874.4171
9024 -4874.4186
9025 -4874.4193
9026 -4874.4197
9027 -4873.6777
9028 -4874.1411
9029 -4874.3033
9030 -4874.3673
9031 -4874.3954
9032 -4874.4079
9033 -4874.4140
9034 -4874.4169
9035 -4874.4183
9036 -4874.4190
9037 -4874.4193
9038 -4873.6770
9039 -4874.1436
9040 -4874.3049
9041 -4874.3682
9042 -4874.3958
9043 -4874.4080
9044 -4874.4138
9045 -4874.4167
9046 -4874.4181
9047 -4874.4187
9048 -4874.4190
9049 -4873.6763
9050 -4874.1461
9051 -4874.3065
9052 -4874.3690
9053 -4874.3961
9054 -4874.4080
9055 -4874.4137
9056 -4874.4165
9057 -4874.4178
9058 -4874.4184
9059 -4874.4187
9060 -4873.6592
9061 -4874.1409
9062 -4874.3044
9063 -4874.3681
9064 -4874.3957
9065 -4874.4077
9066 -4874.4135
9067 -4874.4162
9068 -4874.4175
9069 -4874.4182
9070 -4874.4185
9071 -4873.6586
9072 -4874.1437
9073 -4874.3061
9074 -4874.3689
9075 -4874.3960
9076 -4874.4077
9077 -4874.4134
9078 -4874.4160
9079 -4874.4173
9080 -4874.4179
9081 -4874.4182
9082 -4873.6580
9083 -4874.1463
9084 -4874.3078
9085 -4874.3698
9086 -4874.3963
9087 -4874.4078
9088 -4874.4133
9089 -4874.4159
9090 -4874.4171
9091 -4874.4177
9092 -4874.4180
9093 -4873.6750
9094 -4874.1293
9095 -4874.2948
9096 -4874.3619
9097 -4874.3915
9098 -4874.4050
9099 -4874.4116
9100 -4874.4148
9101 -4874.4164
9102 -4874.4172
9103 -4874.4175
9104 -4873.6742
9105 -4874.1319
9106 -4874.2965
9107 -4874.3627
9108 -4874.3918
9109 -4874.4050
9110 -4874.4114
9111 -4874.4145
9112 -4874.4160
9113 -4874.4168
9114 -4874.4172
9115 -4873.6734
9116 -4874.1344
9117 -4874.2982
9118 -4874.3635
9119 -4874.3921
9120 -4874.4050
9121 -4874.4113
9122 -4874.4143
9123 -4874.4158
9124 -4874.4165
9125 -4874.4168
9126 -4873.6726
9127 -4874.1369
9128 -4874.2998
9129 -4874.3643
9130 -4874.3924
9131 -4874.4050
9132 -4874.4112
9133 -4874.4140
9134 -4874.4155
9135 -4874.4162
9136 -4874.4165
9137 -4873.6719
9138 -4874.1396
9139 -4874.3015
9140 -4874.3651
9141 -4874.3928
9142 -4874.4051
9143 -4874.4110
9144 -4874.4138
9145 -4874.4152
9146 -4874.4159
9147 -4874.4162
9148 -4873.6712
9149 -4874.1421
9150 -4874.3031
9151 -4874.3659
9152 -4874.3931
9153 -4874.4051
9154 -4874.4109
9155 -4874.4136
9156 -4874.4150
9157 -4874.4156
9158 -4874.4159
9159 -4873.6541
9160 -4874.1369
9161 -4874.3011
9162 -4874.3650
9163 -4874.3926
9164 -4874.4048
9165 -4874.4106
9166 -4874.4134
9167 -4874.4147
9168 -4874.4153
9169 -4874.4156
9170 -4873.6535
9171 -4874.1396
9172 -4874.3028
9173 -4874.3659
9174 -4874.3930
9175 -4874.4049
9176 -4874.4105
9177 -4874.4132
9178 -4874.4145
9179 -4874.4151
9180 -4874.4154
9181 -4873.6530
9182 -4874.1424
9183 -4874.3045
9184 -4874.3668
9185 -4874.3934
9186 -4874.4050
9187 -4874.4105
9188 -4874.4130
9189 -4874.4143
9190 -4874.4148
9191 -4874.4151
9192 -4873.6698
9193 -4874.1250
9194 -4874.2913
9195 -4874.3587
9196 -4874.3885
9197 -4874.4020
9198 -4874.4087
9199 -4874.4119
9200 -4874.4135
9201 -4874.4143
9202 -4874.4147
9203 -4873.6689
9204 -4874.1276
9205 -4874.2930
9206 -4874.3595
9207 -4874.3888
9208 -4874.4021
9209 -4874.4085
9210 -4874.4117
9211 -4874.4132
9212 -4874.4140
9213 -4874.4143
9214 -4873.6681
9215 -4874.1302
9216 -4874.2947
9217 -4874.3604
9218 -4874.3891
9219 -4874.4021
9220 -4874.4083
9221 -4874.4114
9222 -4874.4129
9223 -4874.4137
9224 -4874.4140
9225 -4873.6673
9226 -4874.1329
9227 -4874.2964
9228 -4874.3612
9229 -4874.3894
9230 -4874.4021
9231 -4874.4082
9232 -4874.4112
9233 -4874.4126
9234 -4874.4133
9235 -4874.4137
9236 -4873.6667
9237 -4874.1354
9238 -4874.2980
9239 -4874.3621
9240 -4874.3898
9241 -4874.4022
9242 -4874.4081
9243 -4874.4110
9244 -4874.4124
9245 -4874.4130
9246 -4874.4134
9247 -4873.6660
9248 -4874.1380
9249 -4874.2997
9250 -4874.3629
9251 -4874.3901
9252 -4874.4022
9253 -4874.4080
9254 -4874.4107
9255 -4874.4121
9256 -4874.4127
9257 -4874.4130
9258 -4873.6489
9259 -4874.1329
9260 -4874.2977
9261 -4874.3620
9262 -4874.3897
9263 -4874.4019
9264 -4874.4077
9265 -4874.4105
9266 -4874.4119
9267 -4874.4125
9268 -4874.4128
9269 -4873.6483
9270 -4874.1356
9271 -4874.2995
9272 -4874.3628
9273 -4874.3901
9274 -4874.4020
9275 -4874.4077
9276 -4874.4103
9277 -4874.4116
9278 -4874.4122
9279 -4874.4125
9280 -4873.6478
9281 -4874.1383
9282 -4874.3012
9283 -4874.3637
9284 -4874.3904
9285 -4874.4021
9286 -4874.4076
9287 -4874.4102
9288 -4874.4114
9289 -4874.4120
9290 -4874.4123
9291 -4873.6645
9292 -4874.1209
9293 -4874.2878
9294 -4874.3555
9295 -4874.3854
9296 -4874.3991
9297 -4874.4058
9298 -4874.4091
9299 -4874.4107
9300 -4874.4115
9301 -4874.4119
9302 -4873.6636
9303 -4874.1235
9304 -4874.2895
9305 -4874.3564
9306 -4874.3858
9307 -4874.3991
9308 -4874.4056
9309 -4874.4088
9310 -4874.4104
9311 -4874.4111
9312 -4874.4115
9313 -4873.6628
9314 -4874.1261
9315 -4874.2912
9316 -4874.3572
9317 -4874.3861
9318 -4874.3991
9319 -4874.4055
9320 -4874.4086
9321 -4874.4100
9322 -4874.4108
9323 -4874.4111
9324 -4873.6620
9325 -4874.1286
9326 -4874.2929
9327 -4874.3581
9328 -4874.3865
9329 -4874.3991
9330 -4874.4054
9331 -4874.4083
9332 -4874.4098
9333 -4874.4105
9334 -4874.4108
9335 -4873.6612
9336 -4874.1313
9337 -4874.2946
9338 -4874.3589
9339 -4874.3868
9340 -4874.3992
9341 -4874.4052
9342 -4874.4081
9343 -4874.4095
9344 -4874.4102
9345 -4874.4105
9346 -4873.6605
9347 -4874.1340
9348 -4874.2963
9349 -4874.3598
9350 -4874.3871
9351 -4874.3992
9352 -4874.4051
9353 -4874.4079
9354 -4874.4093
9355 -4874.4099
9356 -4874.4102
9357 -4873.6437
9358 -4874.1289
9359 -4874.2943
9360 -4874.3589
9361 -4874.3867
9362 -4874.3990
9363 -4874.4049
9364 -4874.4076
9365 -4874.4090
9366 -4874.4096
9367 -4874.4099
9368 -4873.6431
9369 -4874.1316
9370 -4874.2961
9371 -4874.3598
9372 -4874.3871
9373 -4874.3990
9374 -4874.4048
9375 -4874.4074
9376 -4874.4088
9377 -4874.4093
9378 -4874.4096
9379 -4873.6425
9380 -4874.1344
9381 -4874.2978
9382 -4874.3607
9383 -4874.3874
9384 -4874.3991
9385 -4874.4047
9386 -4874.4073
9387 -4874.4085
9388 -4874.4091
9389 -4874.4094
9390 -4873.6592
9391 -4874.1168
9392 -4874.2844
9393 -4874.3523
9394 -4874.3821
9395 -4874.3965
9396 -4874.4029
9397 -4874.4062
9398 -4874.4078
9399 -4874.4086
9400 -4874.4090
9401 -4873.6584
9402 -4874.1194
9403 -4874.2860
9404 -4874.3531
9405 -4874.3826
9406 -4874.3965
9407 -4874.4027
9408 -4874.4059
9409 -4874.4075
9410 -4874.4083
9411 -4874.4086
9412 -4873.6576
9413 -4874.1219
9414 -4874.2877
9415 -4874.3540
9416 -4874.3830
9417 -4874.3965
9418 -4874.4026
9419 -4874.4057
9420 -4874.4072
9421 -4874.4079
9422 -4874.4083
9423 -4873.6568
9424 -4874.1245
9425 -4874.2895
9426 -4874.3549
9427 -4874.3834
9428 -4874.3966
9429 -4874.4025
9430 -4874.4055
9431 -4874.4069
9432 -4874.4076
9433 -4874.4080
9434 -4873.6561
9435 -4874.1272
9436 -4874.2911
9437 -4874.3558
9438 -4874.3838
9439 -4874.3966
9440 -4874.4023
9441 -4874.4052
9442 -4874.4066
9443 -4874.4073
9444 -4874.4076
9445 -4873.6554
9446 -4874.1298
9447 -4874.2928
9448 -4874.3566
9449 -4874.3841
9450 -4874.3967
9451 -4874.4022
9452 -4874.4050
9453 -4874.4063
9454 -4874.4070
9455 -4874.4073
9456 -4873.6385
9457 -4874.1248
9458 -4874.2909
9459 -4874.3558
9460 -4874.3837
9461 -4874.3964
9462 -4874.4020
9463 -4874.4047
9464 -4874.4061
9465 -4874.4067
9466 -4874.4071
9467 -4873.6379
9468 -4874.1276
9469 -4874.2927
9470 -4874.3567
9471 -4874.3841
9472 -4874.3964
9473 -4874.4019
9474 -4874.4046
9475 -4874.4059
9476 -4874.4065
9477 -4874.4068
9478 -4873.6373
9479 -4874.1304
9480 -4874.2945
9481 -4874.3576
9482 -4874.3844
9483 -4874.3965
9484 -4874.4018
9485 -4874.4044
9486 -4874.4057
9487 -4874.4063
9488 -4874.4065
9489 -4873.6539
9490 -4874.1126
9491 -4874.2805
9492 -4874.3490
9493 -4874.3791
9494 -4874.3934
9495 -4874.3999
9496 -4874.4033
9497 -4874.4049
9498 -4874.4057
9499 -4874.4061
9500 -4873.6530
9501 -4874.1153
9502 -4874.2822
9503 -4874.3499
9504 -4874.3794
9505 -4874.3935
9506 -4874.3997
9507 -4874.4030
9508 -4874.4046
9509 -4874.4054
9510 -4874.4057
9511 -4873.6522
9512 -4874.1179
9513 -4874.2843
9514 -4874.3508
9515 -4874.3798
9516 -4874.3935
9517 -4874.3996
9518 -4874.4028
9519 -4874.4043
9520 -4874.4050
9521 -4874.4054
9522 -4873.6515
9523 -4874.1205
9524 -4874.2860
9525 -4874.3517
9526 -4874.3801
9527 -4874.3936
9528 -4874.3995
9529 -4874.4025
9530 -4874.4040
9531 -4874.4047
9532 -4874.4050
9533 -4873.6507
9534 -4874.1231
9535 -4874.2876
9536 -4874.3526
9537 -4874.3805
9538 -4874.3936
9539 -4874.3994
9540 -4874.4023
9541 -4874.4037
9542 -4874.4044
9543 -4874.4047
9544 -4873.6501
9545 -4874.1257
9546 -4874.2894
9547 -4874.3534
9548 -4874.3808
9549 -4874.3936
9550 -4874.3992
9551 -4874.4021
9552 -4874.4035
9553 -4874.4041
9554 -4874.4044
9555 -4873.6332
9556 -4874.1207
9557 -4874.2875
9558 -4874.3526
9559 -4874.3804
9560 -4874.3933
9561 -4874.3990
9562 -4874.4019
9563 -4874.4032
9564 -4874.4038
9565 -4874.4042
9566 -4873.6326
9567 -4874.1236
9568 -4874.2893
9569 -4874.3535
9570 -4874.3808
9571 -4874.3935
9572 -4874.3989
9573 -4874.4017
9574 -4874.4030
9575 -4874.4036
9576 -4874.4039
9577 -4873.6321
9578 -4874.1264
9579 -4874.2911
9580 -4874.3545
9581 -4874.3812
9582 -4874.3935
9583 -4874.3989
9584 -4874.4015
9585 -4874.4028
9586 -4874.4033
9587 -4874.4036
9588 -4873.6486
9589 -4874.1087
9590 -4874.2770
9591 -4874.3459
9592 -4874.3760
9593 -4874.3905
9594 -4874.3972
9595 -4874.4003
9596 -4874.4020
9597 -4874.4028
9598 -4874.4032
9599 -4873.6478
9600 -4874.1113
9601 -4874.2787
9602 -4874.3467
9603 -4874.3763
9604 -4874.3905
9605 -4874.3972
9606 -4874.4000
9607 -4874.4017
9608 -4874.4025
9609 -4874.4029
9610 -4873.6470
9611 -4874.1137
9612 -4874.2804
9613 -4874.3476
9614 -4874.3767
9615 -4874.3905
9616 -4874.3970
9617 -4874.3998
9618 -4874.4014
9619 -4874.4021
9620 -4874.4025
9621 -4873.6462
9622 -4874.1164
9623 -4874.2822
9624 -4874.3485
9625 -4874.3770
9626 -4874.3906
9627 -4874.3969
9628 -4874.3995
9629 -4874.4011
9630 -4874.4018
9631 -4874.4022
9632 -4873.6455
9633 -4874.1191
9634 -4874.2840
9635 -4874.3494
9636 -4874.3774
9637 -4874.3907
9638 -4874.3968
9639 -4874.3994
9640 -4874.4008
9641 -4874.4015
9642 -4874.4019
9643 -4873.6448
9644 -4874.1217
9645 -4874.2860
9646 -4874.3502
9647 -4874.3778
9648 -4874.3907
9649 -4874.3967
9650 -4874.3991
9651 -4874.4006
9652 -4874.4012
9653 -4874.4015
9654 -4873.6280
9655 -4874.1167
9656 -4874.2840
9657 -4874.3495
9658 -4874.3774
9659 -4874.3904
9660 -4874.3964
9661 -4874.3989
9662 -4874.4002
9663 -4874.4009
9664 -4874.4013
9665 -4873.6274
9666 -4874.1195
9667 -4874.2859
9668 -4874.3504
9669 -4874.3778
9670 -4874.3905
9671 -4874.3963
9672 -4874.3989
9673 -4874.4000
9674 -4874.4007
9675 -4874.4010
9676 -4873.6269
9677 -4874.1223
9678 -4874.2877
9679 -4874.3513
9680 -4874.3782
9681 -4874.3906
9682 -4874.3963
9683 -4874.3988
9684 -4874.3997
9685 -4874.4005
9686 -4874.4007
9687 -4873.6434
9688 -4874.1045
9689 -4874.2734
9690 -4874.3426
9691 -4874.3729
9692 -4874.3875
9693 -4874.3943
9694 -4874.3976
9695 -4874.3991
9696 -4874.3998
9697 -4874.4002
9698 -4873.6425
9699 -4874.1072
9700 -4874.2751
9701 -4874.3435
9702 -4874.3733
9703 -4874.3875
9704 -4874.3942
9705 -4874.3973
9706 -4874.3989
9707 -4874.3994
9708 -4874.3998
9709 -4873.6417
9710 -4874.1099
9711 -4874.2770
9712 -4874.3444
9713 -4874.3736
9714 -4874.3875
9715 -4874.3940
9716 -4874.3972
9717 -4874.3986
9718 -4874.3992
9719 -4874.3994
9720 -4873.6409
9721 -4874.1125
9722 -4874.2787
9723 -4874.3453
9724 -4874.3740
9725 -4874.3876
9726 -4874.3939
9727 -4874.3970
9728 -4874.3983
9729 -4874.3988
9730 -4874.3992
9731 -4873.6401
9732 -4874.1149
9733 -4874.2804
9734 -4874.3462
9735 -4874.3743
9736 -4874.3876
9737 -4874.3938
9738 -4874.3968
9739 -4874.3981
9740 -4874.3987
9741 -4874.3989
9742 -4873.6395
9743 -4874.1176
9744 -4874.2821
9745 -4874.3470
9746 -4874.3747
9747 -4874.3877
9748 -4874.3937
9749 -4874.3966
9750 -4874.3978
9751 -4874.3985
9752 -4874.3988
9753 -4873.6228
9754 -4874.1127
9755 -4874.2803
9756 -4874.3463
9757 -4874.3743
9758 -4874.3874
9759 -4874.3934
9760 -4874.3963
9761 -4874.3975
9762 -4874.3982
9763 -4874.3985
9764 -4873.6222
9765 -4874.1155
9766 -4874.2825
9767 -4874.3472
9768 -4874.3747
9769 -4874.3875
9770 -4874.3933
9771 -4874.3961
9772 -4874.3973
9773 -4874.3979
9774 -4874.3982
9775 -4873.6217
9776 -4874.1182
9777 -4874.2842
9778 -4874.3481
9779 -4874.3751
9780 -4874.3876
9781 -4874.3933
9782 -4874.3960
9783 -4874.3972
9784 -4874.3977
9785 -4874.3980
9786 -4873.6381
9787 -4874.1003
9788 -4874.2698
9789 -4874.3393
9790 -4874.3698
9791 -4874.3844
9792 -4874.3914
9793 -4874.3948
9794 -4874.3964
9795 -4874.3971
9796 -4874.3976
9797 -4873.6372
9798 -4874.1030
9799 -4874.2716
9800 -4874.3402
9801 -4874.3702
9802 -4874.3845
9803 -4874.3912
9804 -4874.3944
9805 -4874.3961
9806 -4874.3969
9807 -4874.3972
9808 -4873.6364
9809 -4874.1056
9810 -4874.2733
9811 -4874.3411
9812 -4874.3705
9813 -4874.3845
9814 -4874.3910
9815 -4874.3942
9816 -4874.3958
9817 -4874.3966
9818 -4874.3969
9819 -4873.6355
9820 -4874.1083
9821 -4874.2751
9822 -4874.3421
9823 -4874.3709
9824 -4874.3846
9825 -4874.3909
9826 -4874.3940
9827 -4874.3955
9828 -4874.3962
9829 -4874.3966
9830 -4873.6347
9831 -4874.1110
9832 -4874.2769
9833 -4874.3430
9834 -4874.3713
9835 -4874.3846
9836 -4874.3908
9837 -4874.3937
9838 -4874.3953
9839 -4874.3960
9840 -4874.3963
9841 -4873.6340
9842 -4874.1136
9843 -4874.2787
9844 -4874.3438
9845 -4874.3717
9846 -4874.3847
9847 -4874.3907
9848 -4874.3936
9849 -4874.3950
9850 -4874.3956
9851 -4874.3960
9852 -4873.6174
9853 -4874.1087
9854 -4874.2769
9855 -4874.3431
9856 -4874.3712
9857 -4874.3844
9858 -4874.3905
9859 -4874.3933
9860 -4874.3947
9861 -4874.3954
9862 -4874.3957
9863 -4873.6168
9864 -4874.1115
9865 -4874.2787
9866 -4874.3441
9867 -4874.3717
9868 -4874.3845
9869 -4874.3904
9870 -4874.3931
9871 -4874.3944
9872 -4874.3951
9873 -4874.3954
9874 -4873.6163
9875 -4874.1143
9876 -4874.2805
9877 -4874.3450
9878 -4874.3721
9879 -4874.3846
9880 -4874.3903
9881 -4874.3930
9882 -4874.3942
9883 -4874.3949
9884 -4874.3952
9885 -4873.6326
9886 -4874.0961
9887 -4874.2662
9888 -4874.3360
9889 -4874.3668
9890 -4874.3812
9891 -4874.3884
9892 -4874.3918
9893 -4874.3935
9894 -4874.3943
9895 -4874.3948
9896 -4873.6318
9897 -4874.0988
9898 -4874.2680
9899 -4874.3370
9900 -4874.3671
9901 -4874.3812
9902 -4874.3882
9903 -4874.3915
9904 -4874.3931
9905 -4874.3939
9906 -4874.3943
9907 -4873.6309
9908 -4874.1015
9909 -4874.2698
9910 -4874.3379
9911 -4874.3675
9912 -4874.3812
9913 -4874.3881
9914 -4874.3913
9915 -4874.3928
9916 -4874.3936
9917 -4874.3940
9918 -4873.6302
9919 -4874.1042
9920 -4874.2716
9921 -4874.3388
9922 -4874.3679
9923 -4874.3813
9924 -4874.3880
9925 -4874.3910
9926 -4874.3925
9927 -4874.3932
9928 -4874.3936
9929 -4873.6295
9930 -4874.1069
9931 -4874.2734
9932 -4874.3397
9933 -4874.3682
9934 -4874.3813
9935 -4874.3878
9936 -4874.3908
9937 -4874.3923
9938 -4874.3929
9939 -4874.3933
9940 -4873.6288
9941 -4874.1096
9942 -4874.2751
9943 -4874.3406
9944 -4874.3686
9945 -4874.3814
9946 -4874.3877
9947 -4874.3906
9948 -4874.3920
9949 -4874.3927
9950 -4874.3930
9951 -4873.6122
9952 -4874.1049
9953 -4874.2735
9954 -4874.3399
9955 -4874.3683
9956 -4874.3812
9957 -4874.3875
9958 -4874.3904
9959 -4874.3917
9960 -4874.3923
9961 -4874.3927
9962 -4873.6116
9963 -4874.1075
9964 -4874.2753
9965 -4874.3409
9966 -4874.3686
9967 -4874.3813
9968 -4874.3874
9969 -4874.3902
9970 -4874.3915
9971 -4874.3921
9972 -4874.3924
9973 -4873.6111
9974 -4874.1104
9975 -4874.2771
9976 -4874.3418
9977 -4874.3690
9978 -4874.3814
9979 -4874.3873
9980 -4874.3900
9981 -4874.3913
9982 -4874.3919
9983 -4874.3922
9984 -4873.6273
9985 -4874.0919
9986 -4874.2626
9987 -4874.3328
9988 -4874.3638
9989 -4874.3782
9990 -4874.3854
9991 -4874.3888
9992 -4874.3905
9993 -4874.3914
9994 -4874.3917
9995 -4873.6265
9996 -4874.0947
9997 -4874.2645
9998 -4874.3337
9999 -4874.3642
10000 -4874.3917

