Charm++: standalone mode (not using charmrun)
Charm++> Running in Multicore mode: 12 threads (PEs)
Charm++> Using recursive bisection (scheme 3) for topology aware partitions
Converse/Charm++ Commit ID: 
CharmLB> Load balancer assumes all CPUs are same.
Charm++> Running on 1 hosts (1 sockets x 6 cores x 2 PUs = 12-way SMP)
Charm++> cpu topology info is gathered in 0.000 seconds.
CharmLB> Load balancing instrumentation for communication is off.
Info: NAMD Git-2025-12-04 for Linux-x86_64-multicore
Info: 
Info: Please visit http://www.ks.uiuc.edu/Research/namd/
Info: for updates, documentation, and support information.
Info: 
Info: Please cite Phillips et al., J. Chem. Phys. 153:044130 (2020) doi:10.1063/5.0014475
Info: in all publications reporting results obtained with NAMD.
Info: 
Info: Based on Charm++/Converse 80000 for multicore-linux-x86_64-gcc
Info: Built Thu Dec 4 09:25:02 CST 2025 by dhardy on athine.ks.uiuc.edu
Info: Source code at Git commit ID b856a9378ca44bcf5aa708d4b681af4ceb86d8ca
Info: 1 NAMD  Git-2025-12-04  Linux-x86_64-multicore  12    CCBC-pc4-04-L  1665813@uab.cat
Info: Running on 12 processors, 1 nodes, 1 physical nodes.
Info: CPU topology information available.
Info: Charm++/Converse parallel runtime startup completed at 0.00427424 s
CkLoopLib is used in SMP with simple dynamic scheduling (converse-level notification)
Info: 819.945 MB of memory in use based on /proc/self/stat
Info: Configuration file is equilibrationNpzT.namd
Info: Working in the current directory /home/UAB/1665813/Documents/Simulation/equilibration
TCL: Suspending until startup complete.
Warning: Option "1-4scaling" has been deprecated. Instead use "oneFourScaling".
Info: EXTENDED SYSTEM FILE   ../minimize/minimized.restart.xsc
Warning: The Langevin gamma parameters differ over the particles,
Warning: requiring extra work per step to constrain rigid bonds.
Info: SIMULATION PARAMETERS:
Info: TIMESTEP               2
Info: NUMBER OF STEPS        0
Info: STEPS PER CYCLE        10
Info: PERIODIC CELL BASIS 1  23 0 0
Info: PERIODIC CELL BASIS 2  0 19.919 0
Info: PERIODIC CELL BASIS 3  0 0 52
Info: PERIODIC CELL CENTER   0 0 0
Info: WRAPPING WATERS AROUND PERIODIC BOUNDARIES ON OUTPUT.
Info: WRAPPING ALL CLUSTERS AROUND PERIODIC BOUNDARIES ON OUTPUT.
Info: LOAD BALANCER  Centralized
Info: LOAD BALANCING STRATEGY  New Load Balancers -- DEFAULT
Info: LDB PERIOD             2000 steps
Info: FIRST LDB TIMESTEP     50
Info: LAST LDB TIMESTEP     -1
Info: LDB BACKGROUND SCALING 1
Info: HOM BACKGROUND SCALING 1
Info: PME BACKGROUND SCALING 1
Info: MIN ATOMS PER PATCH    40
Info: EMPTY PATCH LOAD       40 ATOMS
Info: VELOCITY FILE          ../minimize/minimized.restart.vel
Info: CENTER OF MASS MOVING INITIALLY? NO
Info: DIELECTRIC             1
Info: EXCLUDE                SCALED ONE-FOUR
Info: 1-4 ELECTROSTATICS SCALED BY 1
Info: MODIFIED 1-4 VDW PARAMETERS WILL BE USED
Info: DCD FILENAME           MDequil.dcd
Info: DCD FREQUENCY          5000
Info: DCD FIRST STEP         5000
Info: DCD FILE WILL CONTAIN UNIT CELL DATA
Info: XST FILENAME           MDequil.xst
Info: XST FREQUENCY          5000
Info: NO VELOCITY DCD OUTPUT
Info: NO FORCE DCD OUTPUT
Info: OUTPUT FILENAME        MDequil
Info: BINARY OUTPUT FILES WILL BE USED
Info: RESTART FILENAME       MDequil.restart
Info: RESTART FREQUENCY      50000
Info: BINARY RESTART FILES WILL BE USED
Info: NAMD will save positions and velocities to MDequil.crash.csv when  atoms are moving too fast.
Info: SWITCHING ACTIVE
Info: SWITCHING ON           10
Info: SWITCHING OFF          12
Info: PAIRLIST DISTANCE      14
Info: PAIRLIST SHRINK RATE   0.01
Info: PAIRLIST GROW RATE     0.01
Info: PAIRLIST TRIGGER       0.3
Info: PAIRLISTS PER CYCLE    2
Info: PAIRLISTS ENABLED
Info: MARGIN                 0.99
Info: HYDROGEN GROUP CUTOFF  2.5
Info: PATCH DIMENSION        17.49
Info: ENERGY OUTPUT STEPS    5000
Info: ENERGY EVALUATION STEPS    5000
Info: OUTPUT ENERGY PRECISION 4
Info: CROSSTERM ENERGY INCLUDED IN DIHEDRAL
Info: TIMING OUTPUT STEPS    50000
Info: PRESSURE OUTPUT STEPS  5000
Info: FIXED ATOMS ACTIVE
Info: LANGEVIN DYNAMICS ACTIVE
Info: LANGEVIN TEMPERATURE   300
Info: LANGEVIN USING BBK INTEGRATOR
Info: LANGEVIN DAMPING COEFFICIENT IS 1 INVERSE PS
Info: LANGEVIN DYNAMICS NOT APPLIED TO HYDROGENS
Info: LANGEVIN PISTON PRESSURE CONTROL ACTIVE
Info:        TARGET PRESSURE IS 1.01325 BAR
Info:     OSCILLATION PERIOD IS 200 FS
Info:             DECAY TIME IS 100 FS
Info:     PISTON TEMPERATURE IS 300 K
Info:       PRESSURE CONTROL IS GROUP-BASED
Info:    INITIAL STRAIN RATE IS 0 0 0
Info:       CELL FLUCTUATION IS ANISOTROPIC
Info:     CONSTANT AREA PRESSURE CONTROL ACTIVE
Info: PARTICLE MESH EWALD (PME) ACTIVE
Info: PME TOLERANCE               1e-06
Info: PME EWALD COEFFICIENT       0.257952
Info: PME INTERPOLATION ORDER     4
Info: PME GRID DIMENSIONS         24 20 54
Info: PME MAXIMUM GRID SPACING    1
Info: Attempting to read FFTW data from FFTW_NAMD_Git-2025-12-04_Linux-x86_64-multicore.txt
Info: Optimizing 6 FFT steps.  1... 2... 3... 4... 5... 6...   Done.
Info: Writing FFTW data to FFTW_NAMD_Git-2025-12-04_Linux-x86_64-multicore.txt
Info: FULL ELECTROSTATIC EVALUATION FREQUENCY      2
Info: USING VERLET I (r-RESPA) MTS SCHEME.
Info: C1 SPLITTING OF LONG RANGE ELECTROSTATICS
Info: PLACING ATOMS IN PATCHES BY HYDROGEN GROUPS
Info: RIGID BONDS TO HYDROGEN : ALL
Info:         ERROR TOLERANCE : 1e-08
Info:          MAX ITERATIONS : 100
Info: RIGID WATER USING SETTLE ALGORITHM
Info: RANDOM NUMBER SEED     1777544326
Info: USE HYDROGEN BONDS?    NO
Info: COORDINATE PDB         ../input/system.pdb
Info: STRUCTURE FILE         ../input/system.psf
Info: PARAMETER file: CHARMM format! 
Info: PARAMETERS             ../input/par_nanotubes.inp
Info: PARAMETERS             ../input/par_water_ions.inp
Info: USING ARITHMETIC MEAN TO COMBINE L-J SIGMA PARAMETERS
Info: BINARY COORDINATES     ../minimize/minimized.restart.coor
Info: SUMMARY OF PARAMETERS:
Info: 4 BONDS
Info: 2 ANGLES
Info: 1 DIHEDRAL
Info: 0 IMPROPER
Info: 0 CROSSTERM
Info: 16 VDW
Info: 2 VDW_PAIRS
Info: 0 NBTHOLE_PAIRS
Info: TIME FOR READING PSF FILE: 0.00805006
Info: Reading pdb file ../input/system.pdb
Info: TIME FOR READING PDB FILE: 0.00204193
Info: 
Info: ****************************
Info: STRUCTURE SUMMARY:
Info: 2160 ATOMS
Info: 1872 BONDS
Info: 2064 ANGLES
Info: 2928 DIHEDRALS
Info: 0 IMPROPERS
Info: 0 CROSSTERMS
Info: 0 EXCLUSIONS
Info: 576 FIXED ATOMS
Info: 1584 RIGID BONDS
Info: 0 RIGID BONDS BETWEEN FIXED ATOMS
Info: 3168 DEGREES OF FREEDOM
Info: 1104 HYDROGEN GROUPS
Info: 3 ATOMS IN LARGEST HYDROGEN GROUP
Info: 1104 MIGRATION GROUPS
Info: 3 ATOMS IN LARGEST MIGRATION GROUP
Info: 576 HYDROGEN GROUPS WITH ALL ATOMS FIXED
Info: TOTAL MASS = 16430.5 amu
Info: TOTAL CHARGE = 0 e
Info: MASS DENSITY = 1.14528 g/cm^3
Info: ATOM DENSITY = 0.0906682 atoms/A^3
Info: *****************************
Info: Reading from binary file ../minimize/minimized.restart.coor
Info: 
Info: Entering startup at 11.3611 s, 0.450179 MB of memory in use
Info: Startup phase 0 took 0.000104648 s, 0.450179 MB of memory in use
Info: ADDED 6144 IMPLICIT EXCLUSIONS
Info: Startup phase 1 took 0.00137481 s, 0.450179 MB of memory in use
Info: NONBONDED TABLE R-SQUARED SPACING: 0.0625
Info: NONBONDED TABLE SIZE: 769 POINTS
Info: INCONSISTENCY IN FAST TABLE ENERGY VS FORCE: 0.000325096 AT 11.9556
Info: INCONSISTENCY IN SCOR TABLE ENERGY VS FORCE: 0.000324844 AT 11.9556
Info: INCONSISTENCY IN VDWA TABLE ENERGY VS FORCE: 0.0040507 AT 0.251946
Info: INCONSISTENCY IN VDWB TABLE ENERGY VS FORCE: 0.00150189 AT 0.251946
Info: Startup phase 2 took 0.000440834 s, 0.450179 MB of memory in use
Info: Startup phase 3 took 5.7175e-05 s, 0.450179 MB of memory in use
Info: Startup phase 4 took 9.8107e-05 s, 0.450179 MB of memory in use
Info: Startup phase 5 took 7.3605e-05 s, 0.450179 MB of memory in use
Info: PATCH GRID IS 2 (PERIODIC) BY 1 (PERIODIC) BY 2 (PERIODIC)
Info: PATCH GRID IS 2-AWAY BY 1-AWAY BY 1-AWAY
Info: Reading from binary file ../minimize/minimized.restart.vel
Info: REMOVING COM VELOCITY 0 0 0
Info: LARGEST PATCH (0) HAS 564 ATOMS
Info: TORUS A SIZE 1 USING 0
Info: TORUS B SIZE 1 USING 0
Info: TORUS C SIZE 1 USING 0
Info: TORUS MINIMAL MESH SIZE IS 1 BY 1 BY 1
Info: Placed 100% of base nodes on same physical node as patch
Info: Startup phase 6 took 0.000822487 s, 0.450179 MB of memory in use
Info: PME using 12 and 10 processors for FFT and reciprocal sum.
Info: PME GRID LOCATIONS: 0 1 2 3 4 5 6 7 8 9 ...
Info: PME TRANS LOCATIONS: 1 2 3 4 5 6 8 9 10 11
Info: PME USING 1 GRID NODES AND 1 TRANS NODES
Info: Optimizing 4 FFT steps.  1... 2... 3... 4...   Done.
Info: Startup phase 7 took 0.000300131 s, 0.450179 MB of memory in use
Info: Startup phase 8 took 6.9579e-05 s, 0.450179 MB of memory in use
Info: Startup phase 9 took 5.6947e-05 s, 0.450179 MB of memory in use
Info: Startup phase 10 took 5.5687e-05 s, 0.450179 MB of memory in use
Info: Startup phase 11 took 9.7474e-05 s, 0.450179 MB of memory in use
LDB: Central LB being created...
Info: Startup phase 12 took 0.000103509 s, 0.450179 MB of memory in use
Info: Startup phase 13 took 5.2578e-05 s, 0.450179 MB of memory in use
Info: Startup phase 14 took 5.7603e-05 s, 0.450179 MB of memory in use
Info: Startup phase 15 took 8.6925e-05 s, 0.450179 MB of memory in use
Info: CREATING 136 COMPUTE OBJECTS
Info: useSync: 0 useProxySync: 0
Info: Startup phase 16 took 0.000189407 s, 0.450179 MB of memory in use
Info: Startup phase 17 took 6.7772e-05 s, 0.450179 MB of memory in use
Info: Startup phase 18 took 1.9873e-05 s, 0.450179 MB of memory in use
Info: Finished startup at 11.3652 s, 0.450179 MB of memory in use

TCL: Running for 500000 steps
PRESSURE: 0 2921.08 147.194 539.045 -344.052 4237.06 -1130.15 -2331.38 -1092.04 12390.6
GPRESSURE: 0 2928.3 218.737 601.068 -128.147 4291.18 -1204.91 -2367.29 -977.989 12365.5
ETITLE:      TS           BOND          ANGLE          DIHED          IMPRP               ELECT            VDW       BOUNDARY           MISC        KINETIC               TOTAL           TEMP      POTENTIAL         TOTAL3        TEMPAVG            PRESSURE      GPRESSURE         VOLUME       PRESSAVG      GPRESSAVG

ENERGY:       0         0.0000         0.0000         0.0000         0.0000          -5460.6261       775.2766         0.0000         0.0000         0.0000          -4685.3495         0.0000     -4685.3495     -4684.5915         0.0000           6516.2604      6528.3380     23823.1240      6516.2604      6528.3380

OPENING EXTENDED SYSTEM TRAJECTORY FILE
LDB: ============= START OF LOAD BALANCING ============== 11.3867
LDB: ============== END OF LOAD BALANCING =============== 11.3867
Info: useSync: 0 useProxySync: 0
LDB: =============== DONE WITH MIGRATION ================ 11.3868
LDB: ============= START OF LOAD BALANCING ============== 11.4728
LDB: Largest compute 5 load 0.034041 is 97.2% of average load 0.035012
LDB: Average compute 0.003278 is 9.4% of average load 0.035012
LDB: Partitioning computes with target load 0.006557
LDB: Increased migratable compute count from 112 to 147
LDB: Largest unpartitionable compute is 0.000417
LDB: ============== END OF LOAD BALANCING =============== 11.4732
Info: useSync: 0 useProxySync: 0
LDB: =============== DONE WITH MIGRATION ================ 11.4734
Info: Initial time: 12 CPUs 0.00211675 s/step 0.0122497 days/ns 0.450179 MB memory
LDB: ============= START OF LOAD BALANCING ============== 11.4925
LDB: ============== END OF LOAD BALANCING =============== 11.4925
Info: useSync: 0 useProxySync: 0
LDB: =============== DONE WITH MIGRATION ================ 11.4926
LDB: ============= START OF LOAD BALANCING ============== 11.5689
LDB: Largest compute 162 load 0.007167 is 20.7% of average load 0.034695
LDB: Average compute 0.002476 is 7.1% of average load 0.034695
LDB: TIME 11.5691 LOAD: AVG 0.0346948 MAX 0.0743193  PROXIES: TOTAL 24 MAXPE 4 MAXPATCH 6 None MEM: 0.450179 MB
LDB: TIME 11.5692 LOAD: AVG 0.0346948 MAX 0.0416023  PROXIES: TOTAL 24 MAXPE 4 MAXPATCH 6 TorusLB MEM: 0.450179 MB
LDB: ============== END OF LOAD BALANCING =============== 11.5693
Info: useSync: 0 useProxySync: 0
LDB: =============== DONE WITH MIGRATION ================ 11.5696
Info: Initial time: 12 CPUs 0.00187265 s/step 0.0108371 days/ns 0.450179 MB memory
LDB: ============= START OF LOAD BALANCING ============== 11.6324
LDB: Largest compute 162 load 0.012448 is 27.5% of average load 0.045294
LDB: Average compute 0.003192 is 7.0% of average load 0.045294
LDB: TIME 11.6326 LOAD: AVG 0.0452938 MAX 0.0604078  PROXIES: TOTAL 24 MAXPE 4 MAXPATCH 6 None MEM: 0.450179 MB
LDB: TIME 11.6327 LOAD: AVG 0.0452938 MAX 0.0604078  PROXIES: TOTAL 24 MAXPE 4 MAXPATCH 6 RefineTorusLB MEM: 0.450179 MB
LDB: TIME 11.6328 LOAD: AVG 0.0452938 MAX 0.0494257  PROXIES: TOTAL 24 MAXPE 4 MAXPATCH 6 RefineTorusLB MEM: 0.450179 MB
LDB: ============== END OF LOAD BALANCING =============== 11.6329
Info: useSync: 0 useProxySync: 0
LDB: =============== DONE WITH MIGRATION ================ 11.6332
Info: Initial time: 12 CPUs 0.00124531 s/step 0.00720663 days/ns 0.450179 MB memory
LDB: ============= START OF LOAD BALANCING ============== 11.6883
LDB: Largest compute 162 load 0.011814 is 25.7% of average load 0.045889
LDB: Average compute 0.003252 is 7.1% of average load 0.045889
LDB: TIME 11.6884 LOAD: AVG 0.045889 MAX 0.051761  PROXIES: TOTAL 24 MAXPE 4 MAXPATCH 6 None MEM: 0.450179 MB
LDB: TIME 11.6885 LOAD: AVG 0.045889 MAX 0.051761  PROXIES: TOTAL 24 MAXPE 4 MAXPATCH 6 RefineTorusLB MEM: 0.450179 MB
LDB: TIME 11.6885 LOAD: AVG 0.045889 MAX 0.0499544  PROXIES: TOTAL 24 MAXPE 4 MAXPATCH 6 RefineTorusLB MEM: 0.450179 MB
LDB: ============== END OF LOAD BALANCING =============== 11.6886
Info: useSync: 0 useProxySync: 0
LDB: =============== DONE WITH MIGRATION ================ 11.6888
Info: Benchmark time: 12 CPUs 0.00110026 s/step 0.00636724 days/ns 0.450179 MB memory
Info: Benchmark time: 12 CPUs 0.00110289 s/step 0.00638246 days/ns 0.450179 MB memory
Info: Benchmark time: 12 CPUs 0.00110884 s/step 0.00641689 days/ns 0.450179 MB memory
Info: Benchmark time: 12 CPUs 0.00111685 s/step 0.00646326 days/ns 0.450179 MB memory
Info: Benchmark time: 12 CPUs 0.00110272 s/step 0.00638149 days/ns 0.450179 MB memory
Info: Benchmark time: 12 CPUs 0.00111666 s/step 0.00646216 days/ns 0.450179 MB memory
LDB: ============= START OF LOAD BALANCING ============== 13.918
LDB: ============== END OF LOAD BALANCING =============== 13.9181
Info: useSync: 0 useProxySync: 0
LDB: =============== DONE WITH MIGRATION ================ 13.9182
LDB: ============= START OF LOAD BALANCING ============== 13.9741
LDB: Largest compute 162 load 0.011716 is 25.3% of average load 0.046303
LDB: Average compute 0.003282 is 7.1% of average load 0.046303
LDB: TIME 13.9743 LOAD: AVG 0.0463029 MAX 0.0522255  PROXIES: TOTAL 24 MAXPE 4 MAXPATCH 6 None MEM: 0.450179 MB
LDB: TIME 13.9743 LOAD: AVG 0.0463029 MAX 0.0522255  PROXIES: TOTAL 24 MAXPE 4 MAXPATCH 6 RefineTorusLB MEM: 0.450179 MB
LDB: TIME 13.9744 LOAD: AVG 0.0463029 MAX 0.0503175  PROXIES: TOTAL 24 MAXPE 4 MAXPATCH 6 RefineTorusLB MEM: 0.450179 MB
LDB: ============== END OF LOAD BALANCING =============== 13.9745
Info: useSync: 0 useProxySync: 0
LDB: =============== DONE WITH MIGRATION ================ 13.9747
LDB: ============= START OF LOAD BALANCING ============== 16.1926
LDB: ============== END OF LOAD BALANCING =============== 16.1927
Info: useSync: 0 useProxySync: 0
LDB: =============== DONE WITH MIGRATION ================ 16.1927
LDB: ============= START OF LOAD BALANCING ============== 16.2499
LDB: Largest compute 162 load 0.011324 is 24.1% of average load 0.047056
LDB: Average compute 0.003343 is 7.1% of average load 0.047056
LDB: TIME 16.2501 LOAD: AVG 0.0470563 MAX 0.0522997  PROXIES: TOTAL 24 MAXPE 4 MAXPATCH 6 None MEM: 0.450179 MB
LDB: TIME 16.2501 LOAD: AVG 0.0470563 MAX 0.0522997  PROXIES: TOTAL 24 MAXPE 4 MAXPATCH 6 RefineTorusLB MEM: 0.450179 MB
LDB: TIME 16.2502 LOAD: AVG 0.0470563 MAX 0.0513564  PROXIES: TOTAL 24 MAXPE 4 MAXPATCH 6 RefineTorusLB MEM: 0.450179 MB
LDB: ============== END OF LOAD BALANCING =============== 16.2502
Info: useSync: 0 useProxySync: 0
LDB: =============== DONE WITH MIGRATION ================ 16.2504
OPENING COORDINATE DCD FILE
WRITING COORDINATES TO DCD FILE MDequil.dcd AT STEP 5000
The last position output (seq=5000) takes 0.013 seconds, 0.450 MB of memory in use
PRESSURE: 5000 4.69946 35.6753 418.291 99.5629 122.34 369.177 -200.921 75.2619 1831.62
GPRESSURE: 5000 49.7958 5.04406 554.795 130.876 267.333 242.773 -329.104 72.1734 1669.66
PRESSAVG: 5000 -252.041 29.1235 -26.1547 25.9424 -255.177 9.19721 -72.4546 -42.3478 0.104746
GPRESSAVG: 5000 -251.606 28.6374 -26.1808 25.8153 -255.011 9.13939 -72.4995 -42.1801 -0.193053
ENERGY:    5000         0.0000         0.0000         0.0000         0.0000          -5692.3463       537.2836         0.0000         0.0000       903.2549          -4251.8078       286.9561     -5155.0627     -4250.6472       278.4285            652.8850       662.2616     23128.7421      -169.0378      -168.9369

LDB: ============= START OF LOAD BALANCING ============== 18.676
LDB: ============== END OF LOAD BALANCING =============== 18.6762
Info: useSync: 0 useProxySync: 0
LDB: =============== DONE WITH MIGRATION ================ 18.6764
LDB: ============= START OF LOAD BALANCING ============== 18.7338
LDB: Largest compute 162 load 0.010806 is 23.3% of average load 0.046311
LDB: Average compute 0.003284 is 7.1% of average load 0.046311
LDB: TIME 18.734 LOAD: AVG 0.046311 MAX 0.0532474  PROXIES: TOTAL 24 MAXPE 4 MAXPATCH 6 None MEM: 0.450179 MB
LDB: TIME 18.734 LOAD: AVG 0.046311 MAX 0.0532474  PROXIES: TOTAL 24 MAXPE 4 MAXPATCH 6 RefineTorusLB MEM: 0.450179 MB
LDB: TIME 18.7341 LOAD: AVG 0.046311 MAX 0.0505395  PROXIES: TOTAL 24 MAXPE 4 MAXPATCH 6 RefineTorusLB MEM: 0.450179 MB
LDB: ============== END OF LOAD BALANCING =============== 18.7342
Info: useSync: 0 useProxySync: 0
LDB: =============== DONE WITH MIGRATION ================ 18.7344
LDB: ============= START OF LOAD BALANCING ============== 21.0039
LDB: ============== END OF LOAD BALANCING =============== 21.0041
Info: useSync: 0 useProxySync: 0
LDB: =============== DONE WITH MIGRATION ================ 21.0042
LDB: ============= START OF LOAD BALANCING ============== 21.0641
LDB: Largest compute 162 load 0.011638 is 24.6% of average load 0.047370
LDB: Average compute 0.003367 is 7.1% of average load 0.047370
LDB: TIME 21.0643 LOAD: AVG 0.0473698 MAX 0.0532308  PROXIES: TOTAL 24 MAXPE 4 MAXPATCH 6 None MEM: 0.450179 MB
LDB: TIME 21.0644 LOAD: AVG 0.0473698 MAX 0.0532308  PROXIES: TOTAL 24 MAXPE 4 MAXPATCH 6 RefineTorusLB MEM: 0.450179 MB
LDB: TIME 21.0645 LOAD: AVG 0.0473698 MAX 0.0516545  PROXIES: TOTAL 25 MAXPE 4 MAXPATCH 7 RefineTorusLB MEM: 0.450179 MB
LDB: ============== END OF LOAD BALANCING =============== 21.0646
Info: useSync: 0 useProxySync: 0
LDB: =============== DONE WITH MIGRATION ================ 21.0648
WRITING COORDINATES TO DCD FILE MDequil.dcd AT STEP 10000
The last position output (seq=10000) takes 0.012 seconds, 0.450 MB of memory in use
PRESSURE: 10000 -39.3134 97.234 -694.678 308.458 -116.046 100.798 -925.279 -126.056 492.993
GPRESSURE: 10000 35.4032 27.4202 -485.525 221.936 -18.6393 111.874 -1189.05 52.789 356.08
PRESSAVG: 10000 -195.205 -67.4117 31.1455 -78.1837 -178.589 55.68 29.7852 31.195 -12.6804
GPRESSAVG: 10000 -195.11 -67.2841 31.7034 -77.9094 -178.776 56.0896 30.0073 31.8379 -12.3706
ENERGY:   10000         0.0000         0.0000         0.0000         0.0000          -5611.0172       423.0324         0.0000         0.0000       949.9219          -4238.0629       301.7819     -5187.9848     -4235.3997       298.2527            112.5446       124.2812     22570.4996      -128.8246      -128.7523

LDB: ============= START OF LOAD BALANCING ============== 23.3218
LDB: ============== END OF LOAD BALANCING =============== 23.3219
Info: useSync: 0 useProxySync: 0
LDB: =============== DONE WITH MIGRATION ================ 23.322
LDB: ============= START OF LOAD BALANCING ============== 23.3796
LDB: Largest compute 52 load 0.011167 is 23.2% of average load 0.048124
LDB: Average compute 0.003422 is 7.1% of average load 0.048124
LDB: TIME 23.3798 LOAD: AVG 0.0481244 MAX 0.0535949  PROXIES: TOTAL 24 MAXPE 4 MAXPATCH 6 None MEM: 0.450179 MB
LDB: TIME 23.3799 LOAD: AVG 0.0481244 MAX 0.0535949  PROXIES: TOTAL 25 MAXPE 4 MAXPATCH 7 RefineTorusLB MEM: 0.450179 MB
LDB: TIME 23.38 LOAD: AVG 0.0481244 MAX 0.0524571  PROXIES: TOTAL 25 MAXPE 4 MAXPATCH 7 RefineTorusLB MEM: 0.450179 MB
LDB: ============== END OF LOAD BALANCING =============== 23.38
Info: useSync: 0 useProxySync: 0
LDB: =============== DONE WITH MIGRATION ================ 23.3803
LDB: ============= START OF LOAD BALANCING ============== 25.6428
LDB: ============== END OF LOAD BALANCING =============== 25.643
Info: useSync: 0 useProxySync: 0
LDB: =============== DONE WITH MIGRATION ================ 25.6431
LDB: ============= START OF LOAD BALANCING ============== 25.6999
LDB: Largest compute 163 load 0.011423 is 23.9% of average load 0.047836
LDB: Average compute 0.003401 is 7.1% of average load 0.047836
LDB: TIME 25.7002 LOAD: AVG 0.0478356 MAX 0.0525614  PROXIES: TOTAL 24 MAXPE 4 MAXPATCH 6 None MEM: 0.450179 MB
LDB: TIME 25.7003 LOAD: AVG 0.0478356 MAX 0.0525614  PROXIES: TOTAL 25 MAXPE 4 MAXPATCH 7 RefineTorusLB MEM: 0.450179 MB
LDB: TIME 25.7003 LOAD: AVG 0.0478356 MAX 0.0519321  PROXIES: TOTAL 25 MAXPE 4 MAXPATCH 7 RefineTorusLB MEM: 0.450179 MB
LDB: ============== END OF LOAD BALANCING =============== 25.7004
Info: useSync: 0 useProxySync: 0
LDB: =============== DONE WITH MIGRATION ================ 25.7006
LDB: ============= START OF LOAD BALANCING ============== 27.9584
LDB: ============== END OF LOAD BALANCING =============== 27.9585
Info: useSync: 0 useProxySync: 0
LDB: =============== DONE WITH MIGRATION ================ 27.9587
LDB: ============= START OF LOAD BALANCING ============== 28.0173
LDB: Largest compute 162 load 0.011892 is 24.4% of average load 0.048662
LDB: Average compute 0.003470 is 7.1% of average load 0.048662
LDB: TIME 28.0175 LOAD: AVG 0.0486624 MAX 0.0548584  PROXIES: TOTAL 24 MAXPE 4 MAXPATCH 6 None MEM: 0.450179 MB
LDB: TIME 28.0176 LOAD: AVG 0.0486624 MAX 0.0548584  PROXIES: TOTAL 25 MAXPE 4 MAXPATCH 7 RefineTorusLB MEM: 0.450179 MB
LDB: TIME 28.0177 LOAD: AVG 0.0486624 MAX 0.0530443  PROXIES: TOTAL 25 MAXPE 4 MAXPATCH 7 RefineTorusLB MEM: 0.450179 MB
LDB: ============== END OF LOAD BALANCING =============== 28.0178
Info: useSync: 0 useProxySync: 0
LDB: =============== DONE WITH MIGRATION ================ 28.0181
WRITING COORDINATES TO DCD FILE MDequil.dcd AT STEP 15000
The last position output (seq=15000) takes 0.001 seconds, 0.450 MB of memory in use
PRESSURE: 15000 -377.136 160.635 291.367 308.039 -679.667 270.223 400.559 150.33 899.013
GPRESSURE: 15000 -269.96 -80.1028 230.75 406.979 -563.595 261.629 503.51 281.132 759.269
PRESSAVG: 15000 -244.682 16.5865 6.34396 36.5723 -292.861 67.846 -53.7572 -46.3534 10.8728
GPRESSAVG: 15000 -244.807 16.84 6.26506 36.1387 -292.496 67.9876 -53.5655 -46.6886 10.863
ENERGY:   15000         0.0000         0.0000         0.0000         0.0000          -5638.2428       439.1385         0.0000         0.0000       937.8312          -4261.2731       297.9407     -5199.1043     -4258.8493       300.5461            -52.5968       -24.7618     23091.3869      -175.5567      -175.4799

LDB: ============= START OF LOAD BALANCING ============== 30.2972
LDB: ============== END OF LOAD BALANCING =============== 30.2973
Info: useSync: 0 useProxySync: 0
LDB: =============== DONE WITH MIGRATION ================ 30.2975
LDB: ============= START OF LOAD BALANCING ============== 30.3545
LDB: Largest compute 162 load 0.012406 is 25.8% of average load 0.048048
LDB: Average compute 0.003421 is 7.1% of average load 0.048048
LDB: TIME 30.3547 LOAD: AVG 0.0480477 MAX 0.0525285  PROXIES: TOTAL 24 MAXPE 4 MAXPATCH 6 None MEM: 0.450179 MB
LDB: TIME 30.3548 LOAD: AVG 0.0480477 MAX 0.0525285  PROXIES: TOTAL 25 MAXPE 4 MAXPATCH 7 RefineTorusLB MEM: 0.450179 MB
LDB: TIME 30.3549 LOAD: AVG 0.0480477 MAX 0.052312  PROXIES: TOTAL 25 MAXPE 4 MAXPATCH 7 RefineTorusLB MEM: 0.450179 MB
LDB: ============== END OF LOAD BALANCING =============== 30.3549
Info: useSync: 0 useProxySync: 0
LDB: =============== DONE WITH MIGRATION ================ 30.3552
LDB: ============= START OF LOAD BALANCING ============== 32.605
LDB: ============== END OF LOAD BALANCING =============== 32.6051
Info: useSync: 0 useProxySync: 0
LDB: =============== DONE WITH MIGRATION ================ 32.6053
LDB: ============= START OF LOAD BALANCING ============== 32.6625
LDB: Largest compute 52 load 0.010584 is 22.2% of average load 0.047709
LDB: Average compute 0.003387 is 7.1% of average load 0.047709
LDB: TIME 32.6626 LOAD: AVG 0.0477087 MAX 0.0531056  PROXIES: TOTAL 24 MAXPE 4 MAXPATCH 6 None MEM: 0.450179 MB
LDB: TIME 32.6626 LOAD: AVG 0.0477087 MAX 0.0531056  PROXIES: TOTAL 25 MAXPE 4 MAXPATCH 7 RefineTorusLB MEM: 0.450179 MB
LDB: TIME 32.6627 LOAD: AVG 0.0477087 MAX 0.0519171  PROXIES: TOTAL 25 MAXPE 4 MAXPATCH 7 RefineTorusLB MEM: 0.450179 MB
LDB: ============== END OF LOAD BALANCING =============== 32.6628
Info: useSync: 0 useProxySync: 0
LDB: =============== DONE WITH MIGRATION ================ 32.663
WRITING COORDINATES TO DCD FILE MDequil.dcd AT STEP 20000
The last position output (seq=20000) takes 0.000 seconds, 0.450 MB of memory in use
PRESSURE: 20000 484.404 -28.2716 398.879 -152.927 299.788 -314.071 201.88 -575.309 829.851
GPRESSURE: 20000 419.999 -251.088 564.654 -17.8146 317.391 -80.743 -11.1996 -1114.2 933.947
PRESSAVG: 20000 -386.812 11.4355 69.3569 20.6858 -344.583 14.9051 80.1389 50.5234 26.7432
GPRESSAVG: 20000 -386.923 11.6974 69.9082 20.6322 -344.714 14.746 79.8278 50.3447 27.1849
ENERGY:   20000         0.0000         0.0000         0.0000         0.0000          -5628.6404       446.4350         0.0000         0.0000       922.2459          -4259.9595       292.9894     -5182.2054     -4257.7937       295.9306            538.0144       557.1124     22528.8601      -234.8840      -234.8171

LDB: ============= START OF LOAD BALANCING ============== 34.9431
LDB: ============== END OF LOAD BALANCING =============== 34.9433
Info: useSync: 0 useProxySync: 0
LDB: =============== DONE WITH MIGRATION ================ 34.9433
LDB: ============= START OF LOAD BALANCING ============== 35.0022
LDB: Largest compute 162 load 0.011860 is 24.5% of average load 0.048491
LDB: Average compute 0.003452 is 7.1% of average load 0.048491
LDB: TIME 35.0024 LOAD: AVG 0.0484907 MAX 0.054043  PROXIES: TOTAL 24 MAXPE 4 MAXPATCH 6 None MEM: 0.450179 MB
LDB: TIME 35.0024 LOAD: AVG 0.0484907 MAX 0.054043  PROXIES: TOTAL 25 MAXPE 4 MAXPATCH 7 RefineTorusLB MEM: 0.450179 MB
LDB: TIME 35.0025 LOAD: AVG 0.0484907 MAX 0.0528933  PROXIES: TOTAL 25 MAXPE 4 MAXPATCH 7 RefineTorusLB MEM: 0.450179 MB
LDB: ============== END OF LOAD BALANCING =============== 35.0026
Info: useSync: 0 useProxySync: 0
LDB: =============== DONE WITH MIGRATION ================ 35.0031
LDB: ============= START OF LOAD BALANCING ============== 37.2487
LDB: ============== END OF LOAD BALANCING =============== 37.2488
Info: useSync: 0 useProxySync: 0
LDB: =============== DONE WITH MIGRATION ================ 37.2489
LDB: ============= START OF LOAD BALANCING ============== 37.3064
LDB: Largest compute 52 load 0.012206 is 25.1% of average load 0.048654
LDB: Average compute 0.003468 is 7.1% of average load 0.048654
LDB: TIME 37.3066 LOAD: AVG 0.0486543 MAX 0.0534695  PROXIES: TOTAL 24 MAXPE 4 MAXPATCH 6 None MEM: 0.450179 MB
LDB: TIME 37.3067 LOAD: AVG 0.0486543 MAX 0.0534695  PROXIES: TOTAL 25 MAXPE 4 MAXPATCH 7 RefineTorusLB MEM: 0.450179 MB
LDB: TIME 37.3067 LOAD: AVG 0.0486543 MAX 0.0529254  PROXIES: TOTAL 25 MAXPE 4 MAXPATCH 7 RefineTorusLB MEM: 0.450179 MB
LDB: ============== END OF LOAD BALANCING =============== 37.3099
Info: useSync: 0 useProxySync: 0
LDB: =============== DONE WITH MIGRATION ================ 37.3191
LDB: ============= START OF LOAD BALANCING ============== 39.5811
LDB: ============== END OF LOAD BALANCING =============== 39.5812
Info: useSync: 0 useProxySync: 0
LDB: =============== DONE WITH MIGRATION ================ 39.5813
LDB: ============= START OF LOAD BALANCING ============== 39.6396
LDB: Largest compute 52 load 0.011848 is 24.3% of average load 0.048735
LDB: Average compute 0.003478 is 7.1% of average load 0.048735
LDB: TIME 39.6399 LOAD: AVG 0.0487346 MAX 0.0537865  PROXIES: TOTAL 24 MAXPE 4 MAXPATCH 6 None MEM: 0.450179 MB
LDB: TIME 39.6399 LOAD: AVG 0.0487346 MAX 0.0537865  PROXIES: TOTAL 25 MAXPE 4 MAXPATCH 7 RefineTorusLB MEM: 0.450179 MB
LDB: TIME 39.64 LOAD: AVG 0.0487346 MAX 0.0531151  PROXIES: TOTAL 25 MAXPE 4 MAXPATCH 7 RefineTorusLB MEM: 0.450179 MB
LDB: ============== END OF LOAD BALANCING =============== 39.6401
Info: useSync: 0 useProxySync: 0
LDB: =============== DONE WITH MIGRATION ================ 39.6404
WRITING COORDINATES TO DCD FILE MDequil.dcd AT STEP 25000
The last position output (seq=25000) takes 0.003 seconds, 0.450 MB of memory in use
PRESSURE: 25000 -667.599 -283.766 272.905 -687.156 -1247.58 537.787 -236.924 784.717 -268.585
GPRESSURE: 25000 -459.675 -321.721 318.496 -568.09 -1296.87 652.97 -242.121 722.456 -358.935
PRESSAVG: 25000 -283.322 75.0663 -5.11335 42.7702 -358.612 -0.783169 85.1076 55.3342 -5.75175
GPRESSAVG: 25000 -283.356 74.8173 -5.63357 42.668 -358.438 -0.987838 84.5698 55.5661 -6.25553
ENERGY:   25000         0.0000         0.0000         0.0000         0.0000          -5642.9770       380.7494         0.0000         0.0000       964.4036          -4297.8241       306.3825     -5262.2276     -4296.2570       298.6667           -727.9218      -705.1617     22897.2934      -215.8952      -216.0164

LDB: ============= START OF LOAD BALANCING ============== 41.8737
LDB: ============== END OF LOAD BALANCING =============== 41.8738
Info: useSync: 0 useProxySync: 0
LDB: =============== DONE WITH MIGRATION ================ 41.874
LDB: ============= START OF LOAD BALANCING ============== 41.9309
LDB: Largest compute 162 load 0.010567 is 21.8% of average load 0.048533
LDB: Average compute 0.003459 is 7.1% of average load 0.048533
LDB: TIME 41.9311 LOAD: AVG 0.0485326 MAX 0.0530384  PROXIES: TOTAL 24 MAXPE 4 MAXPATCH 6 None MEM: 0.450179 MB
LDB: TIME 41.9312 LOAD: AVG 0.0485326 MAX 0.0530384  PROXIES: TOTAL 25 MAXPE 4 MAXPATCH 7 RefineTorusLB MEM: 0.450179 MB
LDB: TIME 41.9313 LOAD: AVG 0.0485326 MAX 0.0524731  PROXIES: TOTAL 25 MAXPE 4 MAXPATCH 7 RefineTorusLB MEM: 0.450179 MB
LDB: ============== END OF LOAD BALANCING =============== 41.9313
Info: useSync: 0 useProxySync: 0
LDB: =============== DONE WITH MIGRATION ================ 41.9316
LDB: ============= START OF LOAD BALANCING ============== 44.1674
LDB: ============== END OF LOAD BALANCING =============== 44.1675
Info: useSync: 0 useProxySync: 0
LDB: =============== DONE WITH MIGRATION ================ 44.1677
LDB: ============= START OF LOAD BALANCING ============== 44.2255
LDB: Largest compute 52 load 0.011188 is 23.3% of average load 0.048099
LDB: Average compute 0.003427 is 7.1% of average load 0.048099
LDB: TIME 44.2258 LOAD: AVG 0.0480993 MAX 0.0528131  PROXIES: TOTAL 24 MAXPE 4 MAXPATCH 6 None MEM: 0.450179 MB
LDB: TIME 44.2259 LOAD: AVG 0.0480993 MAX 0.0528131  PROXIES: TOTAL 25 MAXPE 4 MAXPATCH 7 RefineTorusLB MEM: 0.450179 MB
LDB: TIME 44.2259 LOAD: AVG 0.0480993 MAX 0.0523555  PROXIES: TOTAL 25 MAXPE 4 MAXPATCH 7 RefineTorusLB MEM: 0.450179 MB
LDB: ============== END OF LOAD BALANCING =============== 44.226
Info: useSync: 0 useProxySync: 0
LDB: =============== DONE WITH MIGRATION ================ 44.2262
WRITING COORDINATES TO DCD FILE MDequil.dcd AT STEP 30000
The last position output (seq=30000) takes 0.000 seconds, 0.450 MB of memory in use
PRESSURE: 30000 611.961 -719.492 -262.449 -217.553 -186.133 325.797 -63.5009 310.222 -564.683
GPRESSURE: 30000 563.259 -856.513 -41.1904 206.341 -113.755 506.145 -196.673 203.76 -519.59
PRESSAVG: 30000 -347.651 2.81014 -54.0505 14.7841 -353.817 2.19368 -123.008 -30.5157 -11.6951
GPRESSAVG: 30000 -347.928 2.52406 -53.5467 15.0032 -353.778 2.05065 -123.298 -30.2473 -11.4812
ENERGY:   30000         0.0000         0.0000         0.0000         0.0000          -5705.8532       441.2083         0.0000         0.0000       949.4125          -4315.2324       301.6200     -5264.6449     -4312.8050       300.0950            -46.2852       -23.3617     22550.6723      -237.7208      -237.7291

LDB: ============= START OF LOAD BALANCING ============== 46.4483
LDB: ============== END OF LOAD BALANCING =============== 46.4484
Info: useSync: 0 useProxySync: 0
LDB: =============== DONE WITH MIGRATION ================ 46.4485
LDB: ============= START OF LOAD BALANCING ============== 46.5062
LDB: Largest compute 162 load 0.011480 is 23.8% of average load 0.048278
LDB: Average compute 0.003441 is 7.1% of average load 0.048278
LDB: TIME 46.5064 LOAD: AVG 0.0482781 MAX 0.0538664  PROXIES: TOTAL 24 MAXPE 4 MAXPATCH 6 None MEM: 0.450179 MB
LDB: TIME 46.5065 LOAD: AVG 0.0482781 MAX 0.0538664  PROXIES: TOTAL 25 MAXPE 4 MAXPATCH 7 RefineTorusLB MEM: 0.450179 MB
LDB: TIME 46.5065 LOAD: AVG 0.0482781 MAX 0.0526131  PROXIES: TOTAL 25 MAXPE 4 MAXPATCH 7 RefineTorusLB MEM: 0.450179 MB
LDB: ============== END OF LOAD BALANCING =============== 46.5066
Info: useSync: 0 useProxySync: 0
LDB: =============== DONE WITH MIGRATION ================ 46.5068
LDB: ============= START OF LOAD BALANCING ============== 48.8327
LDB: ============== END OF LOAD BALANCING =============== 48.8329
Info: useSync: 0 useProxySync: 0
LDB: =============== DONE WITH MIGRATION ================ 48.8331
LDB: ============= START OF LOAD BALANCING ============== 48.8974
LDB: Largest compute 163 load 0.012968 is 23.9% of average load 0.054173
LDB: Average compute 0.003861 is 7.1% of average load 0.054173
LDB: TIME 48.8976 LOAD: AVG 0.0541735 MAX 0.0598281  PROXIES: TOTAL 24 MAXPE 4 MAXPATCH 6 None MEM: 0.450179 MB
LDB: TIME 48.8978 LOAD: AVG 0.0541735 MAX 0.0598281  PROXIES: TOTAL 25 MAXPE 4 MAXPATCH 7 RefineTorusLB MEM: 0.450179 MB
LDB: TIME 48.8978 LOAD: AVG 0.0541735 MAX 0.0591108  PROXIES: TOTAL 25 MAXPE 4 MAXPATCH 7 RefineTorusLB MEM: 0.450179 MB
LDB: ============== END OF LOAD BALANCING =============== 48.8979
Info: useSync: 0 useProxySync: 0
LDB: =============== DONE WITH MIGRATION ================ 48.8982
LDB: ============= START OF LOAD BALANCING ============== 51.4157
LDB: ============== END OF LOAD BALANCING =============== 51.4158
Info: useSync: 0 useProxySync: 0
LDB: =============== DONE WITH MIGRATION ================ 51.4161
LDB: ============= START OF LOAD BALANCING ============== 51.4813
LDB: Largest compute 162 load 0.015675 is 28.4% of average load 0.055153
LDB: Average compute 0.003945 is 7.2% of average load 0.055153
LDB: TIME 51.4816 LOAD: AVG 0.0551529 MAX 0.06205  PROXIES: TOTAL 24 MAXPE 4 MAXPATCH 6 None MEM: 0.450179 MB
LDB: TIME 51.4817 LOAD: AVG 0.0551529 MAX 0.06205  PROXIES: TOTAL 25 MAXPE 4 MAXPATCH 7 RefineTorusLB MEM: 0.450179 MB
LDB: TIME 51.4818 LOAD: AVG 0.0551529 MAX 0.0601361  PROXIES: TOTAL 25 MAXPE 4 MAXPATCH 7 RefineTorusLB MEM: 0.450179 MB
LDB: ============== END OF LOAD BALANCING =============== 51.4818
Info: useSync: 0 useProxySync: 0
LDB: =============== DONE WITH MIGRATION ================ 51.4821
PRESSURE: 35000 -995.868 -297.66 137.978 -57.9714 393.042 -424.658 -10.8643 -430.447 579.211
GPRESSURE: 35000 -1106.51 -19.8531 201.697 69.2638 508.86 -539.457 123.899 -689.494 620.802
PRESSAVG: 35000 -333.274 -24.1075 56.2119 -18.8841 -309.697 18.4554 -63.5084 -40.3567 13.4913
GPRESSAVG: 35000 -333.069 -24.1668 56.1053 -18.8599 -309.748 18.451 -63.2307 -40.562 13.1184
ENERGY:   35000         0.0000         0.0000         0.0000         0.0000          -5665.2871       410.0160         0.0000         0.0000       927.4542          -4327.8169       294.6440     -5255.2711     -4325.1734       294.5264             -7.8717         7.7158     22302.5560      -209.8266      -209.8994

WRITING COORDINATES TO DCD FILE MDequil.dcd AT STEP 35000
The last position output (seq=35000) takes 0.000 seconds, 0.450 MB of memory in use
LDB: ============= START OF LOAD BALANCING ============== 53.9911
LDB: ============== END OF LOAD BALANCING =============== 53.9913
Info: useSync: 0 useProxySync: 0
LDB: =============== DONE WITH MIGRATION ================ 53.9914
LDB: ============= START OF LOAD BALANCING ============== 54.0563
LDB: Largest compute 162 load 0.013403 is 24.5% of average load 0.054663
LDB: Average compute 0.003905 is 7.1% of average load 0.054663
LDB: TIME 54.0565 LOAD: AVG 0.0546633 MAX 0.0602001  PROXIES: TOTAL 24 MAXPE 4 MAXPATCH 6 None MEM: 0.450179 MB
LDB: TIME 54.0566 LOAD: AVG 0.0546633 MAX 0.0602001  PROXIES: TOTAL 25 MAXPE 4 MAXPATCH 7 RefineTorusLB MEM: 0.450179 MB
LDB: TIME 54.0567 LOAD: AVG 0.0546633 MAX 0.05961  PROXIES: TOTAL 25 MAXPE 4 MAXPATCH 7 RefineTorusLB MEM: 0.450179 MB
LDB: ============== END OF LOAD BALANCING =============== 54.0568
Info: useSync: 0 useProxySync: 0
LDB: =============== DONE WITH MIGRATION ================ 54.0571
LDB: ============= START OF LOAD BALANCING ============== 56.5425
LDB: ============== END OF LOAD BALANCING =============== 56.5427
Info: useSync: 0 useProxySync: 0
LDB: =============== DONE WITH MIGRATION ================ 56.5429
LDB: ============= START OF LOAD BALANCING ============== 56.6077
LDB: Largest compute 162 load 0.013839 is 25.2% of average load 0.054966
LDB: Average compute 0.003926 is 7.1% of average load 0.054966
LDB: TIME 56.608 LOAD: AVG 0.0549662 MAX 0.0612429  PROXIES: TOTAL 24 MAXPE 4 MAXPATCH 6 None MEM: 0.450179 MB
LDB: TIME 56.608 LOAD: AVG 0.0549662 MAX 0.0612429  PROXIES: TOTAL 25 MAXPE 4 MAXPATCH 7 RefineTorusLB MEM: 0.450179 MB
LDB: TIME 56.6081 LOAD: AVG 0.0549662 MAX 0.0597164  PROXIES: TOTAL 25 MAXPE 4 MAXPATCH 7 RefineTorusLB MEM: 0.450179 MB
LDB: ============== END OF LOAD BALANCING =============== 56.6082
Info: useSync: 0 useProxySync: 0
LDB: =============== DONE WITH MIGRATION ================ 56.6084
WRITING COORDINATES TO DCD FILE MDequil.dcd AT STEP 40000
The last position output (seq=40000) takes 0.001 seconds, 0.450 MB of memory in use
PRESSURE: 40000 -1145.85 498.889 14.5547 335.394 -510.525 -275.62 -571.31 -928.342 -235.815
GPRESSURE: 40000 -1104.64 377.854 -231.638 362.438 -490.066 -92.0573 -337.258 -794.104 -259.967
PRESSAVG: 40000 -354.144 2.17219 17.6916 -20.463 -417.804 -33.1033 37.418 34.8049 -23.2166
GPRESSAVG: 40000 -354.032 2.02129 18.4281 -20.3452 -418.001 -33.1998 37.1303 34.779 -23.1171
ENERGY:   40000         0.0000         0.0000         0.0000         0.0000          -5660.1441       386.6532         0.0000         0.0000       953.4327          -4320.0583       302.8972     -5273.4909     -4316.7999       299.1255           -630.7297      -618.2235     22767.2229      -265.0549      -265.0500

LDB: ============= START OF LOAD BALANCING ============== 59.1154
LDB: ============== END OF LOAD BALANCING =============== 59.1156
Info: useSync: 0 useProxySync: 0
LDB: =============== DONE WITH MIGRATION ================ 59.1157
LDB: ============= START OF LOAD BALANCING ============== 59.1786
LDB: Largest compute 163 load 0.013017 is 24.4% of average load 0.053351
LDB: Average compute 0.003801 is 7.1% of average load 0.053351
LDB: TIME 59.1787 LOAD: AVG 0.0533511 MAX 0.0588705  PROXIES: TOTAL 24 MAXPE 4 MAXPATCH 6 None MEM: 0.450179 MB
LDB: TIME 59.1788 LOAD: AVG 0.0533511 MAX 0.0588705  PROXIES: TOTAL 25 MAXPE 4 MAXPATCH 7 RefineTorusLB MEM: 0.450179 MB
LDB: TIME 59.1788 LOAD: AVG 0.0533511 MAX 0.0581901  PROXIES: TOTAL 25 MAXPE 4 MAXPATCH 7 RefineTorusLB MEM: 0.450179 MB
LDB: ============== END OF LOAD BALANCING =============== 59.1789
Info: useSync: 0 useProxySync: 0
LDB: =============== DONE WITH MIGRATION ================ 59.1791
LDB: ============= START OF LOAD BALANCING ============== 61.7042
LDB: ============== END OF LOAD BALANCING =============== 61.7044
Info: useSync: 0 useProxySync: 0
LDB: =============== DONE WITH MIGRATION ================ 61.7046
LDB: ============= START OF LOAD BALANCING ============== 61.7694
LDB: Largest compute 162 load 0.013689 is 25.4% of average load 0.053965
LDB: Average compute 0.003847 is 7.1% of average load 0.053965
LDB: TIME 61.7696 LOAD: AVG 0.0539647 MAX 0.0598873  PROXIES: TOTAL 24 MAXPE 4 MAXPATCH 6 None MEM: 0.450179 MB
LDB: TIME 61.7697 LOAD: AVG 0.0539647 MAX 0.0598873  PROXIES: TOTAL 25 MAXPE 4 MAXPATCH 7 RefineTorusLB MEM: 0.450179 MB
LDB: TIME 61.7698 LOAD: AVG 0.0539647 MAX 0.0586446  PROXIES: TOTAL 25 MAXPE 4 MAXPATCH 7 RefineTorusLB MEM: 0.450179 MB
LDB: ============== END OF LOAD BALANCING =============== 61.7699
Info: useSync: 0 useProxySync: 0
LDB: =============== DONE WITH MIGRATION ================ 61.7702
LDB: ============= START OF LOAD BALANCING ============== 64.2442
LDB: ============== END OF LOAD BALANCING =============== 64.2444
Info: useSync: 0 useProxySync: 0
LDB: =============== DONE WITH MIGRATION ================ 64.2446
LDB: ============= START OF LOAD BALANCING ============== 64.309
LDB: Largest compute 163 load 0.013561 is 24.9% of average load 0.054539
LDB: Average compute 0.003894 is 7.1% of average load 0.054539
LDB: TIME 64.3092 LOAD: AVG 0.0545386 MAX 0.0605456  PROXIES: TOTAL 24 MAXPE 4 MAXPATCH 6 None MEM: 0.450179 MB
LDB: TIME 64.3093 LOAD: AVG 0.0545386 MAX 0.0605456  PROXIES: TOTAL 25 MAXPE 4 MAXPATCH 7 RefineTorusLB MEM: 0.450179 MB
LDB: TIME 64.3094 LOAD: AVG 0.0545386 MAX 0.0593543  PROXIES: TOTAL 25 MAXPE 4 MAXPATCH 7 RefineTorusLB MEM: 0.450179 MB
LDB: ============== END OF LOAD BALANCING =============== 64.3094
Info: useSync: 0 useProxySync: 0
LDB: =============== DONE WITH MIGRATION ================ 64.3097
PRESSURE: 45000 -268.256 206.301 -112.459 379.91 -504.237 188.212 1176.76 15.0856 -159.255
GPRESSURE: 45000 -58.9358 -37.8288 -212.452 258.472 -542.193 256.931 983.656 -39.2834 -243.222
PRESSAVG: 45000 -361.782 -52.0829 12.9983 -15.9388 -413.056 45.699 -10.8558 19.7421 33.6069
GPRESSAVG: 45000 -361.953 -52.2459 12.774 -15.468 -412.93 45.6133 -10.6916 20.0857 33.5007
ENERGY:   45000         0.0000         0.0000         0.0000         0.0000          -5611.2691       392.5308         0.0000         0.0000       921.6572          -4297.0810       292.8024     -5218.7382     -4296.1264       300.1302           -310.5829      -281.4500     22573.0059      -247.0768      -247.1274

WRITING COORDINATES TO DCD FILE MDequil.dcd AT STEP 45000
The last position output (seq=45000) takes 0.000 seconds, 0.450 MB of memory in use
LDB: ============= START OF LOAD BALANCING ============== 67.2495
LDB: ============== END OF LOAD BALANCING =============== 67.2524
Info: useSync: 0 useProxySync: 0
LDB: =============== DONE WITH MIGRATION ================ 67.2526
LDB: ============= START OF LOAD BALANCING ============== 67.3163
LDB: Largest compute 162 load 0.012529 is 23.3% of average load 0.053791
LDB: Average compute 0.003837 is 7.1% of average load 0.053791
LDB: TIME 67.3166 LOAD: AVG 0.0537905 MAX 0.0587121  PROXIES: TOTAL 24 MAXPE 4 MAXPATCH 6 None MEM: 0.450179 MB
LDB: TIME 67.3167 LOAD: AVG 0.0537905 MAX 0.0587121  PROXIES: TOTAL 25 MAXPE 4 MAXPATCH 7 RefineTorusLB MEM: 0.450179 MB
LDB: TIME 67.3167 LOAD: AVG 0.0537905 MAX 0.0587121  PROXIES: TOTAL 25 MAXPE 4 MAXPATCH 7 RefineTorusLB MEM: 0.450179 MB
LDB: ============== END OF LOAD BALANCING =============== 67.3168
Info: useSync: 0 useProxySync: 0
LDB: =============== DONE WITH MIGRATION ================ 67.3171
LDB: ============= START OF LOAD BALANCING ============== 70.0288
LDB: ============== END OF LOAD BALANCING =============== 70.0289
Info: useSync: 0 useProxySync: 0
LDB: =============== DONE WITH MIGRATION ================ 70.0292
LDB: ============= START OF LOAD BALANCING ============== 70.0934
LDB: Largest compute 162 load 0.013755 is 25.1% of average load 0.054739
LDB: Average compute 0.003908 is 7.1% of average load 0.054739
LDB: TIME 70.0937 LOAD: AVG 0.0547389 MAX 0.0599456  PROXIES: TOTAL 24 MAXPE 4 MAXPATCH 6 None MEM: 0.450179 MB
LDB: TIME 70.0938 LOAD: AVG 0.0547389 MAX 0.0599456  PROXIES: TOTAL 25 MAXPE 4 MAXPATCH 7 RefineTorusLB MEM: 0.450179 MB
LDB: TIME 70.0938 LOAD: AVG 0.0547389 MAX 0.0596831  PROXIES: TOTAL 25 MAXPE 4 MAXPATCH 7 RefineTorusLB MEM: 0.450179 MB
LDB: ============== END OF LOAD BALANCING =============== 70.0939
Info: useSync: 0 useProxySync: 0
LDB: =============== DONE WITH MIGRATION ================ 70.0942
WRITING COORDINATES TO DCD FILE MDequil.dcd AT STEP 50000
WRITING COORDINATES TO RESTART FILE AT STEP 50000
FINISHED WRITING RESTART COORDINATES
The last position output (seq=50000) takes 0.012 seconds, 0.450 MB of memory in use
WRITING VELOCITIES TO RESTART FILE AT STEP 50000
FINISHED WRITING RESTART VELOCITIES
The last velocity output (seq=50000) takes 0.000 seconds, 0.450 MB of memory in use
PRESSURE: 50000 49.6011 -440.358 4.84037 -252.621 -10.051 51.816 -54.8929 204.621 594.787
GPRESSURE: 50000 136.863 -440.171 218.622 -86.7293 -24.2301 61.041 -13.8711 129.134 540.044
PRESSAVG: 50000 -247.449 23.179 11.4074 8.41854 -362.39 33.7279 54.6865 2.87936 -3.28049
GPRESSAVG: 50000 -247.598 23.5006 11.5263 8.05258 -362.386 33.9748 54.6835 2.80058 -3.49036
TIMING: 50000  CPU: 60.7836, 0.00121555/step  Wall: 61.0631, 0.00122114/step, 0.152643 hours remaining, 0.450179 MB of memory in use.
PERFORMANCE: 50000  averaging 141.507 ns/day, 0.00122114 sec/step with standard deviation 0
ETITLE:      TS           BOND          ANGLE          DIHED          IMPRP               ELECT            VDW       BOUNDARY           MISC        KINETIC               TOTAL           TEMP      POTENTIAL         TOTAL3        TEMPAVG            PRESSURE      GPRESSURE         VOLUME       PRESSAVG      GPRESSAVG

ENERGY:   50000         0.0000         0.0000         0.0000         0.0000          -5592.7839       410.6155         0.0000         0.0000       891.5748          -4290.5935       283.2455     -5182.1684     -4288.3673       299.0330            211.4458       217.5591     22533.5949      -204.3732      -204.4914

WRITING EXTENDED SYSTEM TO RESTART FILE AT STEP 50000
LDB: ============= START OF LOAD BALANCING ============== 72.6351
LDB: ============== END OF LOAD BALANCING =============== 72.6371
Info: useSync: 0 useProxySync: 0
LDB: =============== DONE WITH MIGRATION ================ 72.6372
LDB: ============= START OF LOAD BALANCING ============== 72.701
LDB: Largest compute 162 load 0.013063 is 24.0% of average load 0.054428
LDB: Average compute 0.003884 is 7.1% of average load 0.054428
LDB: TIME 72.7013 LOAD: AVG 0.0544283 MAX 0.0594706  PROXIES: TOTAL 24 MAXPE 4 MAXPATCH 6 None MEM: 0.450179 MB
LDB: TIME 72.7014 LOAD: AVG 0.0544283 MAX 0.0594706  PROXIES: TOTAL 25 MAXPE 4 MAXPATCH 7 RefineTorusLB MEM: 0.450179 MB
LDB: TIME 72.7014 LOAD: AVG 0.0544283 MAX 0.0590975  PROXIES: TOTAL 25 MAXPE 4 MAXPATCH 7 RefineTorusLB MEM: 0.450179 MB
LDB: ============== END OF LOAD BALANCING =============== 72.7015
Info: useSync: 0 useProxySync: 0
LDB: =============== DONE WITH MIGRATION ================ 72.7018
LDB: ============= START OF LOAD BALANCING ============== 75.2515
LDB: ============== END OF LOAD BALANCING =============== 75.2516
Info: useSync: 0 useProxySync: 0
LDB: =============== DONE WITH MIGRATION ================ 75.2518
LDB: ============= START OF LOAD BALANCING ============== 75.3553
LDB: Largest compute 163 load 0.012325 is 23.0% of average load 0.053509
LDB: Average compute 0.003759 is 7.0% of average load 0.053509
LDB: TIME 75.3555 LOAD: AVG 0.0535087 MAX 0.059785  PROXIES: TOTAL 24 MAXPE 4 MAXPATCH 6 None MEM: 0.450179 MB
LDB: TIME 75.3555 LOAD: AVG 0.0535087 MAX 0.059785  PROXIES: TOTAL 25 MAXPE 4 MAXPATCH 7 RefineTorusLB MEM: 0.450179 MB
LDB: TIME 75.3556 LOAD: AVG 0.0535087 MAX 0.0584002  PROXIES: TOTAL 26 MAXPE 4 MAXPATCH 8 RefineTorusLB MEM: 0.450179 MB
LDB: ============== END OF LOAD BALANCING =============== 75.3557
Info: useSync: 0 useProxySync: 0
LDB: =============== DONE WITH MIGRATION ================ 75.3559
LDB: ============= START OF LOAD BALANCING ============== 77.9298
LDB: ============== END OF LOAD BALANCING =============== 77.93
Info: useSync: 0 useProxySync: 0
LDB: =============== DONE WITH MIGRATION ================ 77.9301
LDB: ============= START OF LOAD BALANCING ============== 77.9951
LDB: Largest compute 163 load 0.014205 is 26.3% of average load 0.053933
LDB: Average compute 0.003840 is 7.1% of average load 0.053933
LDB: TIME 77.9953 LOAD: AVG 0.0539326 MAX 0.0602141  PROXIES: TOTAL 24 MAXPE 4 MAXPATCH 6 None MEM: 0.450179 MB
LDB: TIME 77.9954 LOAD: AVG 0.0539326 MAX 0.0602141  PROXIES: TOTAL 26 MAXPE 4 MAXPATCH 8 RefineTorusLB MEM: 0.450179 MB
LDB: TIME 77.9954 LOAD: AVG 0.0539326 MAX 0.0588036  PROXIES: TOTAL 26 MAXPE 4 MAXPATCH 8 RefineTorusLB MEM: 0.450179 MB
LDB: ============== END OF LOAD BALANCING =============== 77.9955
Info: useSync: 0 useProxySync: 0
LDB: =============== DONE WITH MIGRATION ================ 77.9957
WRITING COORDINATES TO DCD FILE MDequil.dcd AT STEP 55000
PRESSURE: 55000 -394.779 -381.162 -633.966 -1031.19 336.504 -340.881 -288.193 -332.284 1435.18
GPRESSURE: 55000 -334.628 -478.84 -372.023 -1095.28 189.742 -115.373 -631.462 -525.29 1577.37
PRESSAVG: 55000 -318.419 22.2378 -26.505 21.1634 -248.42 -5.46367 -8.54178 -10.228 -2.38791
GPRESSAVG: 55000 -318.031 22.0644 -26.068 21.6712 -248.894 -5.21363 -9.19124 -10.5993 -2.42306
ENERGY:   55000         0.0000         0.0000         0.0000         0.0000          -5593.2812       440.4698         0.0000         0.0000       937.1434          -4215.6679       297.7222     -5152.8113     -4213.5286       300.9128            458.9687       477.4931     22661.5989      -189.7422      -189.7829

LDB: ============= START OF LOAD BALANCING ============== 80.5548
LDB: ============== END OF LOAD BALANCING =============== 80.5551
Info: useSync: 0 useProxySync: 0
LDB: =============== DONE WITH MIGRATION ================ 80.5552
LDB: ============= START OF LOAD BALANCING ============== 80.6189
LDB: Largest compute 162 load 0.012985 is 24.0% of average load 0.054107
LDB: Average compute 0.003850 is 7.1% of average load 0.054107
LDB: TIME 80.6191 LOAD: AVG 0.0541069 MAX 0.0589351  PROXIES: TOTAL 24 MAXPE 4 MAXPATCH 6 None MEM: 0.450179 MB
LDB: TIME 80.6192 LOAD: AVG 0.0541069 MAX 0.0589351  PROXIES: TOTAL 26 MAXPE 4 MAXPATCH 8 RefineTorusLB MEM: 0.450179 MB
LDB: TIME 80.6193 LOAD: AVG 0.0541069 MAX 0.0589351  PROXIES: TOTAL 26 MAXPE 4 MAXPATCH 8 RefineTorusLB MEM: 0.450179 MB
LDB: ============== END OF LOAD BALANCING =============== 80.6193
Info: useSync: 0 useProxySync: 0
LDB: =============== DONE WITH MIGRATION ================ 80.6196
LDB: ============= START OF LOAD BALANCING ============== 83.1088
LDB: ============== END OF LOAD BALANCING =============== 83.109
Info: useSync: 0 useProxySync: 0
LDB: =============== DONE WITH MIGRATION ================ 83.1117
LDB: ============= START OF LOAD BALANCING ============== 83.1749
LDB: Largest compute 162 load 0.013694 is 25.5% of average load 0.053802
LDB: Average compute 0.003827 is 7.1% of average load 0.053802
LDB: TIME 83.1751 LOAD: AVG 0.0538025 MAX 0.0577284  PROXIES: TOTAL 24 MAXPE 4 MAXPATCH 6 None MEM: 0.450179 MB
LDB: TIME 83.1752 LOAD: AVG 0.0538025 MAX 0.0577284  PROXIES: TOTAL 26 MAXPE 4 MAXPATCH 8 RefineTorusLB MEM: 0.450179 MB
LDB: TIME 83.1753 LOAD: AVG 0.0538025 MAX 0.0577284  PROXIES: TOTAL 26 MAXPE 4 MAXPATCH 8 RefineTorusLB MEM: 0.450179 MB
LDB: ============== END OF LOAD BALANCING =============== 83.1753
Info: useSync: 0 useProxySync: 0
LDB: =============== DONE WITH MIGRATION ================ 83.1756
PRESSURE: 60000 -32.1519 -701.627 -577.688 -604.066 -1796.96 84.6206 -633.53 92.6863 -1132.56
GPRESSURE: 60000 -109.045 -592.071 -537.584 -632.806 -1803.46 89.5326 -787.023 345.577 -993.932
PRESSAVG: 60000 -446.825 16.3767 1.41168 13.3177 -486.58 25.8116 20.3573 17.7935 10.0613
GPRESSAVG: 60000 -447.016 16.1613 1.01452 13.3438 -486.542 25.9346 20.8738 17.9384 10.1134
ENERGY:   60000         0.0000         0.0000         0.0000         0.0000          -5485.7560       347.1184         0.0000         0.0000       937.2178          -4201.4198       297.7459     -5138.6376     -4201.2303       298.7345           -987.2252      -968.8129     23299.6341      -307.7811      -307.8151

WRITING COORDINATES TO DCD FILE MDequil.dcd AT STEP 60000
LDB: ============= START OF LOAD BALANCING ============== 89.1345
LDB: ============== END OF LOAD BALANCING =============== 89.1346
Info: useSync: 0 useProxySync: 0
LDB: =============== DONE WITH MIGRATION ================ 89.1346
LDB: ============= START OF LOAD BALANCING ============== 89.4552
LDB: Largest compute 164 load 0.019068 is 34.2% of average load 0.055813
LDB: Average compute 0.003727 is 6.7% of average load 0.055813
LDB: TIME 89.4631 LOAD: AVG 0.0558128 MAX 0.0790395  PROXIES: TOTAL 24 MAXPE 4 MAXPATCH 6 None MEM: 0.450179 MB
LDB: TIME 89.4632 LOAD: AVG 0.0558128 MAX 0.0790395  PROXIES: TOTAL 26 MAXPE 4 MAXPATCH 8 RefineTorusLB MEM: 0.450179 MB
LDB: TIME 89.4633 LOAD: AVG 0.0558128 MAX 0.0601027  PROXIES: TOTAL 26 MAXPE 4 MAXPATCH 8 RefineTorusLB MEM: 0.450179 MB
LDB: ============== END OF LOAD BALANCING =============== 89.4639
Info: useSync: 0 useProxySync: 0
LDB: =============== DONE WITH MIGRATION ================ 89.4851
LDB: ============= START OF LOAD BALANCING ============== 102.185
LDB: ============== END OF LOAD BALANCING =============== 102.189
Info: useSync: 0 useProxySync: 0
LDB: =============== DONE WITH MIGRATION ================ 102.201
LDB: ============= START OF LOAD BALANCING ============== 102.568
LDB: Largest compute 6 load 0.011721 is 23.3% of average load 0.050207
LDB: Average compute 0.003479 is 6.9% of average load 0.050207
LDB: TIME 102.579 LOAD: AVG 0.0502072 MAX 0.0614738  PROXIES: TOTAL 24 MAXPE 4 MAXPATCH 6 None MEM: 0.450179 MB
LDB: TIME 102.579 LOAD: AVG 0.0502072 MAX 0.0614738  PROXIES: TOTAL 26 MAXPE 4 MAXPATCH 8 RefineTorusLB MEM: 0.450179 MB
LDB: TIME 102.579 LOAD: AVG 0.0502072 MAX 0.054703  PROXIES: TOTAL 26 MAXPE 4 MAXPATCH 8 RefineTorusLB MEM: 0.450179 MB
LDB: ============== END OF LOAD BALANCING =============== 102.591
Info: useSync: 0 useProxySync: 0
LDB: =============== DONE WITH MIGRATION ================ 102.682
LDB: ============= START OF LOAD BALANCING ============== 114.625
LDB: ============== END OF LOAD BALANCING =============== 114.627
Info: useSync: 0 useProxySync: 0
LDB: =============== DONE WITH MIGRATION ================ 114.654
LDB: ============= START OF LOAD BALANCING ============== 114.883
LDB: Largest compute 151 load 0.011209 is 22.4% of average load 0.050026
LDB: Average compute 0.003405 is 6.8% of average load 0.050026
LDB: TIME 114.885 LOAD: AVG 0.0500264 MAX 0.0640836  PROXIES: TOTAL 24 MAXPE 4 MAXPATCH 6 None MEM: 0.450179 MB
LDB: TIME 114.885 LOAD: AVG 0.0500264 MAX 0.0640836  PROXIES: TOTAL 26 MAXPE 4 MAXPATCH 8 RefineTorusLB MEM: 0.450179 MB
LDB: TIME 114.885 LOAD: AVG 0.0500264 MAX 0.054539  PROXIES: TOTAL 26 MAXPE 4 MAXPATCH 7 RefineTorusLB MEM: 0.450179 MB
LDB: ============== END OF LOAD BALANCING =============== 114.887
Info: useSync: 0 useProxySync: 0
LDB: =============== DONE WITH MIGRATION ================ 114.906
PRESSURE: 65000 -732.427 120.007 708.408 -0.804036 -739.367 304.616 908.655 92.098 -909.716
GPRESSURE: 65000 -581.411 128.68 564.129 -9.61275 -854.667 430.106 1015.26 54.2648 -837.67
PRESSAVG: 65000 -405.881 80.3163 41.1074 68.7277 -412.844 85.8297 43.6357 12.8217 -3.9268
GPRESSAVG: 65000 -405.976 80.4726 40.8207 68.2239 -412.297 86.3394 43.5578 12.8147 -4.08525
ENERGY:   65000         0.0000         0.0000         0.0000         0.0000          -5456.4108       360.8798         0.0000         0.0000       933.6604          -4161.8705       296.6157     -5095.5309     -4160.4710       306.9225           -793.8366      -757.9158     23479.9253      -274.2173      -274.1192

WRITING COORDINATES TO DCD FILE MDequil.dcd AT STEP 65000
LDB: ============= START OF LOAD BALANCING ============== 125.143
LDB: ============== END OF LOAD BALANCING =============== 125.143
Info: useSync: 0 useProxySync: 0
LDB: =============== DONE WITH MIGRATION ================ 125.143
LDB: ============= START OF LOAD BALANCING ============== 125.201
LDB: Largest compute 163 load 0.011575 is 24.1% of average load 0.047936
LDB: Average compute 0.003409 is 7.1% of average load 0.047936
LDB: TIME 125.202 LOAD: AVG 0.047936 MAX 0.0554716  PROXIES: TOTAL 24 MAXPE 4 MAXPATCH 6 None MEM: 0.450179 MB
LDB: TIME 125.202 LOAD: AVG 0.047936 MAX 0.0554716  PROXIES: TOTAL 26 MAXPE 4 MAXPATCH 7 RefineTorusLB MEM: 0.450179 MB
LDB: TIME 125.202 LOAD: AVG 0.047936 MAX 0.0522143  PROXIES: TOTAL 26 MAXPE 4 MAXPATCH 7 RefineTorusLB MEM: 0.450179 MB
LDB: ============== END OF LOAD BALANCING =============== 125.202
Info: useSync: 0 useProxySync: 0
LDB: =============== DONE WITH MIGRATION ================ 125.202
LDB: ============= START OF LOAD BALANCING ============== 127.783
LDB: ============== END OF LOAD BALANCING =============== 127.783
Info: useSync: 0 useProxySync: 0
LDB: =============== DONE WITH MIGRATION ================ 127.783
LDB: ============= START OF LOAD BALANCING ============== 127.843
LDB: Largest compute 163 load 0.011342 is 23.6% of average load 0.048096
LDB: Average compute 0.003424 is 7.1% of average load 0.048096
LDB: TIME 127.843 LOAD: AVG 0.0480958 MAX 0.0546973  PROXIES: TOTAL 24 MAXPE 4 MAXPATCH 6 None MEM: 0.450179 MB
LDB: TIME 127.843 LOAD: AVG 0.0480958 MAX 0.0546973  PROXIES: TOTAL 26 MAXPE 4 MAXPATCH 7 RefineTorusLB MEM: 0.450179 MB
LDB: TIME 127.843 LOAD: AVG 0.0480958 MAX 0.0523704  PROXIES: TOTAL 26 MAXPE 4 MAXPATCH 7 RefineTorusLB MEM: 0.450179 MB
LDB: ============== END OF LOAD BALANCING =============== 127.843
Info: useSync: 0 useProxySync: 0
LDB: =============== DONE WITH MIGRATION ================ 127.843
WRITING COORDINATES TO DCD FILE MDequil.dcd AT STEP 70000
PRESSURE: 70000 -151.249 210.608 47.8938 -139.512 -619.916 -32.8658 -94.998 9.55711 -740.973
GPRESSURE: 70000 -37.5379 110.368 -89.5949 -160.197 -727.443 -2.96104 240.712 113.145 -664.234
PRESSAVG: 70000 -471.213 -7.92909 -35.2366 -35.0961 -417.394 68.5221 -52.7056 36.6239 -0.238627
GPRESSAVG: 70000 -470.959 -7.72265 -35.1375 -35.0121 -417.609 68.3831 -52.6723 36.7341 -0.0825136
ENERGY:   70000         0.0000         0.0000         0.0000         0.0000          -5618.1044       394.2706         0.0000         0.0000       916.9960          -4306.8378       291.3216     -5223.8338     -4305.9307       299.3005           -504.0461      -476.4049     22862.0359      -296.2818      -296.2170

LDB: ============= START OF LOAD BALANCING ============== 130.196
LDB: ============== END OF LOAD BALANCING =============== 130.197
Info: useSync: 0 useProxySync: 0
LDB: =============== DONE WITH MIGRATION ================ 130.197
LDB: ============= START OF LOAD BALANCING ============== 130.257
LDB: Largest compute 163 load 0.011138 is 23.0% of average load 0.048514
LDB: Average compute 0.003455 is 7.1% of average load 0.048514
LDB: TIME 130.257 LOAD: AVG 0.0485139 MAX 0.0533533  PROXIES: TOTAL 24 MAXPE 4 MAXPATCH 6 None MEM: 0.450179 MB
LDB: TIME 130.257 LOAD: AVG 0.0485139 MAX 0.0533533  PROXIES: TOTAL 26 MAXPE 4 MAXPATCH 7 RefineTorusLB MEM: 0.450179 MB
LDB: TIME 130.257 LOAD: AVG 0.0485139 MAX 0.0524617  PROXIES: TOTAL 26 MAXPE 4 MAXPATCH 7 RefineTorusLB MEM: 0.450179 MB
LDB: ============== END OF LOAD BALANCING =============== 130.258
Info: useSync: 0 useProxySync: 0
LDB: =============== DONE WITH MIGRATION ================ 130.258
LDB: ============= START OF LOAD BALANCING ============== 132.762
LDB: ============== END OF LOAD BALANCING =============== 132.763
Info: useSync: 0 useProxySync: 0
LDB: =============== DONE WITH MIGRATION ================ 132.763
LDB: ============= START OF LOAD BALANCING ============== 132.829
LDB: Largest compute 163 load 0.012174 is 23.1% of average load 0.052644
LDB: Average compute 0.003733 is 7.1% of average load 0.052644
LDB: TIME 132.832 LOAD: AVG 0.0526437 MAX 0.0582102  PROXIES: TOTAL 24 MAXPE 4 MAXPATCH 6 None MEM: 0.450179 MB
LDB: TIME 132.832 LOAD: AVG 0.0526437 MAX 0.0582102  PROXIES: TOTAL 26 MAXPE 4 MAXPATCH 7 RefineTorusLB MEM: 0.450179 MB
LDB: TIME 132.832 LOAD: AVG 0.0526437 MAX 0.0572326  PROXIES: TOTAL 26 MAXPE 4 MAXPATCH 7 RefineTorusLB MEM: 0.450179 MB
LDB: ============== END OF LOAD BALANCING =============== 132.832
Info: useSync: 0 useProxySync: 0
LDB: =============== DONE WITH MIGRATION ================ 132.832
LDB: ============= START OF LOAD BALANCING ============== 135.453
LDB: ============== END OF LOAD BALANCING =============== 135.453
Info: useSync: 0 useProxySync: 0
LDB: =============== DONE WITH MIGRATION ================ 135.453
LDB: ============= START OF LOAD BALANCING ============== 135.52
LDB: Largest compute 162 load 0.012779 is 24.0% of average load 0.053287
LDB: Average compute 0.003785 is 7.1% of average load 0.053287
LDB: TIME 135.52 LOAD: AVG 0.0532871 MAX 0.0574007  PROXIES: TOTAL 24 MAXPE 4 MAXPATCH 6 None MEM: 0.450179 MB
LDB: TIME 135.52 LOAD: AVG 0.0532871 MAX 0.0574007  PROXIES: TOTAL 26 MAXPE 4 MAXPATCH 7 RefineTorusLB MEM: 0.450179 MB
LDB: TIME 135.52 LOAD: AVG 0.0532871 MAX 0.0574007  PROXIES: TOTAL 26 MAXPE 4 MAXPATCH 7 RefineTorusLB MEM: 0.450179 MB
LDB: ============== END OF LOAD BALANCING =============== 135.531
Info: useSync: 0 useProxySync: 0
LDB: =============== DONE WITH MIGRATION ================ 135.532
WRITING COORDINATES TO DCD FILE MDequil.dcd AT STEP 75000
PRESSURE: 75000 -922.751 -328.189 -137.068 252.709 -899.071 -603.602 32.5491 -424.88 -25.584
GPRESSURE: 75000 -1088.87 -345.934 -275.774 284.882 -683.814 -664.538 96.2623 -471.49 -5.06575
PRESSAVG: 75000 -374.111 7.21401 11.2316 -30.9115 -429.151 24.3926 81.7354 29.3416 1.91521
GPRESSAVG: 75000 -374.176 6.94263 11.6185 -31.2893 -428.656 24.4379 81.5577 29.7681 2.31056
ENERGY:   75000         0.0000         0.0000         0.0000         0.0000          -5588.4530       360.2633         0.0000         0.0000       937.5693          -4290.6204       297.8575     -5228.1897     -4287.9098       294.0349           -615.8021      -592.5838     22590.8189      -267.1157      -266.8403

LDB: ============= START OF LOAD BALANCING ============== 138.297
LDB: ============== END OF LOAD BALANCING =============== 138.297
Info: useSync: 0 useProxySync: 0
LDB: =============== DONE WITH MIGRATION ================ 138.3
LDB: ============= START OF LOAD BALANCING ============== 138.367
LDB: Largest compute 163 load 0.013575 is 25.1% of average load 0.054036
LDB: Average compute 0.003859 is 7.1% of average load 0.054036
LDB: TIME 138.367 LOAD: AVG 0.0540358 MAX 0.0596948  PROXIES: TOTAL 24 MAXPE 4 MAXPATCH 6 None MEM: 0.450179 MB
LDB: TIME 138.368 LOAD: AVG 0.0540358 MAX 0.0596948  PROXIES: TOTAL 26 MAXPE 4 MAXPATCH 7 RefineTorusLB MEM: 0.450179 MB
LDB: TIME 138.368 LOAD: AVG 0.0540358 MAX 0.0589359  PROXIES: TOTAL 26 MAXPE 4 MAXPATCH 7 RefineTorusLB MEM: 0.450179 MB
LDB: ============== END OF LOAD BALANCING =============== 138.368
Info: useSync: 0 useProxySync: 0
LDB: =============== DONE WITH MIGRATION ================ 138.368
LDB: ============= START OF LOAD BALANCING ============== 141.032
LDB: ============== END OF LOAD BALANCING =============== 141.033
Info: useSync: 0 useProxySync: 0
LDB: =============== DONE WITH MIGRATION ================ 141.033
LDB: ============= START OF LOAD BALANCING ============== 141.1
LDB: Largest compute 162 load 0.012822 is 24.0% of average load 0.053335
LDB: Average compute 0.003800 is 7.1% of average load 0.053335
LDB: TIME 141.101 LOAD: AVG 0.0533353 MAX 0.059941  PROXIES: TOTAL 24 MAXPE 4 MAXPATCH 6 None MEM: 0.450179 MB
LDB: TIME 141.101 LOAD: AVG 0.0533353 MAX 0.059941  PROXIES: TOTAL 26 MAXPE 4 MAXPATCH 7 RefineTorusLB MEM: 0.450179 MB
LDB: TIME 141.101 LOAD: AVG 0.0533353 MAX 0.0576347  PROXIES: TOTAL 26 MAXPE 4 MAXPATCH 7 RefineTorusLB MEM: 0.450179 MB
LDB: ============== END OF LOAD BALANCING =============== 141.101
Info: useSync: 0 useProxySync: 0
LDB: =============== DONE WITH MIGRATION ================ 141.101
WRITING COORDINATES TO DCD FILE MDequil.dcd AT STEP 80000
PRESSURE: 80000 -733.383 447.165 -692.763 537.367 -756.141 -240.429 -788.193 -367.783 -460.412
GPRESSURE: 80000 -824.322 697.399 -617.246 466.665 -714.976 -215.982 -999.997 -340.844 -370.561
PRESSAVG: 80000 -282.563 -13.6871 -10.4846 -15.3167 -354.563 6.8565 3.61692 -18.7487 -8.0198
GPRESSAVG: 80000 -282.663 -13.7647 -10.5522 -15.2053 -354.593 6.6382 3.666 -19.1067 -8.15109
ENERGY:   80000         0.0000         0.0000         0.0000         0.0000          -5614.0900       376.6510         0.0000         0.0000       958.5545          -4278.8845       304.5243     -5237.4390     -4277.5681       295.0547           -649.9787      -636.6196     22793.4839      -215.0487      -215.1358

LDB: ============= START OF LOAD BALANCING ============== 143.75
LDB: ============== END OF LOAD BALANCING =============== 143.75
Info: useSync: 0 useProxySync: 0
LDB: =============== DONE WITH MIGRATION ================ 143.75
LDB: ============= START OF LOAD BALANCING ============== 143.817
LDB: Largest compute 6 load 0.012830 is 24.3% of average load 0.052856
LDB: Average compute 0.003756 is 7.1% of average load 0.052856
LDB: TIME 143.817 LOAD: AVG 0.0528563 MAX 0.0582794  PROXIES: TOTAL 24 MAXPE 4 MAXPATCH 6 None MEM: 0.450179 MB
LDB: TIME 143.818 LOAD: AVG 0.0528563 MAX 0.0582794  PROXIES: TOTAL 26 MAXPE 4 MAXPATCH 7 RefineTorusLB MEM: 0.450179 MB
LDB: TIME 143.818 LOAD: AVG 0.0528563 MAX 0.057507  PROXIES: TOTAL 26 MAXPE 4 MAXPATCH 7 RefineTorusLB MEM: 0.450179 MB
LDB: ============== END OF LOAD BALANCING =============== 143.818
Info: useSync: 0 useProxySync: 0
LDB: =============== DONE WITH MIGRATION ================ 143.818
LDB: ============= START OF LOAD BALANCING ============== 146.455
LDB: ============== END OF LOAD BALANCING =============== 146.455
Info: useSync: 0 useProxySync: 0
LDB: =============== DONE WITH MIGRATION ================ 146.455
LDB: ============= START OF LOAD BALANCING ============== 146.522
LDB: Largest compute 6 load 0.012921 is 24.0% of average load 0.053900
LDB: Average compute 0.003845 is 7.1% of average load 0.053900
LDB: TIME 146.522 LOAD: AVG 0.0539004 MAX 0.0580432  PROXIES: TOTAL 24 MAXPE 4 MAXPATCH 6 None MEM: 0.450179 MB
LDB: TIME 146.523 LOAD: AVG 0.0539004 MAX 0.0580432  PROXIES: TOTAL 26 MAXPE 4 MAXPATCH 7 RefineTorusLB MEM: 0.450179 MB
LDB: TIME 146.523 LOAD: AVG 0.0539004 MAX 0.0580432  PROXIES: TOTAL 26 MAXPE 4 MAXPATCH 7 RefineTorusLB MEM: 0.450179 MB
LDB: ============== END OF LOAD BALANCING =============== 146.523
Info: useSync: 0 useProxySync: 0
LDB: =============== DONE WITH MIGRATION ================ 146.523
LDB: ============= START OF LOAD BALANCING ============== 149.17
LDB: ============== END OF LOAD BALANCING =============== 149.17
Info: useSync: 0 useProxySync: 0
LDB: =============== DONE WITH MIGRATION ================ 149.17
LDB: ============= START OF LOAD BALANCING ============== 149.238
LDB: Largest compute 6 load 0.013109 is 24.3% of average load 0.053882
LDB: Average compute 0.003838 is 7.1% of average load 0.053882
LDB: TIME 149.239 LOAD: AVG 0.053882 MAX 0.0595836  PROXIES: TOTAL 24 MAXPE 4 MAXPATCH 6 None MEM: 0.450179 MB
LDB: TIME 149.239 LOAD: AVG 0.053882 MAX 0.0595836  PROXIES: TOTAL 26 MAXPE 4 MAXPATCH 7 RefineTorusLB MEM: 0.450179 MB
LDB: TIME 149.239 LOAD: AVG 0.053882 MAX 0.0585847  PROXIES: TOTAL 26 MAXPE 4 MAXPATCH 7 RefineTorusLB MEM: 0.450179 MB
LDB: ============== END OF LOAD BALANCING =============== 149.239
Info: useSync: 0 useProxySync: 0
LDB: =============== DONE WITH MIGRATION ================ 149.239
WRITING COORDINATES TO DCD FILE MDequil.dcd AT STEP 85000
PRESSURE: 85000 -425.286 -277.035 340.201 -42.618 -475.764 -461.244 312.762 -827.128 -695.565
GPRESSURE: 85000 -512.445 -127.977 342.703 74.3023 -334.663 -621.207 480.741 -851.238 -723.103
PRESSAVG: 85000 -355.497 33.6728 10.2439 28.6335 -319.866 -64.9595 31.4918 -6.76143 10.4589
GPRESSAVG: 85000 -355.527 34.1898 10.0545 28.4371 -319.848 -64.6086 32.0379 -6.99217 10.277
ENERGY:   85000         0.0000         0.0000         0.0000         0.0000          -5610.6259       396.5722         0.0000         0.0000       943.4168          -4270.6369       299.7152     -5214.0537     -4267.5309       298.3352           -532.2048      -523.4035     22853.4648      -221.6345      -221.6996

LDB: ============= START OF LOAD BALANCING ============== 151.869
LDB: ============== END OF LOAD BALANCING =============== 151.869
Info: useSync: 0 useProxySync: 0
LDB: =============== DONE WITH MIGRATION ================ 151.869
LDB: ============= START OF LOAD BALANCING ============== 151.935
LDB: Largest compute 163 load 0.012693 is 23.8% of average load 0.053296
LDB: Average compute 0.003789 is 7.1% of average load 0.053296
LDB: TIME 151.935 LOAD: AVG 0.0532959 MAX 0.0580694  PROXIES: TOTAL 24 MAXPE 4 MAXPATCH 6 None MEM: 0.450179 MB
LDB: TIME 151.935 LOAD: AVG 0.0532959 MAX 0.0580694  PROXIES: TOTAL 26 MAXPE 4 MAXPATCH 7 RefineTorusLB MEM: 0.450179 MB
LDB: TIME 151.935 LOAD: AVG 0.0532959 MAX 0.0580694  PROXIES: TOTAL 26 MAXPE 4 MAXPATCH 7 RefineTorusLB MEM: 0.450179 MB
LDB: ============== END OF LOAD BALANCING =============== 151.935
Info: useSync: 0 useProxySync: 0
LDB: =============== DONE WITH MIGRATION ================ 151.935
LDB: ============= START OF LOAD BALANCING ============== 154.699
LDB: ============== END OF LOAD BALANCING =============== 154.699
Info: useSync: 0 useProxySync: 0
LDB: =============== DONE WITH MIGRATION ================ 154.699
LDB: ============= START OF LOAD BALANCING ============== 154.767
LDB: Largest compute 163 load 0.012248 is 22.6% of average load 0.054127
LDB: Average compute 0.003855 is 7.1% of average load 0.054127
LDB: TIME 154.767 LOAD: AVG 0.0541271 MAX 0.0586709  PROXIES: TOTAL 24 MAXPE 4 MAXPATCH 6 None MEM: 0.450179 MB
LDB: TIME 154.767 LOAD: AVG 0.0541271 MAX 0.0586709  PROXIES: TOTAL 26 MAXPE 4 MAXPATCH 7 RefineTorusLB MEM: 0.450179 MB
LDB: TIME 154.767 LOAD: AVG 0.0541271 MAX 0.0586709  PROXIES: TOTAL 26 MAXPE 4 MAXPATCH 7 RefineTorusLB MEM: 0.450179 MB
LDB: ============== END OF LOAD BALANCING =============== 154.767
Info: useSync: 0 useProxySync: 0
LDB: =============== DONE WITH MIGRATION ================ 154.767
WRITING COORDINATES TO DCD FILE MDequil.dcd AT STEP 90000
PRESSURE: 90000 -1260.2 234.294 -659.379 -102.347 -268.372 -48.127 -407.264 177.603 -313.711
GPRESSURE: 90000 -1237.3 366.908 -612.637 -51.1231 -107.584 -274.565 -214.843 325.064 -429.909
PRESSAVG: 90000 -311.86 7.68105 -9.15369 -23.4908 -239.37 10.4091 12.2881 8.36319 2.85837
GPRESSAVG: 90000 -311.728 7.10468 -9.14809 -23.1686 -239.359 10.2729 12.2851 8.44887 2.87689
ENERGY:   90000         0.0000         0.0000         0.0000         0.0000          -5616.5674       377.7053         0.0000         0.0000       923.3718          -4315.4903       293.3471     -5238.8621     -4312.9411       298.5359           -614.0929      -591.5982     22680.2545      -182.7904      -182.7367

LDB: ============= START OF LOAD BALANCING ============== 157.357
LDB: ============== END OF LOAD BALANCING =============== 157.357
Info: useSync: 0 useProxySync: 0
LDB: =============== DONE WITH MIGRATION ================ 157.357
LDB: ============= START OF LOAD BALANCING ============== 157.425
LDB: Largest compute 163 load 0.012207 is 22.6% of average load 0.053917
LDB: Average compute 0.003844 is 7.1% of average load 0.053917
LDB: TIME 157.425 LOAD: AVG 0.0539175 MAX 0.0579363  PROXIES: TOTAL 24 MAXPE 4 MAXPATCH 6 None MEM: 0.450179 MB
LDB: TIME 157.425 LOAD: AVG 0.0539175 MAX 0.0579363  PROXIES: TOTAL 26 MAXPE 4 MAXPATCH 7 RefineTorusLB MEM: 0.450179 MB
LDB: TIME 157.425 LOAD: AVG 0.0539175 MAX 0.0579363  PROXIES: TOTAL 26 MAXPE 4 MAXPATCH 7 RefineTorusLB MEM: 0.450179 MB
LDB: ============== END OF LOAD BALANCING =============== 157.425
Info: useSync: 0 useProxySync: 0
LDB: =============== DONE WITH MIGRATION ================ 157.426
LDB: ============= START OF LOAD BALANCING ============== 160.044
LDB: ============== END OF LOAD BALANCING =============== 160.044
Info: useSync: 0 useProxySync: 0
LDB: =============== DONE WITH MIGRATION ================ 160.047
LDB: ============= START OF LOAD BALANCING ============== 160.114
LDB: Largest compute 163 load 0.013697 is 25.1% of average load 0.054513
LDB: Average compute 0.003896 is 7.1% of average load 0.054513
LDB: TIME 160.114 LOAD: AVG 0.0545131 MAX 0.0606054  PROXIES: TOTAL 24 MAXPE 4 MAXPATCH 6 None MEM: 0.450179 MB
LDB: TIME 160.115 LOAD: AVG 0.0545131 MAX 0.0606054  PROXIES: TOTAL 26 MAXPE 4 MAXPATCH 7 RefineTorusLB MEM: 0.450179 MB
LDB: TIME 160.115 LOAD: AVG 0.0545131 MAX 0.0592872  PROXIES: TOTAL 26 MAXPE 4 MAXPATCH 7 RefineTorusLB MEM: 0.450179 MB
LDB: ============== END OF LOAD BALANCING =============== 160.115
Info: useSync: 0 useProxySync: 0
LDB: =============== DONE WITH MIGRATION ================ 160.115
LDB: ============= START OF LOAD BALANCING ============== 162.749
LDB: ============== END OF LOAD BALANCING =============== 162.749
Info: useSync: 0 useProxySync: 0
LDB: =============== DONE WITH MIGRATION ================ 162.749
LDB: ============= START OF LOAD BALANCING ============== 162.816
LDB: Largest compute 52 load 0.014344 is 26.7% of average load 0.053799
LDB: Average compute 0.003834 is 7.1% of average load 0.053799
LDB: TIME 162.817 LOAD: AVG 0.0537993 MAX 0.0577871  PROXIES: TOTAL 24 MAXPE 4 MAXPATCH 6 None MEM: 0.450179 MB
LDB: TIME 162.817 LOAD: AVG 0.0537993 MAX 0.0577871  PROXIES: TOTAL 26 MAXPE 4 MAXPATCH 7 RefineTorusLB MEM: 0.450179 MB
LDB: TIME 162.817 LOAD: AVG 0.0537993 MAX 0.0577871  PROXIES: TOTAL 26 MAXPE 4 MAXPATCH 7 RefineTorusLB MEM: 0.450179 MB
LDB: ============== END OF LOAD BALANCING =============== 162.817
Info: useSync: 0 useProxySync: 0
LDB: =============== DONE WITH MIGRATION ================ 162.817
WRITING COORDINATES TO DCD FILE MDequil.dcd AT STEP 95000
PRESSURE: 95000 -494.592 -78.6693 -171.497 -337.764 -592.18 134.077 -365.499 -326.036 -764.403
GPRESSURE: 95000 -417.86 -35.4488 -111.972 -513.938 -495.561 33.5722 -322.021 -308.175 -850.767
PRESSAVG: 95000 -346.55 12.5563 21.603 -29.6069 -465.821 -21.8565 -70.2881 -28.9361 -10.1258
GPRESSAVG: 95000 -346.595 12.3159 21.2163 -29.7392 -465.947 -21.8538 -70.175 -29.0157 -10.2417
ENERGY:   95000         0.0000         0.0000         0.0000         0.0000          -5584.6319       396.6115         0.0000         0.0000       947.0761          -4240.9442       300.8778     -5188.0204     -4238.2357       296.3973           -617.0583      -588.0628     23009.8227      -274.1656      -274.2613

LDB: ============= START OF LOAD BALANCING ============== 165.418
LDB: ============== END OF LOAD BALANCING =============== 165.418
Info: useSync: 0 useProxySync: 0
LDB: =============== DONE WITH MIGRATION ================ 165.42
LDB: ============= START OF LOAD BALANCING ============== 165.488
LDB: Largest compute 162 load 0.012717 is 23.7% of average load 0.053680
LDB: Average compute 0.003807 is 7.1% of average load 0.053680
LDB: TIME 165.488 LOAD: AVG 0.0536803 MAX 0.0578128  PROXIES: TOTAL 24 MAXPE 4 MAXPATCH 6 None MEM: 0.450179 MB
LDB: TIME 165.488 LOAD: AVG 0.0536803 MAX 0.0578128  PROXIES: TOTAL 26 MAXPE 4 MAXPATCH 7 RefineTorusLB MEM: 0.450179 MB
LDB: TIME 165.488 LOAD: AVG 0.0536803 MAX 0.0578128  PROXIES: TOTAL 26 MAXPE 4 MAXPATCH 7 RefineTorusLB MEM: 0.450179 MB
LDB: ============== END OF LOAD BALANCING =============== 165.488
Info: useSync: 0 useProxySync: 0
LDB: =============== DONE WITH MIGRATION ================ 165.488
LDB: ============= START OF LOAD BALANCING ============== 168.116
LDB: ============== END OF LOAD BALANCING =============== 168.116
Info: useSync: 0 useProxySync: 0
LDB: =============== DONE WITH MIGRATION ================ 168.116
LDB: ============= START OF LOAD BALANCING ============== 168.183
LDB: Largest compute 163 load 0.012955 is 23.9% of average load 0.054313
LDB: Average compute 0.003876 is 7.1% of average load 0.054313
LDB: TIME 168.184 LOAD: AVG 0.0543125 MAX 0.059108  PROXIES: TOTAL 24 MAXPE 4 MAXPATCH 6 None MEM: 0.450179 MB
LDB: TIME 168.184 LOAD: AVG 0.0543125 MAX 0.059108  PROXIES: TOTAL 26 MAXPE 4 MAXPATCH 7 RefineTorusLB MEM: 0.450179 MB
LDB: TIME 168.184 LOAD: AVG 0.0543125 MAX 0.059108  PROXIES: TOTAL 26 MAXPE 4 MAXPATCH 7 RefineTorusLB MEM: 0.450179 MB
LDB: ============== END OF LOAD BALANCING =============== 168.184
Info: useSync: 0 useProxySync: 0
LDB: =============== DONE WITH MIGRATION ================ 168.184
WRITING COORDINATES TO DCD FILE MDequil.dcd AT STEP 100000
WRITING COORDINATES TO RESTART FILE AT STEP 100000
FINISHED WRITING RESTART COORDINATES
PRESSURE: 100000 -793.328 285.27 196.385 -85.9491 58.7731 -339.725 596.476 197.097 -300.929
GPRESSURE: 100000 -774.48 236.197 160.713 -493.182 -88.9541 -381.041 471.909 385.48 -85.147
PRESSAVG: 100000 -395.131 -85.2022 68.6642 -7.89934 -369.13 37.5223 85.2832 9.54567 -6.37048
GPRESSAVG: 100000 -395.389 -84.913 69.1663 -8.3693 -369.274 36.8928 84.9651 9.62169 -6.24995
TIMING: 100000  CPU: 155.574, 0.00189581/step  Wall: 159.232, 0.00196337/step, 0.218153 hours remaining, 0.450179 MB of memory in use.
PERFORMANCE: 100000  averaging 108.525 ns/day, 0.00159226 sec/step with standard deviation 0.000524837
ETITLE:      TS           BOND          ANGLE          DIHED          IMPRP               ELECT            VDW       BOUNDARY           MISC        KINETIC               TOTAL           TEMP      POTENTIAL         TOTAL3        TEMPAVG            PRESSURE      GPRESSURE         VOLUME       PRESSAVG      GPRESSAVG

ENERGY:  100000         0.0000         0.0000         0.0000         0.0000          -5604.1323       379.2691         0.0000         0.0000       955.3982          -4269.4649       303.5216     -5224.8632     -4266.0117       297.0272           -345.1613      -316.1936     22848.6182      -256.8773      -256.9709

WRITING EXTENDED SYSTEM TO RESTART FILE AT STEP 100000
WRITING VELOCITIES TO RESTART FILE AT STEP 100000
FINISHED WRITING RESTART VELOCITIES
The last velocity output (seq=100000) takes 0.000 seconds, 0.450 MB of memory in use
LDB: ============= START OF LOAD BALANCING ============== 170.793
LDB: ============== END OF LOAD BALANCING =============== 170.793
Info: useSync: 0 useProxySync: 0
LDB: =============== DONE WITH MIGRATION ================ 170.793
LDB: ============= START OF LOAD BALANCING ============== 170.859
LDB: Largest compute 163 load 0.012390 is 23.3% of average load 0.053156
LDB: Average compute 0.003782 is 7.1% of average load 0.053156
LDB: TIME 170.859 LOAD: AVG 0.0531564 MAX 0.0568712  PROXIES: TOTAL 24 MAXPE 4 MAXPATCH 6 None MEM: 0.450179 MB
LDB: TIME 170.859 LOAD: AVG 0.0531564 MAX 0.0568712  PROXIES: TOTAL 26 MAXPE 4 MAXPATCH 7 RefineTorusLB MEM: 0.450179 MB
LDB: TIME 170.859 LOAD: AVG 0.0531564 MAX 0.0568712  PROXIES: TOTAL 26 MAXPE 4 MAXPATCH 7 RefineTorusLB MEM: 0.450179 MB
LDB: ============== END OF LOAD BALANCING =============== 170.859
Info: useSync: 0 useProxySync: 0
LDB: =============== DONE WITH MIGRATION ================ 170.859
LDB: ============= START OF LOAD BALANCING ============== 173.477
LDB: ============== END OF LOAD BALANCING =============== 173.478
Info: useSync: 0 useProxySync: 0
LDB: =============== DONE WITH MIGRATION ================ 173.478
LDB: ============= START OF LOAD BALANCING ============== 173.544
LDB: Largest compute 52 load 0.014137 is 26.2% of average load 0.053936
LDB: Average compute 0.003842 is 7.1% of average load 0.053936
LDB: TIME 173.544 LOAD: AVG 0.0539364 MAX 0.0586819  PROXIES: TOTAL 24 MAXPE 4 MAXPATCH 6 None MEM: 0.450179 MB
LDB: TIME 173.545 LOAD: AVG 0.0539364 MAX 0.0586819  PROXIES: TOTAL 26 MAXPE 4 MAXPATCH 7 RefineTorusLB MEM: 0.450179 MB
LDB: TIME 173.545 LOAD: AVG 0.0539364 MAX 0.0586819  PROXIES: TOTAL 26 MAXPE 4 MAXPATCH 7 RefineTorusLB MEM: 0.450179 MB
LDB: ============== END OF LOAD BALANCING =============== 173.545
Info: useSync: 0 useProxySync: 0
LDB: =============== DONE WITH MIGRATION ================ 173.545
LDB: ============= START OF LOAD BALANCING ============== 176.169
LDB: ============== END OF LOAD BALANCING =============== 176.169
Info: useSync: 0 useProxySync: 0
LDB: =============== DONE WITH MIGRATION ================ 176.193
LDB: ============= START OF LOAD BALANCING ============== 176.257
LDB: Largest compute 163 load 0.011923 is 23.3% of average load 0.051278
LDB: Average compute 0.003649 is 7.1% of average load 0.051278
LDB: TIME 176.257 LOAD: AVG 0.0512782 MAX 0.0561167  PROXIES: TOTAL 24 MAXPE 4 MAXPATCH 6 None MEM: 0.450179 MB
LDB: TIME 176.257 LOAD: AVG 0.0512782 MAX 0.0561167  PROXIES: TOTAL 26 MAXPE 4 MAXPATCH 7 RefineTorusLB MEM: 0.450179 MB
LDB: TIME 176.257 LOAD: AVG 0.0512782 MAX 0.0558855  PROXIES: TOTAL 26 MAXPE 4 MAXPATCH 7 RefineTorusLB MEM: 0.450179 MB
LDB: ============== END OF LOAD BALANCING =============== 176.257
Info: useSync: 0 useProxySync: 0
LDB: =============== DONE WITH MIGRATION ================ 176.258
WRITING COORDINATES TO DCD FILE MDequil.dcd AT STEP 105000
PRESSURE: 105000 385.016 -110.965 4.54391 -276.814 -489.817 174.4 -357.652 -463.45 352.436
GPRESSURE: 105000 357.451 -256.256 59.4925 -224.319 -501.889 234.191 -467.718 -657.02 391.857
PRESSAVG: 105000 -279.204 -3.27403 -36.1473 25.1143 -296.609 76.6867 50.9025 49.6624 22.4735
GPRESSAVG: 105000 -279.39 -3.13241 -36.2053 25.2735 -296.388 76.6247 50.7767 49.5465 22.3326
ENERGY:  105000         0.0000         0.0000         0.0000         0.0000          -5618.4552       404.3226         0.0000         0.0000       931.0762          -4283.0563       295.7947     -5214.1326     -4281.8541       297.9440             82.5451        82.4728     22643.7389      -184.4462      -184.4818

LDB: ============= START OF LOAD BALANCING ============== 178.85
LDB: ============== END OF LOAD BALANCING =============== 178.85
Info: useSync: 0 useProxySync: 0
LDB: =============== DONE WITH MIGRATION ================ 178.85
LDB: ============= START OF LOAD BALANCING ============== 178.918
LDB: Largest compute 6 load 0.011986 is 22.4% of average load 0.053574
LDB: Average compute 0.003824 is 7.1% of average load 0.053574
LDB: TIME 178.918 LOAD: AVG 0.0535744 MAX 0.0595964  PROXIES: TOTAL 24 MAXPE 4 MAXPATCH 6 None MEM: 0.450179 MB
LDB: TIME 178.918 LOAD: AVG 0.0535744 MAX 0.0595964  PROXIES: TOTAL 26 MAXPE 4 MAXPATCH 7 RefineTorusLB MEM: 0.450179 MB
LDB: TIME 178.918 LOAD: AVG 0.0535744 MAX 0.058226  PROXIES: TOTAL 26 MAXPE 4 MAXPATCH 7 RefineTorusLB MEM: 0.450179 MB
LDB: ============== END OF LOAD BALANCING =============== 178.918
Info: useSync: 0 useProxySync: 0
LDB: =============== DONE WITH MIGRATION ================ 178.918
LDB: ============= START OF LOAD BALANCING ============== 181.519
LDB: ============== END OF LOAD BALANCING =============== 181.519
Info: useSync: 0 useProxySync: 0
LDB: =============== DONE WITH MIGRATION ================ 181.519
LDB: ============= START OF LOAD BALANCING ============== 181.585
LDB: Largest compute 145 load 0.011992 is 22.7% of average load 0.052903
LDB: Average compute 0.003763 is 7.1% of average load 0.052903
LDB: TIME 181.585 LOAD: AVG 0.0529033 MAX 0.0562881  PROXIES: TOTAL 24 MAXPE 4 MAXPATCH 6 None MEM: 0.450179 MB
LDB: TIME 181.585 LOAD: AVG 0.0529033 MAX 0.0562881  PROXIES: TOTAL 26 MAXPE 4 MAXPATCH 7 RefineTorusLB MEM: 0.450179 MB
LDB: TIME 181.585 LOAD: AVG 0.0529033 MAX 0.0562881  PROXIES: TOTAL 26 MAXPE 4 MAXPATCH 7 RefineTorusLB MEM: 0.450179 MB
LDB: ============== END OF LOAD BALANCING =============== 181.585
Info: useSync: 0 useProxySync: 0
LDB: =============== DONE WITH MIGRATION ================ 181.586
WRITING COORDINATES TO DCD FILE MDequil.dcd AT STEP 110000
PRESSURE: 110000 124.113 -175.371 -186.131 -199.907 761.697 452.369 -288.442 -63.5444 -615.447
GPRESSURE: 110000 -11.7544 -10.2875 -7.59286 -211.873 844.196 632.974 -582.045 -552.64 -497.302
PRESSAVG: 110000 -356.818 -11.8679 2.4335 26.7465 -310.92 -13.9698 -61.5889 -64.226 -3.1822
GPRESSAVG: 110000 -356.447 -12.1167 2.61301 26.9659 -310.982 -13.2939 -61.2418 -64.5362 -3.46191
ENERGY:  110000         0.0000         0.0000         0.0000         0.0000          -5596.4224       430.1377         0.0000         0.0000       937.0095          -4229.2752       297.6797     -5166.2846     -4226.3227       298.7435             90.1210       111.7132     22699.7848      -223.6399      -223.6301

LDB: ============= START OF LOAD BALANCING ============== 184.164
LDB: ============== END OF LOAD BALANCING =============== 184.164
Info: useSync: 0 useProxySync: 0
LDB: =============== DONE WITH MIGRATION ================ 184.164
LDB: ============= START OF LOAD BALANCING ============== 184.23
LDB: Largest compute 52 load 0.013025 is 24.3% of average load 0.053501
LDB: Average compute 0.003813 is 7.1% of average load 0.053501
LDB: TIME 184.23 LOAD: AVG 0.0535013 MAX 0.0589168  PROXIES: TOTAL 24 MAXPE 4 MAXPATCH 6 None MEM: 0.450179 MB
LDB: TIME 184.23 LOAD: AVG 0.0535013 MAX 0.0589168  PROXIES: TOTAL 26 MAXPE 4 MAXPATCH 7 RefineTorusLB MEM: 0.450179 MB
LDB: TIME 184.23 LOAD: AVG 0.0535013 MAX 0.0583467  PROXIES: TOTAL 26 MAXPE 4 MAXPATCH 7 RefineTorusLB MEM: 0.450179 MB
LDB: ============== END OF LOAD BALANCING =============== 184.23
Info: useSync: 0 useProxySync: 0
LDB: =============== DONE WITH MIGRATION ================ 184.231
LDB: ============= START OF LOAD BALANCING ============== 186.857
LDB: ============== END OF LOAD BALANCING =============== 186.857
Info: useSync: 0 useProxySync: 0
LDB: =============== DONE WITH MIGRATION ================ 186.857
LDB: ============= START OF LOAD BALANCING ============== 186.925
LDB: Largest compute 6 load 0.012424 is 23.2% of average load 0.053450
LDB: Average compute 0.003811 is 7.1% of average load 0.053450
LDB: TIME 186.925 LOAD: AVG 0.0534501 MAX 0.0578909  PROXIES: TOTAL 24 MAXPE 4 MAXPATCH 6 None MEM: 0.450179 MB
LDB: TIME 186.925 LOAD: AVG 0.0534501 MAX 0.0578909  PROXIES: TOTAL 26 MAXPE 4 MAXPATCH 7 RefineTorusLB MEM: 0.450179 MB
LDB: TIME 186.925 LOAD: AVG 0.0534501 MAX 0.0578909  PROXIES: TOTAL 26 MAXPE 4 MAXPATCH 7 RefineTorusLB MEM: 0.450179 MB
LDB: ============== END OF LOAD BALANCING =============== 186.925
Info: useSync: 0 useProxySync: 0
LDB: =============== DONE WITH MIGRATION ================ 186.926
LDB: ============= START OF LOAD BALANCING ============== 189.555
LDB: ============== END OF LOAD BALANCING =============== 189.555
Info: useSync: 0 useProxySync: 0
LDB: =============== DONE WITH MIGRATION ================ 189.555
LDB: ============= START OF LOAD BALANCING ============== 189.622
LDB: Largest compute 162 load 0.012248 is 23.1% of average load 0.052949
LDB: Average compute 0.003768 is 7.1% of average load 0.052949
LDB: TIME 189.622 LOAD: AVG 0.0529487 MAX 0.0588141  PROXIES: TOTAL 24 MAXPE 4 MAXPATCH 6 None MEM: 0.450179 MB
LDB: TIME 189.622 LOAD: AVG 0.0529487 MAX 0.0588141  PROXIES: TOTAL 26 MAXPE 4 MAXPATCH 7 RefineTorusLB MEM: 0.450179 MB
LDB: TIME 189.622 LOAD: AVG 0.0529487 MAX 0.0575601  PROXIES: TOTAL 26 MAXPE 4 MAXPATCH 7 RefineTorusLB MEM: 0.450179 MB
LDB: ============== END OF LOAD BALANCING =============== 189.623
Info: useSync: 0 useProxySync: 0
LDB: =============== DONE WITH MIGRATION ================ 189.623
WRITING COORDINATES TO DCD FILE MDequil.dcd AT STEP 115000
PRESSURE: 115000 -733.825 -171.014 -284.167 -259.372 -563.514 123.724 -60.7531 101.267 437.273
GPRESSURE: 115000 -425.734 -146.596 -149.086 -270.585 -695.344 226.997 56.0871 80.4446 326.876
PRESSAVG: 115000 -373.77 8.37772 -17.7517 15.2831 -299.15 -71.964 -13.1277 -28.9227 21.148
GPRESSAVG: 115000 -374.021 8.11984 -17.746 15.5319 -298.873 -72.2947 -12.6756 -28.281 21.2914
ENERGY:  115000         0.0000         0.0000         0.0000         0.0000          -5642.1841       398.6612         0.0000         0.0000       937.8079          -4305.7150       297.9333     -5243.5229     -4303.1427       294.8913           -286.6888      -264.7340     22440.2512      -217.2574      -217.2009

LDB: ============= START OF LOAD BALANCING ============== 192.22
LDB: ============== END OF LOAD BALANCING =============== 192.22
Info: useSync: 0 useProxySync: 0
LDB: =============== DONE WITH MIGRATION ================ 192.22
LDB: ============= START OF LOAD BALANCING ============== 192.287
LDB: Largest compute 162 load 0.012666 is 23.6% of average load 0.053730
LDB: Average compute 0.003831 is 7.1% of average load 0.053730
LDB: TIME 192.287 LOAD: AVG 0.0537304 MAX 0.0581519  PROXIES: TOTAL 24 MAXPE 4 MAXPATCH 6 None MEM: 0.450179 MB
LDB: TIME 192.287 LOAD: AVG 0.0537304 MAX 0.0581519  PROXIES: TOTAL 26 MAXPE 4 MAXPATCH 7 RefineTorusLB MEM: 0.450179 MB
LDB: TIME 192.287 LOAD: AVG 0.0537304 MAX 0.0581519  PROXIES: TOTAL 26 MAXPE 4 MAXPATCH 7 RefineTorusLB MEM: 0.450179 MB
LDB: ============== END OF LOAD BALANCING =============== 192.287
Info: useSync: 0 useProxySync: 0
LDB: =============== DONE WITH MIGRATION ================ 192.287
LDB: ============= START OF LOAD BALANCING ============== 194.904
LDB: ============== END OF LOAD BALANCING =============== 194.904
Info: useSync: 0 useProxySync: 0
LDB: =============== DONE WITH MIGRATION ================ 194.904
LDB: ============= START OF LOAD BALANCING ============== 194.972
LDB: Largest compute 162 load 0.012895 is 24.0% of average load 0.053806
LDB: Average compute 0.003839 is 7.1% of average load 0.053806
LDB: TIME 194.972 LOAD: AVG 0.0538058 MAX 0.058844  PROXIES: TOTAL 24 MAXPE 4 MAXPATCH 6 None MEM: 0.450179 MB
LDB: TIME 194.972 LOAD: AVG 0.0538058 MAX 0.058844  PROXIES: TOTAL 26 MAXPE 4 MAXPATCH 7 RefineTorusLB MEM: 0.450179 MB
LDB: TIME 194.972 LOAD: AVG 0.0538058 MAX 0.0585911  PROXIES: TOTAL 26 MAXPE 4 MAXPATCH 7 RefineTorusLB MEM: 0.450179 MB
LDB: ============== END OF LOAD BALANCING =============== 194.973
Info: useSync: 0 useProxySync: 0
LDB: =============== DONE WITH MIGRATION ================ 194.973
PRESSURE: 120000 -1046.33 284.408 -533.689 135.517 -372.51 -312.779 -74.7311 325.754 1617.18
GPRESSURE: 120000 -1180.46 378.823 -433.301 233.1 -420.137 -361.676 -19.7697 384.676 1845.48
PRESSAVG: 120000 -332.765 3.43991 -14.7124 -9.45153 -259.176 17.9966 47.9035 52.7495 1.9039
GPRESSAVG: 120000 -332.773 3.68657 -14.7869 -9.52764 -259.216 17.7177 48.3152 52.3607 1.64374
ENERGY:  120000         0.0000         0.0000         0.0000         0.0000          -5627.7041       392.6588         0.0000         0.0000       948.3268          -4286.7185       301.2751     -5235.0453     -4284.6915       296.3428             66.1104        81.6279     22445.6412      -196.6789      -196.7819

WRITING COORDINATES TO DCD FILE MDequil.dcd AT STEP 120000
LDB: ============= START OF LOAD BALANCING ============== 197.738
LDB: ============== END OF LOAD BALANCING =============== 197.739
Info: useSync: 0 useProxySync: 0
LDB: =============== DONE WITH MIGRATION ================ 197.739
LDB: ============= START OF LOAD BALANCING ============== 197.805
LDB: Largest compute 162 load 0.013388 is 24.9% of average load 0.053825
LDB: Average compute 0.003836 is 7.1% of average load 0.053825
LDB: TIME 197.805 LOAD: AVG 0.0538252 MAX 0.0580474  PROXIES: TOTAL 24 MAXPE 4 MAXPATCH 6 None MEM: 0.450179 MB
LDB: TIME 197.805 LOAD: AVG 0.0538252 MAX 0.0580474  PROXIES: TOTAL 26 MAXPE 4 MAXPATCH 7 RefineTorusLB MEM: 0.450179 MB
LDB: TIME 197.805 LOAD: AVG 0.0538252 MAX 0.0580474  PROXIES: TOTAL 26 MAXPE 4 MAXPATCH 7 RefineTorusLB MEM: 0.450179 MB
LDB: ============== END OF LOAD BALANCING =============== 197.805
Info: useSync: 0 useProxySync: 0
LDB: =============== DONE WITH MIGRATION ================ 197.806
LDB: ============= START OF LOAD BALANCING ============== 200.403
LDB: ============== END OF LOAD BALANCING =============== 200.403
Info: useSync: 0 useProxySync: 0
LDB: =============== DONE WITH MIGRATION ================ 200.403
LDB: ============= START OF LOAD BALANCING ============== 200.47
LDB: Largest compute 145 load 0.012179 is 22.5% of average load 0.054173
LDB: Average compute 0.003853 is 7.1% of average load 0.054173
LDB: TIME 200.474 LOAD: AVG 0.0541734 MAX 0.0618001  PROXIES: TOTAL 24 MAXPE 4 MAXPATCH 6 None MEM: 0.450179 MB
LDB: TIME 200.474 LOAD: AVG 0.0541734 MAX 0.0618001  PROXIES: TOTAL 26 MAXPE 4 MAXPATCH 7 RefineTorusLB MEM: 0.450179 MB
LDB: TIME 200.474 LOAD: AVG 0.0541734 MAX 0.0589625  PROXIES: TOTAL 26 MAXPE 4 MAXPATCH 7 RefineTorusLB MEM: 0.450179 MB
LDB: ============== END OF LOAD BALANCING =============== 200.478
Info: useSync: 0 useProxySync: 0
LDB: =============== DONE WITH MIGRATION ================ 200.488
LDB: ============= START OF LOAD BALANCING ============== 203.041
LDB: ============== END OF LOAD BALANCING =============== 203.041
Info: useSync: 0 useProxySync: 0
LDB: =============== DONE WITH MIGRATION ================ 203.041
LDB: ============= START OF LOAD BALANCING ============== 203.12
LDB: Largest compute 161 load 0.013114 is 24.5% of average load 0.053604
LDB: Average compute 0.003777 is 7.0% of average load 0.053604
LDB: TIME 203.12 LOAD: AVG 0.0536036 MAX 0.0622706  PROXIES: TOTAL 24 MAXPE 4 MAXPATCH 6 None MEM: 0.450179 MB
LDB: TIME 203.12 LOAD: AVG 0.0536036 MAX 0.0622706  PROXIES: TOTAL 26 MAXPE 4 MAXPATCH 7 RefineTorusLB MEM: 0.450179 MB
LDB: TIME 203.12 LOAD: AVG 0.0536036 MAX 0.0584543  PROXIES: TOTAL 25 MAXPE 4 MAXPATCH 7 RefineTorusLB MEM: 0.450179 MB
LDB: ============== END OF LOAD BALANCING =============== 203.12
Info: useSync: 0 useProxySync: 0
LDB: =============== DONE WITH MIGRATION ================ 203.121
WRITING COORDINATES TO DCD FILE MDequil.dcd AT STEP 125000
PRESSURE: 125000 -776.261 226.91 160.228 429.25 -1341.64 54.936 108.829 468.742 -212.321
GPRESSURE: 125000 -796.704 239.667 46.6423 641.167 -1311.98 363.228 25.4342 -140.898 -190.676
PRESSAVG: 125000 -421.184 46.1285 3.87823 74.5875 -369.343 -56.757 14.1166 -50.5604 -4.63642
GPRESSAVG: 125000 -421.25 46.1335 3.56936 74.6699 -369.095 -56.3162 14.4592 -50.6937 -4.3272
ENERGY:  125000         0.0000         0.0000         0.0000         0.0000          -5508.4661       352.0227         0.0000         0.0000       954.9009          -4201.5425       303.3636     -5156.4434     -4200.2965       299.9607           -776.7391      -766.4540     22674.5648      -265.0546      -264.8907

LDB: ============= START OF LOAD BALANCING ============== 205.69
LDB: ============== END OF LOAD BALANCING =============== 205.69
Info: useSync: 0 useProxySync: 0
LDB: =============== DONE WITH MIGRATION ================ 205.69
LDB: ============= START OF LOAD BALANCING ============== 205.756
LDB: Largest compute 52 load 0.012140 is 22.4% of average load 0.054291
LDB: Average compute 0.003880 is 7.1% of average load 0.054291
LDB: TIME 205.757 LOAD: AVG 0.0542912 MAX 0.0591542  PROXIES: TOTAL 24 MAXPE 4 MAXPATCH 6 None MEM: 0.450179 MB
LDB: TIME 205.757 LOAD: AVG 0.0542912 MAX 0.0591542  PROXIES: TOTAL 25 MAXPE 4 MAXPATCH 7 RefineTorusLB MEM: 0.450179 MB
LDB: TIME 205.757 LOAD: AVG 0.0542912 MAX 0.0591542  PROXIES: TOTAL 25 MAXPE 4 MAXPATCH 7 RefineTorusLB MEM: 0.450179 MB
LDB: ============== END OF LOAD BALANCING =============== 205.757
Info: useSync: 0 useProxySync: 0
LDB: =============== DONE WITH MIGRATION ================ 205.757
LDB: ============= START OF LOAD BALANCING ============== 208.308
LDB: ============== END OF LOAD BALANCING =============== 208.32
Info: useSync: 0 useProxySync: 0
LDB: =============== DONE WITH MIGRATION ================ 208.32
LDB: ============= START OF LOAD BALANCING ============== 208.383
LDB: Largest compute 162 load 0.012468 is 23.9% of average load 0.052165
LDB: Average compute 0.003719 is 7.1% of average load 0.052165
LDB: TIME 208.384 LOAD: AVG 0.0521652 MAX 0.0564191  PROXIES: TOTAL 24 MAXPE 4 MAXPATCH 6 None MEM: 0.450179 MB
LDB: TIME 208.384 LOAD: AVG 0.0521652 MAX 0.0564191  PROXIES: TOTAL 25 MAXPE 4 MAXPATCH 7 RefineTorusLB MEM: 0.450179 MB
LDB: TIME 208.384 LOAD: AVG 0.0521652 MAX 0.0564191  PROXIES: TOTAL 25 MAXPE 4 MAXPATCH 7 RefineTorusLB MEM: 0.450179 MB
LDB: ============== END OF LOAD BALANCING =============== 208.384
Info: useSync: 0 useProxySync: 0
LDB: =============== DONE WITH MIGRATION ================ 208.384
WRITING COORDINATES TO DCD FILE MDequil.dcd AT STEP 130000
PRESSURE: 130000 -188.241 -336.863 -560.55 -551.241 -688.319 -253.468 -382.735 -168.19 456.397
GPRESSURE: 130000 -63.2249 -419.272 -465.515 -478.559 -707.658 -82.0669 -483.03 -291.829 461.276
PRESSAVG: 130000 -310.733 6.8602 47.2354 13.1294 -281.133 -51.6209 31.2934 20.497 -17.2743
GPRESSAVG: 130000 -310.674 6.40967 47.7453 13.2254 -281.256 -51.5916 31.0251 20.6468 -17.3108
ENERGY:  130000         0.0000         0.0000         0.0000         0.0000          -5677.8310       445.6479         0.0000         0.0000       909.5418          -4322.6413       288.9534     -5232.1830     -4320.2790       298.9406           -140.0544      -103.2022     22881.1980      -203.0467      -203.0802

LDB: ============= START OF LOAD BALANCING ============== 210.941
LDB: ============== END OF LOAD BALANCING =============== 210.941
Info: useSync: 0 useProxySync: 0
LDB: =============== DONE WITH MIGRATION ================ 210.942
LDB: ============= START OF LOAD BALANCING ============== 211.006
LDB: Largest compute 162 load 0.013358 is 25.0% of average load 0.053423
LDB: Average compute 0.003810 is 7.1% of average load 0.053423
LDB: TIME 211.006 LOAD: AVG 0.0534233 MAX 0.0577783  PROXIES: TOTAL 24 MAXPE 4 MAXPATCH 6 None MEM: 0.450179 MB
LDB: TIME 211.006 LOAD: AVG 0.0534233 MAX 0.0577783  PROXIES: TOTAL 25 MAXPE 4 MAXPATCH 7 RefineTorusLB MEM: 0.450179 MB
LDB: TIME 211.006 LOAD: AVG 0.0534233 MAX 0.0577783  PROXIES: TOTAL 25 MAXPE 4 MAXPATCH 7 RefineTorusLB MEM: 0.450179 MB
LDB: ============== END OF LOAD BALANCING =============== 211.007
Info: useSync: 0 useProxySync: 0
LDB: =============== DONE WITH MIGRATION ================ 211.007
LDB: ============= START OF LOAD BALANCING ============== 213.578
LDB: ============== END OF LOAD BALANCING =============== 213.589
Info: useSync: 0 useProxySync: 0
LDB: =============== DONE WITH MIGRATION ================ 213.589
LDB: ============= START OF LOAD BALANCING ============== 213.654
LDB: Largest compute 6 load 0.012246 is 23.5% of average load 0.052095
LDB: Average compute 0.003711 is 7.1% of average load 0.052095
LDB: TIME 213.654 LOAD: AVG 0.0520948 MAX 0.0567025  PROXIES: TOTAL 24 MAXPE 4 MAXPATCH 6 None MEM: 0.450179 MB
LDB: TIME 213.654 LOAD: AVG 0.0520948 MAX 0.0567025  PROXIES: TOTAL 25 MAXPE 4 MAXPATCH 7 RefineTorusLB MEM: 0.450179 MB
LDB: TIME 213.654 LOAD: AVG 0.0520948 MAX 0.0567025  PROXIES: TOTAL 25 MAXPE 4 MAXPATCH 7 RefineTorusLB MEM: 0.450179 MB
LDB: ============== END OF LOAD BALANCING =============== 213.654
Info: useSync: 0 useProxySync: 0
LDB: =============== DONE WITH MIGRATION ================ 213.654
LDB: ============= START OF LOAD BALANCING ============== 216.228
LDB: ============== END OF LOAD BALANCING =============== 216.228
Info: useSync: 0 useProxySync: 0
LDB: =============== DONE WITH MIGRATION ================ 216.228
LDB: ============= START OF LOAD BALANCING ============== 216.295
LDB: Largest compute 163 load 0.013004 is 24.2% of average load 0.053642
LDB: Average compute 0.003830 is 7.1% of average load 0.053642
LDB: TIME 216.295 LOAD: AVG 0.0536417 MAX 0.0602695  PROXIES: TOTAL 24 MAXPE 4 MAXPATCH 6 None MEM: 0.450179 MB
LDB: TIME 216.295 LOAD: AVG 0.0536417 MAX 0.0602695  PROXIES: TOTAL 25 MAXPE 4 MAXPATCH 7 RefineTorusLB MEM: 0.450179 MB
LDB: TIME 216.296 LOAD: AVG 0.0536417 MAX 0.0584849  PROXIES: TOTAL 25 MAXPE 4 MAXPATCH 7 RefineTorusLB MEM: 0.450179 MB
LDB: ============== END OF LOAD BALANCING =============== 216.296
Info: useSync: 0 useProxySync: 0
LDB: =============== DONE WITH MIGRATION ================ 216.296
WRITING COORDINATES TO DCD FILE MDequil.dcd AT STEP 135000
PRESSURE: 135000 -258.557 196.116 220.084 -142.596 277.424 -453.108 633.63 -130.272 960.847
GPRESSURE: 135000 -119.009 442.459 298.601 -457.509 280.91 -581.986 142.621 -171.892 889.09
PRESSAVG: 135000 -376.821 47.3315 -24.0829 45.4468 -388.606 27.713 -16.5353 111.394 -2.77907
GPRESSAVG: 135000 -377.081 47.7688 -24.59 45.3811 -388.166 27.9337 -16.588 110.999 -3.20161
ENERGY:  135000         0.0000         0.0000         0.0000         0.0000          -5699.3047       425.4883         0.0000         0.0000       950.3764          -4323.4400       301.9262     -5273.8164     -4321.6180       297.4248            326.5712       350.3300     22487.0329      -256.0685      -256.1496

LDB: ============= START OF LOAD BALANCING ============== 218.861
LDB: ============== END OF LOAD BALANCING =============== 218.862
Info: useSync: 0 useProxySync: 0
LDB: =============== DONE WITH MIGRATION ================ 218.862
LDB: ============= START OF LOAD BALANCING ============== 218.927
LDB: Largest compute 52 load 0.012202 is 22.9% of average load 0.053216
LDB: Average compute 0.003794 is 7.1% of average load 0.053216
LDB: TIME 218.927 LOAD: AVG 0.0532161 MAX 0.0575254  PROXIES: TOTAL 24 MAXPE 4 MAXPATCH 6 None MEM: 0.450179 MB
LDB: TIME 218.927 LOAD: AVG 0.0532161 MAX 0.0575254  PROXIES: TOTAL 25 MAXPE 4 MAXPATCH 7 RefineTorusLB MEM: 0.450179 MB
LDB: TIME 218.927 LOAD: AVG 0.0532161 MAX 0.0575254  PROXIES: TOTAL 25 MAXPE 4 MAXPATCH 7 RefineTorusLB MEM: 0.450179 MB
LDB: ============== END OF LOAD BALANCING =============== 218.927
Info: useSync: 0 useProxySync: 0
LDB: =============== DONE WITH MIGRATION ================ 218.928
LDB: ============= START OF LOAD BALANCING ============== 221.488
LDB: ============== END OF LOAD BALANCING =============== 221.489
Info: useSync: 0 useProxySync: 0
LDB: =============== DONE WITH MIGRATION ================ 221.489
LDB: ============= START OF LOAD BALANCING ============== 221.555
LDB: Largest compute 162 load 0.013016 is 24.2% of average load 0.053802
LDB: Average compute 0.003843 is 7.1% of average load 0.053802
LDB: TIME 221.555 LOAD: AVG 0.0538023 MAX 0.0588446  PROXIES: TOTAL 24 MAXPE 4 MAXPATCH 6 None MEM: 0.450179 MB
LDB: TIME 221.555 LOAD: AVG 0.0538023 MAX 0.0588446  PROXIES: TOTAL 25 MAXPE 4 MAXPATCH 7 RefineTorusLB MEM: 0.450179 MB
LDB: TIME 221.555 LOAD: AVG 0.0538023 MAX 0.0585881  PROXIES: TOTAL 25 MAXPE 4 MAXPATCH 7 RefineTorusLB MEM: 0.450179 MB
LDB: ============== END OF LOAD BALANCING =============== 221.555
Info: useSync: 0 useProxySync: 0
LDB: =============== DONE WITH MIGRATION ================ 221.556
WRITING COORDINATES TO DCD FILE MDequil.dcd AT STEP 140000
PRESSURE: 140000 338.93 102.243 137.651 745.01 538.196 342.094 -92.2101 112.846 992.274
GPRESSURE: 140000 289.027 182.11 406.069 627.699 620.828 548.883 -229.934 107.85 1027.73
PRESSAVG: 140000 -343.07 -11.6007 67.1571 49.0949 -316.693 -58.1788 44.6542 -40.2576 6.90504
GPRESSAVG: 140000 -342.734 -11.9621 66.8906 49.1486 -316.495 -58.3125 44.2879 -39.5262 6.8068
ENERGY:  140000         0.0000         0.0000         0.0000         0.0000          -5622.8908       412.3489         0.0000         0.0000       964.6082          -4245.9337       306.4476     -5210.5419     -4244.4546       295.7584            623.1335       645.8618     22282.1425      -217.6195      -217.4742

LDB: ============= START OF LOAD BALANCING ============== 224.138
LDB: ============== END OF LOAD BALANCING =============== 224.138
Info: useSync: 0 useProxySync: 0
LDB: =============== DONE WITH MIGRATION ================ 224.138
LDB: ============= START OF LOAD BALANCING ============== 224.204
LDB: Largest compute 162 load 0.012128 is 22.4% of average load 0.054208
LDB: Average compute 0.003878 is 7.2% of average load 0.054208
LDB: TIME 224.204 LOAD: AVG 0.0542083 MAX 0.0589489  PROXIES: TOTAL 24 MAXPE 4 MAXPATCH 6 None MEM: 0.450179 MB
LDB: TIME 224.204 LOAD: AVG 0.0542083 MAX 0.0589489  PROXIES: TOTAL 25 MAXPE 4 MAXPATCH 7 RefineTorusLB MEM: 0.450179 MB
LDB: TIME 224.204 LOAD: AVG 0.0542083 MAX 0.0589489  PROXIES: TOTAL 25 MAXPE 4 MAXPATCH 7 RefineTorusLB MEM: 0.450179 MB
LDB: ============== END OF LOAD BALANCING =============== 224.204
Info: useSync: 0 useProxySync: 0
LDB: =============== DONE WITH MIGRATION ================ 224.204
LDB: ============= START OF LOAD BALANCING ============== 226.752
LDB: ============== END OF LOAD BALANCING =============== 226.752
Info: useSync: 0 useProxySync: 0
LDB: =============== DONE WITH MIGRATION ================ 226.752
LDB: ============= START OF LOAD BALANCING ============== 226.817
LDB: Largest compute 163 load 0.011816 is 22.2% of average load 0.053311
LDB: Average compute 0.003805 is 7.1% of average load 0.053311
LDB: TIME 226.817 LOAD: AVG 0.0533107 MAX 0.0581401  PROXIES: TOTAL 24 MAXPE 4 MAXPATCH 6 None MEM: 0.450179 MB
LDB: TIME 226.817 LOAD: AVG 0.0533107 MAX 0.0581401  PROXIES: TOTAL 25 MAXPE 4 MAXPATCH 7 RefineTorusLB MEM: 0.450179 MB
LDB: TIME 226.817 LOAD: AVG 0.0533107 MAX 0.0581401  PROXIES: TOTAL 25 MAXPE 4 MAXPATCH 7 RefineTorusLB MEM: 0.450179 MB
LDB: ============== END OF LOAD BALANCING =============== 226.817
Info: useSync: 0 useProxySync: 0
LDB: =============== DONE WITH MIGRATION ================ 226.818
LDB: ============= START OF LOAD BALANCING ============== 229.368
LDB: ============== END OF LOAD BALANCING =============== 229.368
Info: useSync: 0 useProxySync: 0
LDB: =============== DONE WITH MIGRATION ================ 229.368
LDB: ============= START OF LOAD BALANCING ============== 229.433
LDB: Largest compute 162 load 0.012684 is 23.7% of average load 0.053440
LDB: Average compute 0.003811 is 7.1% of average load 0.053440
LDB: TIME 229.433 LOAD: AVG 0.0534398 MAX 0.0577277  PROXIES: TOTAL 24 MAXPE 4 MAXPATCH 6 None MEM: 0.450179 MB
LDB: TIME 229.433 LOAD: AVG 0.0534398 MAX 0.0577277  PROXIES: TOTAL 25 MAXPE 4 MAXPATCH 7 RefineTorusLB MEM: 0.450179 MB
LDB: TIME 229.433 LOAD: AVG 0.0534398 MAX 0.0577277  PROXIES: TOTAL 25 MAXPE 4 MAXPATCH 7 RefineTorusLB MEM: 0.450179 MB
LDB: ============== END OF LOAD BALANCING =============== 229.433
Info: useSync: 0 useProxySync: 0
LDB: =============== DONE WITH MIGRATION ================ 229.433
WRITING COORDINATES TO DCD FILE MDequil.dcd AT STEP 145000
PRESSURE: 145000 -534.713 -2.38647 -776.541 -353.982 -1092.35 -273.295 -698.007 -77.3756 -175.432
GPRESSURE: 145000 -450.782 228.559 -672.095 -546.66 -1073.52 -438.736 -680.847 28.6066 -244.421
PRESSAVG: 145000 -417.5 -67.5842 39.3693 -25.4281 -313.334 52.6637 34.3354 58.7429 -19.615
GPRESSAVG: 145000 -417.381 -67.3003 39.2749 -25.7959 -313.22 52.9346 34.1173 58.1218 -19.4742
ENERGY:  145000         0.0000         0.0000         0.0000         0.0000          -5648.1832       399.0992         0.0000         0.0000       950.1082          -4298.9757       301.8410     -5249.0840     -4295.8135       300.5634           -600.8300      -589.5732     22996.9590      -250.1496      -250.0251

LDB: ============= START OF LOAD BALANCING ============== 231.965
LDB: ============== END OF LOAD BALANCING =============== 231.965
Info: useSync: 0 useProxySync: 0
LDB: =============== DONE WITH MIGRATION ================ 231.965
LDB: ============= START OF LOAD BALANCING ============== 232.03
LDB: Largest compute 52 load 0.012914 is 24.1% of average load 0.053553
LDB: Average compute 0.003823 is 7.1% of average load 0.053553
LDB: TIME 232.03 LOAD: AVG 0.0535534 MAX 0.0588333  PROXIES: TOTAL 24 MAXPE 4 MAXPATCH 6 None MEM: 0.450179 MB
LDB: TIME 232.03 LOAD: AVG 0.0535534 MAX 0.0588333  PROXIES: TOTAL 25 MAXPE 4 MAXPATCH 7 RefineTorusLB MEM: 0.450179 MB
LDB: TIME 232.03 LOAD: AVG 0.0535534 MAX 0.0583214  PROXIES: TOTAL 25 MAXPE 4 MAXPATCH 7 RefineTorusLB MEM: 0.450179 MB
LDB: ============== END OF LOAD BALANCING =============== 232.03
Info: useSync: 0 useProxySync: 0
LDB: =============== DONE WITH MIGRATION ================ 232.031
LDB: ============= START OF LOAD BALANCING ============== 234.596
LDB: ============== END OF LOAD BALANCING =============== 234.597
Info: useSync: 0 useProxySync: 0
LDB: =============== DONE WITH MIGRATION ================ 234.597
LDB: ============= START OF LOAD BALANCING ============== 234.663
LDB: Largest compute 162 load 0.012879 is 23.7% of average load 0.054280
LDB: Average compute 0.003874 is 7.1% of average load 0.054280
LDB: TIME 234.663 LOAD: AVG 0.05428 MAX 0.0591723  PROXIES: TOTAL 24 MAXPE 4 MAXPATCH 6 None MEM: 0.450179 MB
LDB: TIME 234.663 LOAD: AVG 0.05428 MAX 0.0591723  PROXIES: TOTAL 25 MAXPE 4 MAXPATCH 7 RefineTorusLB MEM: 0.450179 MB
LDB: TIME 234.663 LOAD: AVG 0.05428 MAX 0.0591723  PROXIES: TOTAL 25 MAXPE 4 MAXPATCH 7 RefineTorusLB MEM: 0.450179 MB
LDB: ============== END OF LOAD BALANCING =============== 234.663
Info: useSync: 0 useProxySync: 0
LDB: =============== DONE WITH MIGRATION ================ 234.663
WRITING COORDINATES TO DCD FILE MDequil.dcd AT STEP 150000
WRITING COORDINATES TO RESTART FILE AT STEP 150000
FINISHED WRITING RESTART COORDINATES
WRITING VELOCITIES TO RESTART FILE AT STEP 150000
FINISHED WRITING RESTART VELOCITIES
The last velocity output (seq=150000) takes 0.000 seconds, 0.450 MB of memory in use
PRESSURE: 150000 -1.81949 21.234 -164.901 -142.727 -88.1695 287.501 -148.859 43.1195 1578.02
GPRESSURE: 150000 -290.219 -84.7688 -48.6507 -168.388 152.797 173.831 29.5345 347.225 1654.62
PRESSAVG: 150000 -274.916 -16.3743 -67.5487 -72.5741 -330.068 -77.3967 -18.5742 -6.08386 4.3088
GPRESSAVG: 150000 -274.699 -16.9065 -67.9452 -72.542 -330.238 -77.434 -18.6341 -5.88175 4.50563
TIMING: 150000  CPU: 221.817, 0.00132486/step  Wall: 225.71, 0.00132957/step, 0.129264 hours remaining, 0.450179 MB of memory in use.
PERFORMANCE: 150000  averaging 114.84 ns/day, 0.0015047 sec/step with standard deviation 0.000400908
ETITLE:      TS           BOND          ANGLE          DIHED          IMPRP               ELECT            VDW       BOUNDARY           MISC        KINETIC               TOTAL           TEMP      POTENTIAL         TOTAL3        TEMPAVG            PRESSURE      GPRESSURE         VOLUME       PRESSAVG      GPRESSAVG

ENERGY:  150000         0.0000         0.0000         0.0000         0.0000          -5654.1738       427.9580         0.0000         0.0000       934.8447          -4291.3711       296.9919     -5226.2157     -4288.2510       298.8898            496.0100       505.7337     22488.3131      -200.2249      -200.1436

WRITING EXTENDED SYSTEM TO RESTART FILE AT STEP 150000
LDB: ============= START OF LOAD BALANCING ============== 237.274
LDB: ============== END OF LOAD BALANCING =============== 237.274
Info: useSync: 0 useProxySync: 0
LDB: =============== DONE WITH MIGRATION ================ 237.274
LDB: ============= START OF LOAD BALANCING ============== 237.34
LDB: Largest compute 52 load 0.012722 is 23.7% of average load 0.053620
LDB: Average compute 0.003829 is 7.1% of average load 0.053620
LDB: TIME 237.34 LOAD: AVG 0.0536196 MAX 0.0583123  PROXIES: TOTAL 24 MAXPE 4 MAXPATCH 6 None MEM: 0.450179 MB
LDB: TIME 237.34 LOAD: AVG 0.0536196 MAX 0.0583123  PROXIES: TOTAL 25 MAXPE 4 MAXPATCH 7 RefineTorusLB MEM: 0.450179 MB
LDB: TIME 237.34 LOAD: AVG 0.0536196 MAX 0.0583123  PROXIES: TOTAL 25 MAXPE 4 MAXPATCH 7 RefineTorusLB MEM: 0.450179 MB
LDB: ============== END OF LOAD BALANCING =============== 237.34
Info: useSync: 0 useProxySync: 0
LDB: =============== DONE WITH MIGRATION ================ 237.341
LDB: ============= START OF LOAD BALANCING ============== 239.913
LDB: ============== END OF LOAD BALANCING =============== 239.914
Info: useSync: 0 useProxySync: 0
LDB: =============== DONE WITH MIGRATION ================ 239.914
LDB: ============= START OF LOAD BALANCING ============== 239.98
LDB: Largest compute 52 load 0.011885 is 22.3% of average load 0.053350
LDB: Average compute 0.003807 is 7.1% of average load 0.053350
LDB: TIME 239.98 LOAD: AVG 0.0533504 MAX 0.0587663  PROXIES: TOTAL 24 MAXPE 4 MAXPATCH 6 None MEM: 0.450179 MB
LDB: TIME 239.98 LOAD: AVG 0.0533504 MAX 0.0587663  PROXIES: TOTAL 25 MAXPE 4 MAXPATCH 7 RefineTorusLB MEM: 0.450179 MB
LDB: TIME 239.98 LOAD: AVG 0.0533504 MAX 0.0579575  PROXIES: TOTAL 25 MAXPE 4 MAXPATCH 7 RefineTorusLB MEM: 0.450179 MB
LDB: ============== END OF LOAD BALANCING =============== 239.98
Info: useSync: 0 useProxySync: 0
LDB: =============== DONE WITH MIGRATION ================ 239.98
LDB: ============= START OF LOAD BALANCING ============== 242.523
LDB: ============== END OF LOAD BALANCING =============== 242.523
Info: useSync: 0 useProxySync: 0
LDB: =============== DONE WITH MIGRATION ================ 242.523
LDB: ============= START OF LOAD BALANCING ============== 242.588
LDB: Largest compute 52 load 0.012840 is 24.2% of average load 0.053051
LDB: Average compute 0.003784 is 7.1% of average load 0.053051
LDB: TIME 242.588 LOAD: AVG 0.0530511 MAX 0.0573679  PROXIES: TOTAL 24 MAXPE 4 MAXPATCH 6 None MEM: 0.450179 MB
LDB: TIME 242.588 LOAD: AVG 0.0530511 MAX 0.0573679  PROXIES: TOTAL 25 MAXPE 4 MAXPATCH 7 RefineTorusLB MEM: 0.450179 MB
LDB: TIME 242.588 LOAD: AVG 0.0530511 MAX 0.0573679  PROXIES: TOTAL 25 MAXPE 4 MAXPATCH 7 RefineTorusLB MEM: 0.450179 MB
LDB: ============== END OF LOAD BALANCING =============== 242.593
Info: useSync: 0 useProxySync: 0
LDB: =============== DONE WITH MIGRATION ================ 242.6
WRITING COORDINATES TO DCD FILE MDequil.dcd AT STEP 155000
PRESSURE: 155000 -454.952 -733.006 198.577 -888.188 -1546.5 -734.309 85.413 -347.137 606.1
GPRESSURE: 155000 -362.43 -726.685 210.66 -793.807 -1351.9 -621.004 -62.2603 -269.815 386.689
PRESSAVG: 155000 -461.592 15.0049 50.1303 14.9762 -392.105 -61.283 29.974 -46.3754 2.19118
GPRESSAVG: 155000 -461.379 15.4951 50.1504 14.878 -392.007 -60.9299 29.6993 -46.9782 1.86399
ENERGY:  155000         0.0000         0.0000         0.0000         0.0000          -5658.9383       401.6177         0.0000         0.0000       926.3733          -4330.9473       294.3007     -5257.3206     -4327.2220       295.7918           -465.1166      -442.5471     22678.5012      -283.8353      -283.8406

LDB: ============= START OF LOAD BALANCING ============== 252.883
LDB: ============== END OF LOAD BALANCING =============== 252.885
Info: useSync: 0 useProxySync: 0
LDB: =============== DONE WITH MIGRATION ================ 252.897
LDB: ============= START OF LOAD BALANCING ============== 253.25
LDB: Largest compute 163 load 0.012222 is 22.6% of average load 0.054149
LDB: Average compute 0.003481 is 6.4% of average load 0.054149
LDB: TIME 253.257 LOAD: AVG 0.0541487 MAX 0.0996259  PROXIES: TOTAL 24 MAXPE 4 MAXPATCH 6 None MEM: 0.450179 MB
LDB: TIME 253.257 LOAD: AVG 0.0541487 MAX 0.0996259  PROXIES: TOTAL 25 MAXPE 4 MAXPATCH 7 RefineTorusLB MEM: 0.450179 MB
LDB: TIME 253.257 LOAD: AVG 0.0541487 MAX 0.0583746  PROXIES: TOTAL 26 MAXPE 4 MAXPATCH 8 RefineTorusLB MEM: 0.450179 MB
LDB: ============== END OF LOAD BALANCING =============== 253.263
Info: useSync: 0 useProxySync: 0
LDB: =============== DONE WITH MIGRATION ================ 253.328
LDB: ============= START OF LOAD BALANCING ============== 267.395
LDB: ============== END OF LOAD BALANCING =============== 267.399
Info: useSync: 0 useProxySync: 0
LDB: =============== DONE WITH MIGRATION ================ 267.424
LDB: ============= START OF LOAD BALANCING ============== 267.887
LDB: Largest compute 138 load 0.035172 is 61.1% of average load 0.057589
LDB: Average compute 0.003927 is 6.8% of average load 0.057589
LDB: TIME 267.894 LOAD: AVG 0.0575893 MAX 0.0827726  PROXIES: TOTAL 24 MAXPE 4 MAXPATCH 6 None MEM: 0.450179 MB
LDB: TIME 267.894 LOAD: AVG 0.0575893 MAX 0.0827726  PROXIES: TOTAL 26 MAXPE 4 MAXPATCH 8 RefineTorusLB MEM: 0.450179 MB
LDB: TIME 267.894 LOAD: AVG 0.0575893 MAX 0.0624697  PROXIES: TOTAL 26 MAXPE 4 MAXPATCH 8 RefineTorusLB MEM: 0.450179 MB
LDB: ============== END OF LOAD BALANCING =============== 267.897
Info: useSync: 0 useProxySync: 0
LDB: =============== DONE WITH MIGRATION ================ 267.961
PRESSURE: 160000 -811.847 -255.952 -297.767 -314.174 -761.771 -8.54587 -862.269 -117.484 -37.9345
GPRESSURE: 160000 -634.338 -154.065 -120.291 34.4089 -897.859 174.498 -915.157 -338.994 0.769438
PRESSAVG: 160000 -218.575 -1.1117 46.7112 -11.2514 -258.016 -28.9247 102.843 11.5365 13.233
GPRESSAVG: 160000 -218.429 -1.21599 46.1938 -11.4327 -257.935 -29.2934 103.079 11.8158 13.4454
ENERGY:  160000         0.0000         0.0000         0.0000         0.0000          -5621.4535       384.8902         0.0000         0.0000       984.3481          -4252.2152       312.7187     -5236.5633     -4249.8602       295.1768           -537.1840      -510.4756     22686.8870      -154.4528      -154.3064

WRITING COORDINATES TO DCD FILE MDequil.dcd AT STEP 160000
LDB: ============= START OF LOAD BALANCING ============== 285.686
LDB: ============== END OF LOAD BALANCING =============== 285.689
Info: useSync: 0 useProxySync: 0
LDB: =============== DONE WITH MIGRATION ================ 285.701
LDB: ============= START OF LOAD BALANCING ============== 286.352
LDB: Largest compute 52 load 0.012264 is 24.0% of average load 0.051120
LDB: Average compute 0.003352 is 6.6% of average load 0.051120
LDB: TIME 286.358 LOAD: AVG 0.0511204 MAX 0.0624803  PROXIES: TOTAL 24 MAXPE 4 MAXPATCH 6 None MEM: 0.450179 MB
LDB: TIME 286.358 LOAD: AVG 0.0511204 MAX 0.0624803  PROXIES: TOTAL 26 MAXPE 4 MAXPATCH 8 RefineTorusLB MEM: 0.450179 MB
LDB: TIME 286.358 LOAD: AVG 0.0511204 MAX 0.0556891  PROXIES: TOTAL 26 MAXPE 4 MAXPATCH 8 RefineTorusLB MEM: 0.450179 MB
LDB: ============== END OF LOAD BALANCING =============== 286.364
Info: useSync: 0 useProxySync: 0
LDB: =============== DONE WITH MIGRATION ================ 286.425
LDB: ============= START OF LOAD BALANCING ============== 304.121
LDB: ============== END OF LOAD BALANCING =============== 304.123
Info: useSync: 0 useProxySync: 0
LDB: =============== DONE WITH MIGRATION ================ 304.131
LDB: ============= START OF LOAD BALANCING ============== 304.687
LDB: Largest compute 146 load 0.012491 is 22.1% of average load 0.056530
LDB: Average compute 0.003633 is 6.4% of average load 0.056530
LDB: TIME 304.691 LOAD: AVG 0.0565305 MAX 0.0670492  PROXIES: TOTAL 24 MAXPE 4 MAXPATCH 6 None MEM: 0.450179 MB
LDB: TIME 304.691 LOAD: AVG 0.0565305 MAX 0.0670492  PROXIES: TOTAL 26 MAXPE 4 MAXPATCH 8 RefineTorusLB MEM: 0.450179 MB
LDB: TIME 304.691 LOAD: AVG 0.0565305 MAX 0.0614858  PROXIES: TOTAL 26 MAXPE 4 MAXPATCH 8 RefineTorusLB MEM: 0.450179 MB
LDB: ============== END OF LOAD BALANCING =============== 304.7
Info: useSync: 0 useProxySync: 0
LDB: =============== DONE WITH MIGRATION ================ 304.78
LDB: ============= START OF LOAD BALANCING ============== 308.42
LDB: ============== END OF LOAD BALANCING =============== 308.421
Info: useSync: 0 useProxySync: 0
LDB: =============== DONE WITH MIGRATION ================ 308.421
LDB: ============= START OF LOAD BALANCING ============== 308.483
LDB: Largest compute 163 load 0.012127 is 25.1% of average load 0.048352
LDB: Average compute 0.003447 is 7.1% of average load 0.048352
LDB: TIME 308.483 LOAD: AVG 0.0483524 MAX 0.0582185  PROXIES: TOTAL 24 MAXPE 4 MAXPATCH 6 None MEM: 0.450179 MB
LDB: TIME 308.483 LOAD: AVG 0.0483524 MAX 0.0582185  PROXIES: TOTAL 26 MAXPE 4 MAXPATCH 8 RefineTorusLB MEM: 0.450179 MB
LDB: TIME 308.484 LOAD: AVG 0.0483524 MAX 0.0527549  PROXIES: TOTAL 26 MAXPE 4 MAXPATCH 8 RefineTorusLB MEM: 0.450179 MB
LDB: ============== END OF LOAD BALANCING =============== 308.484
Info: useSync: 0 useProxySync: 0
LDB: =============== DONE WITH MIGRATION ================ 308.484
PRESSURE: 165000 -801.421 -279.887 -189.771 -107.852 -390.723 117.911 -220.283 -331.602 767.569
GPRESSURE: 165000 -705.555 -37.2829 50.8918 -21.5936 -204.593 168.892 -331.711 -139.337 521.618
PRESSAVG: 165000 -366.693 -75.9932 23.5376 -63.0789 -340.557 0.710374 -24.1875 -22.5726 9.05882
GPRESSAVG: 165000 -366.876 -76.1417 23.3723 -62.4252 -340.288 0.972808 -24.2913 -22.7672 9.03513
ENERGY:  165000         0.0000         0.0000         0.0000         0.0000          -5598.2245       376.9470         0.0000         0.0000       902.7597          -4318.5178       286.7988     -5221.2775     -4316.5510       298.2500           -141.5250      -129.5102     22565.4547      -232.7304      -232.7095

WRITING COORDINATES TO DCD FILE MDequil.dcd AT STEP 165000
LDB: ============= START OF LOAD BALANCING ============== 310.801
LDB: ============== END OF LOAD BALANCING =============== 310.801
Info: useSync: 0 useProxySync: 0
LDB: =============== DONE WITH MIGRATION ================ 310.801
LDB: ============= START OF LOAD BALANCING ============== 310.86
LDB: Largest compute 162 load 0.011564 is 23.9% of average load 0.048299
LDB: Average compute 0.003439 is 7.1% of average load 0.048299
LDB: TIME 310.861 LOAD: AVG 0.0482987 MAX 0.0542288  PROXIES: TOTAL 24 MAXPE 4 MAXPATCH 6 None MEM: 0.450179 MB
LDB: TIME 310.861 LOAD: AVG 0.0482987 MAX 0.0542288  PROXIES: TOTAL 26 MAXPE 4 MAXPATCH 8 RefineTorusLB MEM: 0.450179 MB
LDB: TIME 310.861 LOAD: AVG 0.0482987 MAX 0.0526811  PROXIES: TOTAL 26 MAXPE 4 MAXPATCH 8 RefineTorusLB MEM: 0.450179 MB
LDB: ============== END OF LOAD BALANCING =============== 310.861
Info: useSync: 0 useProxySync: 0
LDB: =============== DONE WITH MIGRATION ================ 310.861
LDB: ============= START OF LOAD BALANCING ============== 313.195
LDB: ============== END OF LOAD BALANCING =============== 313.195
Info: useSync: 0 useProxySync: 0
LDB: =============== DONE WITH MIGRATION ================ 313.195
LDB: ============= START OF LOAD BALANCING ============== 313.262
LDB: Largest compute 163 load 0.013372 is 24.7% of average load 0.054114
LDB: Average compute 0.003862 is 7.1% of average load 0.054114
LDB: TIME 313.262 LOAD: AVG 0.0541145 MAX 0.0607632  PROXIES: TOTAL 24 MAXPE 4 MAXPATCH 6 None MEM: 0.450179 MB
LDB: TIME 313.262 LOAD: AVG 0.0541145 MAX 0.0607632  PROXIES: TOTAL 26 MAXPE 4 MAXPATCH 8 RefineTorusLB MEM: 0.450179 MB
LDB: TIME 313.262 LOAD: AVG 0.0541145 MAX 0.0588344  PROXIES: TOTAL 27 MAXPE 4 MAXPATCH 8 RefineTorusLB MEM: 0.450179 MB
LDB: ============== END OF LOAD BALANCING =============== 313.262
Info: useSync: 0 useProxySync: 0
LDB: =============== DONE WITH MIGRATION ================ 313.263
WRITING COORDINATES TO DCD FILE MDequil.dcd AT STEP 170000
PRESSURE: 170000 -256.968 -292.424 887.081 -250.523 -407.938 -534.736 1101.41 -374.794 691.109
GPRESSURE: 170000 -129.498 -185.813 1045.59 -228.238 -384.813 -715.633 1060.98 -604.327 669.267
PRESSAVG: 170000 -290.847 -10.1406 -74.8408 31.8508 -234.519 21.2808 59.0929 12.9865 3.91104
GPRESSAVG: 170000 -290.853 -10.1762 -74.643 31.3222 -235.165 21.1116 59.2118 12.7664 3.69554
ENERGY:  170000         0.0000         0.0000         0.0000         0.0000          -5561.0859       387.3350         0.0000         0.0000       945.1391          -4228.6118       300.2624     -5173.7509     -4226.6177       298.3515              8.7341        51.6522     22793.7048      -173.8184      -174.1075

LDB: ============= START OF LOAD BALANCING ============== 315.858
LDB: ============== END OF LOAD BALANCING =============== 315.858
Info: useSync: 0 useProxySync: 0
LDB: =============== DONE WITH MIGRATION ================ 315.858
LDB: ============= START OF LOAD BALANCING ============== 315.923
LDB: Largest compute 163 load 0.012722 is 23.8% of average load 0.053534
LDB: Average compute 0.003807 is 7.1% of average load 0.053534
LDB: TIME 315.923 LOAD: AVG 0.0535343 MAX 0.0610109  PROXIES: TOTAL 24 MAXPE 4 MAXPATCH 6 None MEM: 0.450179 MB
LDB: TIME 315.923 LOAD: AVG 0.0535343 MAX 0.0610109  PROXIES: TOTAL 27 MAXPE 4 MAXPATCH 8 RefineTorusLB MEM: 0.450179 MB
LDB: TIME 315.923 LOAD: AVG 0.0535343 MAX 0.0576196  PROXIES: TOTAL 27 MAXPE 4 MAXPATCH 8 RefineTorusLB MEM: 0.450179 MB
LDB: ============== END OF LOAD BALANCING =============== 315.923
Info: useSync: 0 useProxySync: 0
LDB: =============== DONE WITH MIGRATION ================ 315.924
LDB: ============= START OF LOAD BALANCING ============== 318.544
LDB: ============== END OF LOAD BALANCING =============== 318.545
Info: useSync: 0 useProxySync: 0
LDB: =============== DONE WITH MIGRATION ================ 318.545
LDB: ============= START OF LOAD BALANCING ============== 318.609
LDB: Largest compute 162 load 0.012522 is 23.5% of average load 0.053234
LDB: Average compute 0.003783 is 7.1% of average load 0.053234
LDB: TIME 318.609 LOAD: AVG 0.0532338 MAX 0.059439  PROXIES: TOTAL 24 MAXPE 4 MAXPATCH 6 None MEM: 0.450179 MB
LDB: TIME 318.609 LOAD: AVG 0.0532338 MAX 0.059439  PROXIES: TOTAL 27 MAXPE 4 MAXPATCH 8 RefineTorusLB MEM: 0.450179 MB
LDB: TIME 318.609 LOAD: AVG 0.0532338 MAX 0.057916  PROXIES: TOTAL 27 MAXPE 4 MAXPATCH 8 RefineTorusLB MEM: 0.450179 MB
LDB: ============== END OF LOAD BALANCING =============== 318.61
Info: useSync: 0 useProxySync: 0
LDB: =============== DONE WITH MIGRATION ================ 318.61
LDB: ============= START OF LOAD BALANCING ============== 321.16
LDB: ============== END OF LOAD BALANCING =============== 321.16
Info: useSync: 0 useProxySync: 0
LDB: =============== DONE WITH MIGRATION ================ 321.16
LDB: ============= START OF LOAD BALANCING ============== 321.226
LDB: Largest compute 163 load 0.013978 is 25.8% of average load 0.054223
LDB: Average compute 0.003862 is 7.1% of average load 0.054223
LDB: TIME 321.226 LOAD: AVG 0.0542228 MAX 0.0588685  PROXIES: TOTAL 24 MAXPE 4 MAXPATCH 6 None MEM: 0.450179 MB
LDB: TIME 321.226 LOAD: AVG 0.0542228 MAX 0.0588685  PROXIES: TOTAL 27 MAXPE 4 MAXPATCH 8 RefineTorusLB MEM: 0.450179 MB
LDB: TIME 321.226 LOAD: AVG 0.0542228 MAX 0.0588685  PROXIES: TOTAL 27 MAXPE 4 MAXPATCH 8 RefineTorusLB MEM: 0.450179 MB
LDB: ============== END OF LOAD BALANCING =============== 321.226
Info: useSync: 0 useProxySync: 0
LDB: =============== DONE WITH MIGRATION ================ 321.226
WRITING COORDINATES TO DCD FILE MDequil.dcd AT STEP 175000
PRESSURE: 175000 398.711 623.152 -665.967 175.935 -105.363 91.8079 -344.039 147.218 244.172
GPRESSURE: 175000 328.582 274.47 -555.573 146.674 -6.52188 132.713 0.346238 -164.381 295.552
PRESSAVG: 175000 -259.846 32.6534 -65.1521 17.8244 -272.581 67.7708 -75.233 56.7453 -11.3071
GPRESSAVG: 175000 -259.912 32.3331 -65.1654 18.1037 -272.59 67.7678 -74.8242 56.5018 -11.2296
ENERGY:  175000         0.0000         0.0000         0.0000         0.0000          -5611.6198       413.9334         0.0000         0.0000       945.9240          -4251.7625       300.5117     -5197.6864     -4248.9482       298.9041            179.1733       205.8708     22627.0419      -181.2448      -181.2439

LDB: ============= START OF LOAD BALANCING ============== 323.777
LDB: ============== END OF LOAD BALANCING =============== 323.777
Info: useSync: 0 useProxySync: 0
LDB: =============== DONE WITH MIGRATION ================ 323.777
LDB: ============= START OF LOAD BALANCING ============== 323.842
LDB: Largest compute 163 load 0.013568 is 25.2% of average load 0.053889
LDB: Average compute 0.003840 is 7.1% of average load 0.053889
LDB: TIME 323.842 LOAD: AVG 0.053889 MAX 0.058158  PROXIES: TOTAL 24 MAXPE 4 MAXPATCH 6 None MEM: 0.450179 MB
LDB: TIME 323.842 LOAD: AVG 0.053889 MAX 0.058158  PROXIES: TOTAL 27 MAXPE 4 MAXPATCH 8 RefineTorusLB MEM: 0.450179 MB
LDB: TIME 323.842 LOAD: AVG 0.053889 MAX 0.058158  PROXIES: TOTAL 27 MAXPE 4 MAXPATCH 8 RefineTorusLB MEM: 0.450179 MB
LDB: ============== END OF LOAD BALANCING =============== 323.843
Info: useSync: 0 useProxySync: 0
LDB: =============== DONE WITH MIGRATION ================ 323.843
LDB: ============= START OF LOAD BALANCING ============== 326.402
LDB: ============== END OF LOAD BALANCING =============== 326.402
Info: useSync: 0 useProxySync: 0
LDB: =============== DONE WITH MIGRATION ================ 326.403
LDB: ============= START OF LOAD BALANCING ============== 326.468
LDB: Largest compute 162 load 0.012413 is 22.9% of average load 0.054097
LDB: Average compute 0.003851 is 7.1% of average load 0.054097
LDB: TIME 326.468 LOAD: AVG 0.0540968 MAX 0.0591854  PROXIES: TOTAL 24 MAXPE 4 MAXPATCH 6 None MEM: 0.450179 MB
LDB: TIME 326.468 LOAD: AVG 0.0540968 MAX 0.0591854  PROXIES: TOTAL 27 MAXPE 4 MAXPATCH 8 RefineTorusLB MEM: 0.450179 MB
LDB: TIME 326.468 LOAD: AVG 0.0540968 MAX 0.0582252  PROXIES: TOTAL 27 MAXPE 4 MAXPATCH 8 RefineTorusLB MEM: 0.450179 MB
LDB: ============== END OF LOAD BALANCING =============== 326.468
Info: useSync: 0 useProxySync: 0
LDB: =============== DONE WITH MIGRATION ================ 326.468
WRITING COORDINATES TO DCD FILE MDequil.dcd AT STEP 180000
PRESSURE: 180000 -248.288 22.1263 -605.524 8.24281 -614.763 75.5763 -1059.38 373.428 1742.63
GPRESSURE: 180000 -151.035 379.064 -663.243 -134.832 -550.547 88.8097 -835.298 345.955 1689.63
PRESSAVG: 180000 -283.507 13.6187 0.164869 42.7524 -266.497 -11.9851 72.5798 61.4158 -6.89815
GPRESSAVG: 180000 -283.336 13.6511 0.183077 42.6 -266.254 -11.5673 72.2089 62.2879 -6.88736
ENERGY:  180000         0.0000         0.0000         0.0000         0.0000          -5647.9806       411.7991         0.0000         0.0000       913.6356          -4322.5459       290.2540     -5236.1815     -4320.6818       301.9919            293.1916       329.3496     22503.9051      -185.6341      -185.4924

LDB: ============= START OF LOAD BALANCING ============== 329.026
LDB: ============== END OF LOAD BALANCING =============== 329.027
Info: useSync: 0 useProxySync: 0
LDB: =============== DONE WITH MIGRATION ================ 329.027
LDB: ============= START OF LOAD BALANCING ============== 329.092
LDB: Largest compute 162 load 0.013694 is 25.1% of average load 0.054520
LDB: Average compute 0.003885 is 7.1% of average load 0.054520
LDB: TIME 329.093 LOAD: AVG 0.0545201 MAX 0.0581198  PROXIES: TOTAL 24 MAXPE 4 MAXPATCH 6 None MEM: 0.450179 MB
LDB: TIME 329.093 LOAD: AVG 0.0545201 MAX 0.0581198  PROXIES: TOTAL 27 MAXPE 4 MAXPATCH 8 RefineTorusLB MEM: 0.450179 MB
LDB: TIME 329.093 LOAD: AVG 0.0545201 MAX 0.0581198  PROXIES: TOTAL 27 MAXPE 4 MAXPATCH 8 RefineTorusLB MEM: 0.450179 MB
LDB: ============== END OF LOAD BALANCING =============== 329.093
Info: useSync: 0 useProxySync: 0
LDB: =============== DONE WITH MIGRATION ================ 329.093
LDB: ============= START OF LOAD BALANCING ============== 331.682
LDB: ============== END OF LOAD BALANCING =============== 331.682
Info: useSync: 0 useProxySync: 0
LDB: =============== DONE WITH MIGRATION ================ 331.682
LDB: ============= START OF LOAD BALANCING ============== 331.749
LDB: Largest compute 162 load 0.013562 is 24.7% of average load 0.054961
LDB: Average compute 0.003923 is 7.1% of average load 0.054961
LDB: TIME 331.749 LOAD: AVG 0.0549614 MAX 0.0585924  PROXIES: TOTAL 24 MAXPE 4 MAXPATCH 6 None MEM: 0.450179 MB
LDB: TIME 331.749 LOAD: AVG 0.0549614 MAX 0.0585924  PROXIES: TOTAL 27 MAXPE 4 MAXPATCH 8 RefineTorusLB MEM: 0.450179 MB
LDB: TIME 331.749 LOAD: AVG 0.0549614 MAX 0.0585924  PROXIES: TOTAL 27 MAXPE 4 MAXPATCH 8 RefineTorusLB MEM: 0.450179 MB
LDB: ============== END OF LOAD BALANCING =============== 331.749
Info: useSync: 0 useProxySync: 0
LDB: =============== DONE WITH MIGRATION ================ 331.749
LDB: ============= START OF LOAD BALANCING ============== 334.293
LDB: ============== END OF LOAD BALANCING =============== 334.293
Info: useSync: 0 useProxySync: 0
LDB: =============== DONE WITH MIGRATION ================ 334.293
LDB: ============= START OF LOAD BALANCING ============== 334.358
LDB: Largest compute 163 load 0.013885 is 25.5% of average load 0.054541
LDB: Average compute 0.003888 is 7.1% of average load 0.054541
LDB: TIME 334.358 LOAD: AVG 0.0545413 MAX 0.0583477  PROXIES: TOTAL 24 MAXPE 4 MAXPATCH 6 None MEM: 0.450179 MB
LDB: TIME 334.359 LOAD: AVG 0.0545413 MAX 0.0583477  PROXIES: TOTAL 27 MAXPE 4 MAXPATCH 8 RefineTorusLB MEM: 0.450179 MB
LDB: TIME 334.359 LOAD: AVG 0.0545413 MAX 0.0583477  PROXIES: TOTAL 27 MAXPE 4 MAXPATCH 8 RefineTorusLB MEM: 0.450179 MB
LDB: ============== END OF LOAD BALANCING =============== 334.359
Info: useSync: 0 useProxySync: 0
LDB: =============== DONE WITH MIGRATION ================ 334.359
WRITING COORDINATES TO DCD FILE MDequil.dcd AT STEP 185000
PRESSURE: 185000 109.674 86.9001 624.993 -1.86903 -284.495 -124.552 237.801 -191.444 -834.211
GPRESSURE: 185000 33.199 93.9412 509.277 -122.527 -225.306 -25.7941 177.182 -87.0903 -751.739
PRESSAVG: 185000 -341.995 29.0606 16.8749 -22.7172 -389.469 26.714 -37.7166 -0.865996 -9.782
GPRESSAVG: 185000 -341.926 29.1466 16.501 -22.5733 -389.641 26.6466 -37.4582 -0.937202 -9.74579
ENERGY:  185000         0.0000         0.0000         0.0000         0.0000          -5587.9434       378.4383         0.0000         0.0000       914.0213          -4295.4838       290.3766     -5209.5051     -4293.6921       295.9389           -336.3441      -314.6152     22737.3529      -247.0820      -247.1040

LDB: ============= START OF LOAD BALANCING ============== 337.063
LDB: ============== END OF LOAD BALANCING =============== 337.064
Info: useSync: 0 useProxySync: 0
LDB: =============== DONE WITH MIGRATION ================ 337.064
LDB: ============= START OF LOAD BALANCING ============== 337.131
LDB: Largest compute 162 load 0.012901 is 23.4% of average load 0.055202
LDB: Average compute 0.003941 is 7.1% of average load 0.055202
LDB: TIME 337.131 LOAD: AVG 0.0552023 MAX 0.061399  PROXIES: TOTAL 24 MAXPE 4 MAXPATCH 6 None MEM: 0.450179 MB
LDB: TIME 337.131 LOAD: AVG 0.0552023 MAX 0.061399  PROXIES: TOTAL 27 MAXPE 4 MAXPATCH 8 RefineTorusLB MEM: 0.450179 MB
LDB: TIME 337.131 LOAD: AVG 0.0552023 MAX 0.0593824  PROXIES: TOTAL 27 MAXPE 4 MAXPATCH 8 RefineTorusLB MEM: 0.450179 MB
LDB: ============== END OF LOAD BALANCING =============== 337.131
Info: useSync: 0 useProxySync: 0
LDB: =============== DONE WITH MIGRATION ================ 337.131
LDB: ============= START OF LOAD BALANCING ============== 339.696
LDB: ============== END OF LOAD BALANCING =============== 339.697
Info: useSync: 0 useProxySync: 0
LDB: =============== DONE WITH MIGRATION ================ 339.697
LDB: ============= START OF LOAD BALANCING ============== 339.761
LDB: Largest compute 162 load 0.012695 is 23.7% of average load 0.053528
LDB: Average compute 0.003810 is 7.1% of average load 0.053528
LDB: TIME 339.761 LOAD: AVG 0.053528 MAX 0.0585478  PROXIES: TOTAL 24 MAXPE 4 MAXPATCH 6 None MEM: 0.450179 MB
LDB: TIME 339.761 LOAD: AVG 0.053528 MAX 0.0585478  PROXIES: TOTAL 27 MAXPE 4 MAXPATCH 8 RefineTorusLB MEM: 0.450179 MB
LDB: TIME 339.761 LOAD: AVG 0.053528 MAX 0.0582924  PROXIES: TOTAL 27 MAXPE 4 MAXPATCH 8 RefineTorusLB MEM: 0.450179 MB
LDB: ============== END OF LOAD BALANCING =============== 339.762
Info: useSync: 0 useProxySync: 0
LDB: =============== DONE WITH MIGRATION ================ 339.762
WRITING COORDINATES TO DCD FILE MDequil.dcd AT STEP 190000
PRESSURE: 190000 -1035.72 -530.189 -114.191 -267.891 -953.225 -92.8201 654.699 73.9496 887.755
GPRESSURE: 190000 -884.676 -362.9 -147.863 -425.971 -990.473 -117.817 801.096 238.738 799.812
PRESSAVG: 190000 -311.585 -48.7721 32.4656 -44.2182 -279.163 21.4937 53.629 49.3615 5.8992
GPRESSAVG: 190000 -311.269 -48.7798 32.4841 -44.0289 -278.99 21.0466 53.9645 49.8867 6.14354
ENERGY:  190000         0.0000         0.0000         0.0000         0.0000          -5658.5958       416.7917         0.0000         0.0000       967.6843          -4274.1198       307.4248     -5241.8040     -4271.4840       298.5028           -367.0619      -358.4454     22910.1521      -194.9496      -194.7052

LDB: ============= START OF LOAD BALANCING ============== 342.303
LDB: ============== END OF LOAD BALANCING =============== 342.303
Info: useSync: 0 useProxySync: 0
LDB: =============== DONE WITH MIGRATION ================ 342.304
LDB: ============= START OF LOAD BALANCING ============== 342.369
LDB: Largest compute 52 load 0.012612 is 23.4% of average load 0.053794
LDB: Average compute 0.003822 is 7.1% of average load 0.053794
LDB: TIME 342.369 LOAD: AVG 0.0537938 MAX 0.0585443  PROXIES: TOTAL 24 MAXPE 4 MAXPATCH 6 None MEM: 0.450179 MB
LDB: TIME 342.369 LOAD: AVG 0.0537938 MAX 0.0585443  PROXIES: TOTAL 27 MAXPE 4 MAXPATCH 8 RefineTorusLB MEM: 0.450179 MB
LDB: TIME 342.369 LOAD: AVG 0.0537938 MAX 0.0585443  PROXIES: TOTAL 27 MAXPE 4 MAXPATCH 8 RefineTorusLB MEM: 0.450179 MB
LDB: ============== END OF LOAD BALANCING =============== 342.369
Info: useSync: 0 useProxySync: 0
LDB: =============== DONE WITH MIGRATION ================ 342.369
LDB: ============= START OF LOAD BALANCING ============== 344.943
LDB: ============== END OF LOAD BALANCING =============== 344.943
Info: useSync: 0 useProxySync: 0
LDB: =============== DONE WITH MIGRATION ================ 344.943
LDB: ============= START OF LOAD BALANCING ============== 345.01
LDB: Largest compute 6 load 0.012808 is 23.5% of average load 0.054482
LDB: Average compute 0.003887 is 7.1% of average load 0.054482
LDB: TIME 345.01 LOAD: AVG 0.054482 MAX 0.0607536  PROXIES: TOTAL 24 MAXPE 4 MAXPATCH 6 None MEM: 0.450179 MB
LDB: TIME 345.01 LOAD: AVG 0.054482 MAX 0.0607536  PROXIES: TOTAL 27 MAXPE 4 MAXPATCH 8 RefineTorusLB MEM: 0.450179 MB
LDB: TIME 345.01 LOAD: AVG 0.054482 MAX 0.059388  PROXIES: TOTAL 27 MAXPE 4 MAXPATCH 8 RefineTorusLB MEM: 0.450179 MB
LDB: ============== END OF LOAD BALANCING =============== 345.01
Info: useSync: 0 useProxySync: 0
LDB: =============== DONE WITH MIGRATION ================ 345.011
LDB: ============= START OF LOAD BALANCING ============== 347.57
LDB: ============== END OF LOAD BALANCING =============== 347.573
Info: useSync: 0 useProxySync: 0
LDB: =============== DONE WITH MIGRATION ================ 347.573
LDB: ============= START OF LOAD BALANCING ============== 347.639
LDB: Largest compute 52 load 0.013781 is 25.4% of average load 0.054173
LDB: Average compute 0.003856 is 7.1% of average load 0.054173
LDB: TIME 347.639 LOAD: AVG 0.0541728 MAX 0.0589018  PROXIES: TOTAL 24 MAXPE 4 MAXPATCH 6 None MEM: 0.450179 MB
LDB: TIME 347.639 LOAD: AVG 0.0541728 MAX 0.0589018  PROXIES: TOTAL 27 MAXPE 4 MAXPATCH 8 RefineTorusLB MEM: 0.450179 MB
LDB: TIME 347.639 LOAD: AVG 0.0541728 MAX 0.0589018  PROXIES: TOTAL 27 MAXPE 4 MAXPATCH 8 RefineTorusLB MEM: 0.450179 MB
LDB: ============== END OF LOAD BALANCING =============== 347.64
Info: useSync: 0 useProxySync: 0
LDB: =============== DONE WITH MIGRATION ================ 347.64
WRITING COORDINATES TO DCD FILE MDequil.dcd AT STEP 195000
PRESSURE: 195000 -592.938 537.895 144.133 275.176 117.086 -42.9284 73.4546 -52.3006 -628.349
GPRESSURE: 195000 -496.747 490.133 -11.4946 312.162 88.3725 187.653 -148.428 -224.895 -655.023
PRESSAVG: 195000 -382.324 16.1384 3.27205 42.8429 -217.892 -1.24364 -13.5336 -5.08492 -5.14632
GPRESSAVG: 195000 -382.596 15.5739 3.03998 43.1826 -217.621 -0.890955 -13.6774 -5.42473 -5.32024
ENERGY:  195000         0.0000         0.0000         0.0000         0.0000          -5567.5624       394.2445         0.0000         0.0000       949.6874          -4223.6305       301.7073     -5173.3179     -4220.8641       299.9439           -368.0667      -354.4660     22880.4195      -201.7875      -201.8459

LDB: ============= START OF LOAD BALANCING ============== 350.201
LDB: ============== END OF LOAD BALANCING =============== 350.201
Info: useSync: 0 useProxySync: 0
LDB: =============== DONE WITH MIGRATION ================ 350.202
LDB: ============= START OF LOAD BALANCING ============== 350.268
LDB: Largest compute 162 load 0.013416 is 24.3% of average load 0.055168
LDB: Average compute 0.003942 is 7.1% of average load 0.055168
LDB: TIME 350.268 LOAD: AVG 0.055168 MAX 0.0615966  PROXIES: TOTAL 24 MAXPE 4 MAXPATCH 6 None MEM: 0.450179 MB
LDB: TIME 350.269 LOAD: AVG 0.055168 MAX 0.0615966  PROXIES: TOTAL 27 MAXPE 4 MAXPATCH 8 RefineTorusLB MEM: 0.450179 MB
LDB: TIME 350.269 LOAD: AVG 0.055168 MAX 0.0601742  PROXIES: TOTAL 27 MAXPE 4 MAXPATCH 8 RefineTorusLB MEM: 0.450179 MB
LDB: ============== END OF LOAD BALANCING =============== 350.269
Info: useSync: 0 useProxySync: 0
LDB: =============== DONE WITH MIGRATION ================ 350.269
LDB: ============= START OF LOAD BALANCING ============== 352.874
LDB: ============== END OF LOAD BALANCING =============== 352.874
Info: useSync: 0 useProxySync: 0
LDB: =============== DONE WITH MIGRATION ================ 352.874
LDB: ============= START OF LOAD BALANCING ============== 352.94
LDB: Largest compute 163 load 0.012952 is 23.9% of average load 0.054265
LDB: Average compute 0.003861 is 7.1% of average load 0.054265
LDB: TIME 352.941 LOAD: AVG 0.054265 MAX 0.0602235  PROXIES: TOTAL 24 MAXPE 4 MAXPATCH 6 None MEM: 0.450179 MB
LDB: TIME 352.941 LOAD: AVG 0.054265 MAX 0.0602235  PROXIES: TOTAL 27 MAXPE 4 MAXPATCH 8 RefineTorusLB MEM: 0.450179 MB
LDB: TIME 352.941 LOAD: AVG 0.054265 MAX 0.0592073  PROXIES: TOTAL 27 MAXPE 4 MAXPATCH 8 RefineTorusLB MEM: 0.450179 MB
LDB: ============== END OF LOAD BALANCING =============== 352.941
Info: useSync: 0 useProxySync: 0
LDB: =============== DONE WITH MIGRATION ================ 352.941
WRITING COORDINATES TO DCD FILE MDequil.dcd AT STEP 200000
WRITING COORDINATES TO RESTART FILE AT STEP 200000
FINISHED WRITING RESTART COORDINATES
WRITING VELOCITIES TO RESTART FILE AT STEP 200000
FINISHED WRITING RESTART VELOCITIES
The last velocity output (seq=200000) takes 0.000 seconds, 0.450 MB of memory in use
PRESSURE: 200000 -8.11151 453.418 -70.8184 271.698 -489.634 -26.1841 18.7497 -234.066 36.0811
GPRESSURE: 200000 149.299 526.947 -239.926 150.596 -537.475 393.256 63.1621 -667.187 15.9464
PRESSAVG: 200000 -292.36 5.22828 63.3053 -7.53874 -280.282 -81.6785 -20.6893 -74.1825 10.1966
GPRESSAVG: 200000 -292.566 5.21177 63.2489 -7.87083 -280.238 -81.8805 -20.9281 -74.7177 10.3988
TIMING: 200000  CPU: 331.822, 0.00220009/step  Wall: 343.953, 0.00236484/step, 0.19707 hours remaining, 0.450179 MB of memory in use.
PERFORMANCE: 200000  averaging 100.481 ns/day, 0.00171973 sec/step with standard deviation 0.000540476
ETITLE:      TS           BOND          ANGLE          DIHED          IMPRP               ELECT            VDW       BOUNDARY           MISC        KINETIC               TOTAL           TEMP      POTENTIAL         TOTAL3        TEMPAVG            PRESSURE      GPRESSURE         VOLUME       PRESSAVG      GPRESSAVG

ENERGY:  200000         0.0000         0.0000         0.0000         0.0000          -5692.6560       412.5765         0.0000         0.0000       960.1297          -4319.9498       305.0248     -5280.0795     -4318.7998       294.6083           -153.8881      -124.0762     22528.2089      -187.4820      -187.4685

WRITING EXTENDED SYSTEM TO RESTART FILE AT STEP 200000
LDB: ============= START OF LOAD BALANCING ============== 355.514
LDB: ============== END OF LOAD BALANCING =============== 355.514
Info: useSync: 0 useProxySync: 0
LDB: =============== DONE WITH MIGRATION ================ 355.515
LDB: ============= START OF LOAD BALANCING ============== 355.58
LDB: Largest compute 52 load 0.013134 is 24.2% of average load 0.054262
LDB: Average compute 0.003866 is 7.1% of average load 0.054262
LDB: TIME 355.581 LOAD: AVG 0.0542619 MAX 0.0596962  PROXIES: TOTAL 24 MAXPE 4 MAXPATCH 6 None MEM: 0.450179 MB
LDB: TIME 355.581 LOAD: AVG 0.0542619 MAX 0.0596962  PROXIES: TOTAL 27 MAXPE 4 MAXPATCH 8 RefineTorusLB MEM: 0.450179 MB
LDB: TIME 355.581 LOAD: AVG 0.0542619 MAX 0.0591115  PROXIES: TOTAL 27 MAXPE 4 MAXPATCH 8 RefineTorusLB MEM: 0.450179 MB
LDB: ============== END OF LOAD BALANCING =============== 355.581
Info: useSync: 0 useProxySync: 0
LDB: =============== DONE WITH MIGRATION ================ 355.581
LDB: ============= START OF LOAD BALANCING ============== 358.143
LDB: ============== END OF LOAD BALANCING =============== 358.143
Info: useSync: 0 useProxySync: 0
LDB: =============== DONE WITH MIGRATION ================ 358.143
LDB: ============= START OF LOAD BALANCING ============== 358.211
LDB: Largest compute 52 load 0.013448 is 24.8% of average load 0.054308
LDB: Average compute 0.003847 is 7.1% of average load 0.054308
LDB: TIME 358.211 LOAD: AVG 0.0543079 MAX 0.0585358  PROXIES: TOTAL 24 MAXPE 4 MAXPATCH 6 None MEM: 0.450179 MB
LDB: TIME 358.211 LOAD: AVG 0.0543079 MAX 0.0585358  PROXIES: TOTAL 27 MAXPE 4 MAXPATCH 8 RefineTorusLB MEM: 0.450179 MB
LDB: TIME 358.211 LOAD: AVG 0.0543079 MAX 0.0585358  PROXIES: TOTAL 27 MAXPE 4 MAXPATCH 8 RefineTorusLB MEM: 0.450179 MB
LDB: ============== END OF LOAD BALANCING =============== 358.211
Info: useSync: 0 useProxySync: 0
LDB: =============== DONE WITH MIGRATION ================ 358.211
LDB: ============= START OF LOAD BALANCING ============== 360.761
LDB: ============== END OF LOAD BALANCING =============== 360.761
Info: useSync: 0 useProxySync: 0
LDB: =============== DONE WITH MIGRATION ================ 360.762
LDB: ============= START OF LOAD BALANCING ============== 360.827
LDB: Largest compute 163 load 0.012583 is 23.8% of average load 0.052864
LDB: Average compute 0.003752 is 7.1% of average load 0.052864
LDB: TIME 360.827 LOAD: AVG 0.0528639 MAX 0.0591274  PROXIES: TOTAL 24 MAXPE 4 MAXPATCH 6 None MEM: 0.450179 MB
LDB: TIME 360.827 LOAD: AVG 0.0528639 MAX 0.0591274  PROXIES: TOTAL 27 MAXPE 4 MAXPATCH 8 RefineTorusLB MEM: 0.450179 MB
LDB: TIME 360.827 LOAD: AVG 0.0528639 MAX 0.0560585  PROXIES: TOTAL 27 MAXPE 4 MAXPATCH 8 RefineTorusLB MEM: 0.450179 MB
LDB: ============== END OF LOAD BALANCING =============== 360.827
Info: useSync: 0 useProxySync: 0
LDB: =============== DONE WITH MIGRATION ================ 360.827
WRITING COORDINATES TO DCD FILE MDequil.dcd AT STEP 205000
PRESSURE: 205000 -61.277 186.42 -124.014 684.635 -355.799 812.21 380.912 972.852 159.49
GPRESSURE: 205000 53.8294 -99.8338 -41.8592 880.356 -349.784 695.682 419.214 905.321 82.3967
PRESSAVG: 205000 -436.192 41.3572 -32.1671 13.8219 -396.127 4.89347 -66.8161 -27.1092 -18.9916
GPRESSAVG: 205000 -436.233 41.0025 -31.8725 13.5654 -396.563 4.4302 -66.2907 -26.8627 -18.8665
ENERGY:  205000         0.0000         0.0000         0.0000         0.0000          -5582.0166       418.5036         0.0000         0.0000       990.1440          -4173.3689       314.5600     -5163.5129     -4172.6293       301.1151            -85.8621       -71.1859     22976.2298      -283.7703      -283.8877

LDB: ============= START OF LOAD BALANCING ============== 363.361
LDB: ============== END OF LOAD BALANCING =============== 363.362
Info: useSync: 0 useProxySync: 0
LDB: =============== DONE WITH MIGRATION ================ 363.362
LDB: ============= START OF LOAD BALANCING ============== 363.427
LDB: Largest compute 52 load 0.013084 is 23.8% of average load 0.055057
LDB: Average compute 0.003922 is 7.1% of average load 0.055057
LDB: TIME 363.427 LOAD: AVG 0.0550565 MAX 0.0605308  PROXIES: TOTAL 24 MAXPE 4 MAXPATCH 6 None MEM: 0.450179 MB
LDB: TIME 363.428 LOAD: AVG 0.0550565 MAX 0.0605308  PROXIES: TOTAL 27 MAXPE 4 MAXPATCH 8 RefineTorusLB MEM: 0.450179 MB
LDB: TIME 363.428 LOAD: AVG 0.0550565 MAX 0.0600065  PROXIES: TOTAL 27 MAXPE 4 MAXPATCH 8 RefineTorusLB MEM: 0.450179 MB
LDB: ============== END OF LOAD BALANCING =============== 363.428
Info: useSync: 0 useProxySync: 0
LDB: =============== DONE WITH MIGRATION ================ 363.428
LDB: ============= START OF LOAD BALANCING ============== 365.972
LDB: ============== END OF LOAD BALANCING =============== 365.973
Info: useSync: 0 useProxySync: 0
LDB: =============== DONE WITH MIGRATION ================ 365.973
LDB: ============= START OF LOAD BALANCING ============== 366.037
LDB: Largest compute 162 load 0.012169 is 22.5% of average load 0.054036
LDB: Average compute 0.003850 is 7.1% of average load 0.054036
LDB: TIME 366.038 LOAD: AVG 0.054036 MAX 0.0606778  PROXIES: TOTAL 24 MAXPE 4 MAXPATCH 6 None MEM: 0.450179 MB
LDB: TIME 366.038 LOAD: AVG 0.054036 MAX 0.0606778  PROXIES: TOTAL 27 MAXPE 4 MAXPATCH 8 RefineTorusLB MEM: 0.450179 MB
LDB: TIME 366.038 LOAD: AVG 0.054036 MAX 0.0585925  PROXIES: TOTAL 27 MAXPE 4 MAXPATCH 8 RefineTorusLB MEM: 0.450179 MB
LDB: ============== END OF LOAD BALANCING =============== 366.038
Info: useSync: 0 useProxySync: 0
LDB: =============== DONE WITH MIGRATION ================ 366.038
WRITING COORDINATES TO DCD FILE MDequil.dcd AT STEP 210000
PRESSURE: 210000 -280.06 269.371 563.888 122.205 -643.941 -57.7541 562.538 99.4073 53.7926
GPRESSURE: 210000 -289.064 421.13 283.785 -150.078 -635.08 -144.71 569.14 155.214 153.403
PRESSAVG: 210000 -320.863 14.8212 4.51115 25.0152 -317.214 24.5271 -15.1282 1.52037 5.15504
GPRESSAVG: 210000 -320.836 15.601 4.6073 24.9616 -317.167 24.6697 -15.4574 1.43622 5.15394
ENERGY:  210000         0.0000         0.0000         0.0000         0.0000          -5582.9899       387.5969         0.0000         0.0000       975.9279          -4219.4651       310.0437     -5195.3930     -4216.3304       303.9613           -290.0694      -256.9137     22752.2945      -210.9739      -210.9496

LDB: ============= START OF LOAD BALANCING ============== 368.614
LDB: ============== END OF LOAD BALANCING =============== 368.615
Info: useSync: 0 useProxySync: 0
LDB: =============== DONE WITH MIGRATION ================ 368.615
LDB: ============= START OF LOAD BALANCING ============== 368.68
LDB: Largest compute 52 load 0.012551 is 23.0% of average load 0.054610
LDB: Average compute 0.003886 is 7.1% of average load 0.054610
LDB: TIME 368.68 LOAD: AVG 0.0546098 MAX 0.0604731  PROXIES: TOTAL 24 MAXPE 4 MAXPATCH 6 None MEM: 0.450179 MB
LDB: TIME 368.68 LOAD: AVG 0.0546098 MAX 0.0604731  PROXIES: TOTAL 27 MAXPE 4 MAXPATCH 8 RefineTorusLB MEM: 0.450179 MB
LDB: TIME 368.681 LOAD: AVG 0.0546098 MAX 0.0595056  PROXIES: TOTAL 27 MAXPE 4 MAXPATCH 8 RefineTorusLB MEM: 0.450179 MB
LDB: ============== END OF LOAD BALANCING =============== 368.681
Info: useSync: 0 useProxySync: 0
LDB: =============== DONE WITH MIGRATION ================ 368.681
LDB: ============= START OF LOAD BALANCING ============== 371.25
LDB: ============== END OF LOAD BALANCING =============== 371.25
Info: useSync: 0 useProxySync: 0
LDB: =============== DONE WITH MIGRATION ================ 371.25
LDB: ============= START OF LOAD BALANCING ============== 371.316
LDB: Largest compute 162 load 0.013174 is 24.4% of average load 0.054042
LDB: Average compute 0.003849 is 7.1% of average load 0.054042
LDB: TIME 371.316 LOAD: AVG 0.0540422 MAX 0.0595712  PROXIES: TOTAL 24 MAXPE 4 MAXPATCH 6 None MEM: 0.450179 MB
LDB: TIME 371.316 LOAD: AVG 0.0540422 MAX 0.0595712  PROXIES: TOTAL 27 MAXPE 4 MAXPATCH 8 RefineTorusLB MEM: 0.450179 MB
LDB: TIME 371.316 LOAD: AVG 0.0540422 MAX 0.058919  PROXIES: TOTAL 27 MAXPE 4 MAXPATCH 8 RefineTorusLB MEM: 0.450179 MB
LDB: ============== END OF LOAD BALANCING =============== 371.317
Info: useSync: 0 useProxySync: 0
LDB: =============== DONE WITH MIGRATION ================ 371.317
LDB: ============= START OF LOAD BALANCING ============== 373.875
LDB: ============== END OF LOAD BALANCING =============== 373.876
Info: useSync: 0 useProxySync: 0
LDB: =============== DONE WITH MIGRATION ================ 373.876
LDB: ============= START OF LOAD BALANCING ============== 373.942
LDB: Largest compute 162 load 0.012849 is 23.5% of average load 0.054716
LDB: Average compute 0.003897 is 7.1% of average load 0.054716
LDB: TIME 373.942 LOAD: AVG 0.0547157 MAX 0.06005  PROXIES: TOTAL 24 MAXPE 4 MAXPATCH 6 None MEM: 0.450179 MB
LDB: TIME 373.943 LOAD: AVG 0.0547157 MAX 0.06005  PROXIES: TOTAL 27 MAXPE 4 MAXPATCH 8 RefineTorusLB MEM: 0.450179 MB
LDB: TIME 373.943 LOAD: AVG 0.0547157 MAX 0.0590801  PROXIES: TOTAL 27 MAXPE 4 MAXPATCH 8 RefineTorusLB MEM: 0.450179 MB
LDB: ============== END OF LOAD BALANCING =============== 373.943
Info: useSync: 0 useProxySync: 0
LDB: =============== DONE WITH MIGRATION ================ 373.943
WRITING COORDINATES TO DCD FILE MDequil.dcd AT STEP 215000
PRESSURE: 215000 -638.191 -173.213 289.291 -118.715 9.24285 115.177 492.944 469.961 1068.66
GPRESSURE: 215000 -454.989 -217.317 160.512 -477.517 2.89102 182.205 569.628 361.724 1024.42
PRESSAVG: 215000 -321.103 52.2431 52.7485 21.9914 -433.189 13.1536 35.8952 2.9994 -11.0511
GPRESSAVG: 215000 -321.183 51.822 52.716 22.049 -433.052 13.6518 35.981 3.17608 -10.7664
ENERGY:  215000         0.0000         0.0000         0.0000         0.0000          -5563.4477       387.3948         0.0000         0.0000       929.6999          -4246.3530       295.3575     -5176.0528     -4244.3994       298.0753            146.5690       190.7727     22739.2073      -255.1142      -255.0004

LDB: ============= START OF LOAD BALANCING ============== 376.542
LDB: ============== END OF LOAD BALANCING =============== 376.542
Info: useSync: 0 useProxySync: 0
LDB: =============== DONE WITH MIGRATION ================ 376.542
LDB: ============= START OF LOAD BALANCING ============== 376.607
LDB: Largest compute 163 load 0.014035 is 25.9% of average load 0.054219
LDB: Average compute 0.003858 is 7.1% of average load 0.054219
LDB: TIME 376.608 LOAD: AVG 0.0542185 MAX 0.059599  PROXIES: TOTAL 24 MAXPE 4 MAXPATCH 6 None MEM: 0.450179 MB
LDB: TIME 376.608 LOAD: AVG 0.0542185 MAX 0.059599  PROXIES: TOTAL 27 MAXPE 4 MAXPATCH 8 RefineTorusLB MEM: 0.450179 MB
LDB: TIME 376.608 LOAD: AVG 0.0542185 MAX 0.0590872  PROXIES: TOTAL 27 MAXPE 4 MAXPATCH 8 RefineTorusLB MEM: 0.450179 MB
LDB: ============== END OF LOAD BALANCING =============== 376.608
Info: useSync: 0 useProxySync: 0
LDB: =============== DONE WITH MIGRATION ================ 376.608
LDB: ============= START OF LOAD BALANCING ============== 379.419
LDB: ============== END OF LOAD BALANCING =============== 379.422
Info: useSync: 0 useProxySync: 0
LDB: =============== DONE WITH MIGRATION ================ 379.422
LDB: ============= START OF LOAD BALANCING ============== 379.497
LDB: Largest compute 52 load 0.012965 is 23.6% of average load 0.054840
LDB: Average compute 0.003887 is 7.1% of average load 0.054840
LDB: TIME 379.497 LOAD: AVG 0.05484 MAX 0.0619977  PROXIES: TOTAL 24 MAXPE 4 MAXPATCH 6 None MEM: 0.450179 MB
LDB: TIME 379.497 LOAD: AVG 0.05484 MAX 0.0619977  PROXIES: TOTAL 27 MAXPE 4 MAXPATCH 8 RefineTorusLB MEM: 0.450179 MB
LDB: TIME 379.497 LOAD: AVG 0.05484 MAX 0.0590368  PROXIES: TOTAL 27 MAXPE 4 MAXPATCH 8 RefineTorusLB MEM: 0.450179 MB
LDB: ============== END OF LOAD BALANCING =============== 379.497
Info: useSync: 0 useProxySync: 0
LDB: =============== DONE WITH MIGRATION ================ 379.498
PRESSURE: 220000 -761.928 95.6094 137.572 633.632 -842.834 324.029 368.133 401.345 -322.879
GPRESSURE: 220000 -608.226 -33.1813 36.3445 502.896 -920.814 311.979 390.122 399.476 -343.227
PRESSAVG: 220000 -402.283 -49.8402 48.7165 -6.95787 -351.407 32.8814 38.6181 49.3759 -8.78308
GPRESSAVG: 220000 -402.359 -50.0229 48.7912 -6.93827 -351.54 32.626 38.9309 49.0978 -9.09793
ENERGY:  220000         0.0000         0.0000         0.0000         0.0000          -5504.2407       348.1897         0.0000         0.0000       925.1452          -4230.9058       293.9105     -5156.0510     -4229.7234       299.1677           -642.5473      -624.0889     22781.3094      -254.1576      -254.3322

WRITING COORDINATES TO DCD FILE MDequil.dcd AT STEP 220000
LDB: ============= START OF LOAD BALANCING ============== 382.168
LDB: ============== END OF LOAD BALANCING =============== 382.168
Info: useSync: 0 useProxySync: 0
LDB: =============== DONE WITH MIGRATION ================ 382.168
LDB: ============= START OF LOAD BALANCING ============== 382.236
LDB: Largest compute 145 load 0.012984 is 24.1% of average load 0.053903
LDB: Average compute 0.003812 is 7.1% of average load 0.053903
LDB: TIME 382.237 LOAD: AVG 0.0539034 MAX 0.0609645  PROXIES: TOTAL 24 MAXPE 4 MAXPATCH 6 None MEM: 0.450179 MB
LDB: TIME 382.237 LOAD: AVG 0.0539034 MAX 0.0609645  PROXIES: TOTAL 27 MAXPE 4 MAXPATCH 8 RefineTorusLB MEM: 0.450179 MB
LDB: TIME 382.237 LOAD: AVG 0.0539034 MAX 0.0570196  PROXIES: TOTAL 28 MAXPE 4 MAXPATCH 9 RefineTorusLB MEM: 0.450179 MB
LDB: ============== END OF LOAD BALANCING =============== 382.237
Info: useSync: 0 useProxySync: 0
LDB: =============== DONE WITH MIGRATION ================ 382.237
LDB: ============= START OF LOAD BALANCING ============== 384.836
LDB: ============== END OF LOAD BALANCING =============== 384.836
Info: useSync: 0 useProxySync: 0
LDB: =============== DONE WITH MIGRATION ================ 384.836
LDB: ============= START OF LOAD BALANCING ============== 384.903
LDB: Largest compute 162 load 0.012877 is 23.1% of average load 0.055737
LDB: Average compute 0.003965 is 7.1% of average load 0.055737
LDB: TIME 384.903 LOAD: AVG 0.0557373 MAX 0.059805  PROXIES: TOTAL 24 MAXPE 4 MAXPATCH 6 None MEM: 0.450179 MB
LDB: TIME 384.903 LOAD: AVG 0.0557373 MAX 0.059805  PROXIES: TOTAL 28 MAXPE 4 MAXPATCH 9 RefineTorusLB MEM: 0.450179 MB
LDB: TIME 384.903 LOAD: AVG 0.0557373 MAX 0.059805  PROXIES: TOTAL 28 MAXPE 4 MAXPATCH 9 RefineTorusLB MEM: 0.450179 MB
LDB: ============== END OF LOAD BALANCING =============== 384.903
Info: useSync: 0 useProxySync: 0
LDB: =============== DONE WITH MIGRATION ================ 384.904
LDB: ============= START OF LOAD BALANCING ============== 387.662
LDB: ============== END OF LOAD BALANCING =============== 387.662
Info: useSync: 0 useProxySync: 0
LDB: =============== DONE WITH MIGRATION ================ 387.662
LDB: ============= START OF LOAD BALANCING ============== 387.728
LDB: Largest compute 163 load 0.012919 is 23.5% of average load 0.054857
LDB: Average compute 0.003906 is 7.1% of average load 0.054857
LDB: TIME 387.728 LOAD: AVG 0.0548567 MAX 0.0599482  PROXIES: TOTAL 24 MAXPE 4 MAXPATCH 6 None MEM: 0.450179 MB
LDB: TIME 387.728 LOAD: AVG 0.0548567 MAX 0.0599482  PROXIES: TOTAL 28 MAXPE 4 MAXPATCH 9 RefineTorusLB MEM: 0.450179 MB
LDB: TIME 387.729 LOAD: AVG 0.0548567 MAX 0.0590643  PROXIES: TOTAL 28 MAXPE 4 MAXPATCH 9 RefineTorusLB MEM: 0.450179 MB
LDB: ============== END OF LOAD BALANCING =============== 387.729
Info: useSync: 0 useProxySync: 0
LDB: =============== DONE WITH MIGRATION ================ 387.729
WRITING COORDINATES TO DCD FILE MDequil.dcd AT STEP 225000
PRESSURE: 225000 -351.923 132.569 268.355 94.6584 836.807 -306.733 -178.808 -330.396 -67.5794
GPRESSURE: 225000 -244.563 114.116 207.587 272.744 864.907 -319.657 -91.0119 -327.099 -141.449
PRESSAVG: 225000 -426.364 7.71945 74.3165 44.5815 -290.599 75.1134 -16.1621 -26.0753 8.07807
GPRESSAVG: 225000 -426.303 7.45996 74.4266 44.2099 -290.473 74.8171 -16.4596 -25.7617 7.901
ENERGY:  225000         0.0000         0.0000         0.0000         0.0000          -5583.9509       404.2340         0.0000         0.0000       921.8711          -4257.8457       292.8703     -5179.7168     -4255.5981       295.5058            139.1015       159.6316     22666.6190      -236.2948      -236.2916

LDB: ============= START OF LOAD BALANCING ============== 390.659
LDB: ============== END OF LOAD BALANCING =============== 390.659
Info: useSync: 0 useProxySync: 0
LDB: =============== DONE WITH MIGRATION ================ 390.659
LDB: ============= START OF LOAD BALANCING ============== 390.731
LDB: Largest compute 163 load 0.014105 is 25.7% of average load 0.054920
LDB: Average compute 0.003881 is 7.1% of average load 0.054920
LDB: TIME 390.731 LOAD: AVG 0.0549204 MAX 0.0585299  PROXIES: TOTAL 24 MAXPE 4 MAXPATCH 6 None MEM: 0.450179 MB
LDB: TIME 390.731 LOAD: AVG 0.0549204 MAX 0.0585299  PROXIES: TOTAL 28 MAXPE 4 MAXPATCH 9 RefineTorusLB MEM: 0.450179 MB
LDB: TIME 390.731 LOAD: AVG 0.0549204 MAX 0.0585299  PROXIES: TOTAL 28 MAXPE 4 MAXPATCH 9 RefineTorusLB MEM: 0.450179 MB
LDB: ============== END OF LOAD BALANCING =============== 390.731
Info: useSync: 0 useProxySync: 0
LDB: =============== DONE WITH MIGRATION ================ 390.732
LDB: ============= START OF LOAD BALANCING ============== 393.491
LDB: ============== END OF LOAD BALANCING =============== 393.492
Info: useSync: 0 useProxySync: 0
LDB: =============== DONE WITH MIGRATION ================ 393.492
LDB: ============= START OF LOAD BALANCING ============== 393.557
LDB: Largest compute 163 load 0.012799 is 23.6% of average load 0.054198
LDB: Average compute 0.003858 is 7.1% of average load 0.054198
LDB: TIME 393.557 LOAD: AVG 0.054198 MAX 0.0568532  PROXIES: TOTAL 24 MAXPE 4 MAXPATCH 6 None MEM: 0.450179 MB
LDB: TIME 393.557 LOAD: AVG 0.054198 MAX 0.0568532  PROXIES: TOTAL 28 MAXPE 4 MAXPATCH 9 RefineTorusLB MEM: 0.450179 MB
LDB: TIME 393.557 LOAD: AVG 0.054198 MAX 0.0568532  PROXIES: TOTAL 28 MAXPE 4 MAXPATCH 9 RefineTorusLB MEM: 0.450179 MB
LDB: ============== END OF LOAD BALANCING =============== 393.557
Info: useSync: 0 useProxySync: 0
LDB: =============== DONE WITH MIGRATION ================ 393.557
WRITING COORDINATES TO DCD FILE MDequil.dcd AT STEP 230000
PRESSURE: 230000 -389.649 -831.21 -532.801 -325.022 -87.5144 202.722 -358.03 707.156 1718.82
GPRESSURE: 230000 -289.928 -810.239 -410.256 -342.352 20.2411 50.8153 -413.658 496.322 1580.24
PRESSAVG: 230000 -318.655 56.8959 -28.4 29.489 -315.004 8.84164 -48.1795 -35.2248 12.0853
GPRESSAVG: 230000 -318.655 57.0336 -28.4204 30.1053 -314.719 8.71607 -48.1581 -35.5175 11.7587
ENERGY:  230000         0.0000         0.0000         0.0000         0.0000          -5679.3609       406.8824         0.0000         0.0000       955.2206          -4317.2579       303.4652     -5272.4786     -4313.0815       297.1268            413.8863       436.8509     22358.4887      -207.1913      -207.2050

LDB: ============= START OF LOAD BALANCING ============== 396.299
LDB: ============== END OF LOAD BALANCING =============== 396.299
Info: useSync: 0 useProxySync: 0
LDB: =============== DONE WITH MIGRATION ================ 396.299
LDB: ============= START OF LOAD BALANCING ============== 396.374
LDB: Largest compute 52 load 0.012994 is 23.6% of average load 0.055164
LDB: Average compute 0.003917 is 7.1% of average load 0.055164
LDB: TIME 396.374 LOAD: AVG 0.0551638 MAX 0.0632568  PROXIES: TOTAL 24 MAXPE 4 MAXPATCH 6 None MEM: 0.450179 MB
LDB: TIME 396.374 LOAD: AVG 0.0551638 MAX 0.0632568  PROXIES: TOTAL 28 MAXPE 4 MAXPATCH 9 RefineTorusLB MEM: 0.450179 MB
LDB: TIME 396.374 LOAD: AVG 0.0551638 MAX 0.0600867  PROXIES: TOTAL 28 MAXPE 4 MAXPATCH 9 RefineTorusLB MEM: 0.450179 MB
LDB: ============== END OF LOAD BALANCING =============== 396.374
Info: useSync: 0 useProxySync: 0
LDB: =============== DONE WITH MIGRATION ================ 396.375
LDB: ============= START OF LOAD BALANCING ============== 399.374
LDB: ============== END OF LOAD BALANCING =============== 399.374
Info: useSync: 0 useProxySync: 0
LDB: =============== DONE WITH MIGRATION ================ 399.374
LDB: ============= START OF LOAD BALANCING ============== 399.45
LDB: Largest compute 163 load 0.014437 is 26.3% of average load 0.054945
LDB: Average compute 0.003903 is 7.1% of average load 0.054945
LDB: TIME 399.45 LOAD: AVG 0.0549448 MAX 0.0651503  PROXIES: TOTAL 24 MAXPE 4 MAXPATCH 6 None MEM: 0.450179 MB
LDB: TIME 399.45 LOAD: AVG 0.0549448 MAX 0.0651503  PROXIES: TOTAL 28 MAXPE 4 MAXPATCH 9 RefineTorusLB MEM: 0.450179 MB
LDB: TIME 399.45 LOAD: AVG 0.0549448 MAX 0.0591666  PROXIES: TOTAL 28 MAXPE 4 MAXPATCH 9 RefineTorusLB MEM: 0.450179 MB
LDB: ============== END OF LOAD BALANCING =============== 399.451
Info: useSync: 0 useProxySync: 0
LDB: =============== DONE WITH MIGRATION ================ 399.451
LDB: ============= START OF LOAD BALANCING ============== 402.301
LDB: ============== END OF LOAD BALANCING =============== 402.302
Info: useSync: 0 useProxySync: 0
LDB: =============== DONE WITH MIGRATION ================ 402.302
LDB: ============= START OF LOAD BALANCING ============== 402.369
LDB: Largest compute 163 load 0.012994 is 24.1% of average load 0.053972
LDB: Average compute 0.003842 is 7.1% of average load 0.053972
LDB: TIME 402.37 LOAD: AVG 0.0539723 MAX 0.0582222  PROXIES: TOTAL 24 MAXPE 4 MAXPATCH 6 None MEM: 0.450179 MB
LDB: TIME 402.37 LOAD: AVG 0.0539723 MAX 0.0582222  PROXIES: TOTAL 28 MAXPE 4 MAXPATCH 9 RefineTorusLB MEM: 0.450179 MB
LDB: TIME 402.37 LOAD: AVG 0.0539723 MAX 0.0582222  PROXIES: TOTAL 28 MAXPE 4 MAXPATCH 9 RefineTorusLB MEM: 0.450179 MB
LDB: ============== END OF LOAD BALANCING =============== 402.37
Info: useSync: 0 useProxySync: 0
LDB: =============== DONE WITH MIGRATION ================ 402.37
WRITING COORDINATES TO DCD FILE MDequil.dcd AT STEP 235000
PRESSURE: 235000 -814.344 580.062 587.875 487.161 -45.306 -287.431 431.615 -287.751 -263.596
GPRESSURE: 235000 -807.713 593.783 669.314 655.902 -113.367 -226.588 502.812 -612.384 -147.408
PRESSAVG: 235000 -269.431 -15.7572 27.1804 20.1804 -271.653 25.5659 16.3879 75.6632 2.58627
GPRESSAVG: 235000 -268.939 -15.7711 26.6015 20.2171 -271.606 25.6878 16.7576 75.4261 2.32483
ENERGY:  235000         0.0000         0.0000         0.0000         0.0000          -5584.7821       386.6250         0.0000         0.0000       920.5117          -4277.6454       292.4385     -5198.1571     -4274.5537       298.6392           -374.4156      -356.1628     22633.8087      -179.4993      -179.4069

LDB: ============= START OF LOAD BALANCING ============== 405.079
LDB: ============== END OF LOAD BALANCING =============== 405.079
Info: useSync: 0 useProxySync: 0
LDB: =============== DONE WITH MIGRATION ================ 405.079
LDB: ============= START OF LOAD BALANCING ============== 405.146
LDB: Largest compute 162 load 0.012919 is 24.0% of average load 0.053857
LDB: Average compute 0.003830 is 7.1% of average load 0.053857
LDB: TIME 405.147 LOAD: AVG 0.0538571 MAX 0.05859  PROXIES: TOTAL 24 MAXPE 4 MAXPATCH 6 None MEM: 0.450179 MB
LDB: TIME 405.147 LOAD: AVG 0.0538571 MAX 0.05859  PROXIES: TOTAL 28 MAXPE 4 MAXPATCH 9 RefineTorusLB MEM: 0.450179 MB
LDB: TIME 405.147 LOAD: AVG 0.0538571 MAX 0.05859  PROXIES: TOTAL 28 MAXPE 4 MAXPATCH 9 RefineTorusLB MEM: 0.450179 MB
LDB: ============== END OF LOAD BALANCING =============== 405.147
Info: useSync: 0 useProxySync: 0
LDB: =============== DONE WITH MIGRATION ================ 405.147
LDB: ============= START OF LOAD BALANCING ============== 407.791
LDB: ============== END OF LOAD BALANCING =============== 407.791
Info: useSync: 0 useProxySync: 0
LDB: =============== DONE WITH MIGRATION ================ 407.791
LDB: ============= START OF LOAD BALANCING ============== 407.857
LDB: Largest compute 163 load 0.012718 is 23.7% of average load 0.053683
LDB: Average compute 0.003815 is 7.1% of average load 0.053683
LDB: TIME 407.857 LOAD: AVG 0.0536827 MAX 0.0583938  PROXIES: TOTAL 24 MAXPE 4 MAXPATCH 6 None MEM: 0.450179 MB
LDB: TIME 407.857 LOAD: AVG 0.0536827 MAX 0.0583938  PROXIES: TOTAL 28 MAXPE 4 MAXPATCH 9 RefineTorusLB MEM: 0.450179 MB
LDB: TIME 407.857 LOAD: AVG 0.0536827 MAX 0.0583938  PROXIES: TOTAL 28 MAXPE 4 MAXPATCH 9 RefineTorusLB MEM: 0.450179 MB
LDB: ============== END OF LOAD BALANCING =============== 407.857
Info: useSync: 0 useProxySync: 0
LDB: =============== DONE WITH MIGRATION ================ 407.857
WRITING COORDINATES TO DCD FILE MDequil.dcd AT STEP 240000
PRESSURE: 240000 -539.124 -119.37 -308.576 -209.123 -1221.97 217.255 -214.373 -18.6846 -582.233
GPRESSURE: 240000 -566.837 -310.174 -608.762 -362.762 -1029.7 486.285 146.77 -294.121 -664.737
PRESSAVG: 240000 -312.354 -7.48415 3.44449 14.3264 -319.242 24.3684 39.202 29.0554 1.52488
GPRESSAVG: 240000 -312.443 -7.51028 3.58029 14.4644 -318.926 24.1928 38.9046 28.6599 1.59595
ENERGY:  240000         0.0000         0.0000         0.0000         0.0000          -5477.2415       312.2504         0.0000         0.0000       917.5722          -4247.4190       291.5046     -5164.9911     -4246.0343       298.1983           -781.1092      -753.7573     22550.2194      -210.0237      -209.9245

LDB: ============= START OF LOAD BALANCING ============== 410.455
LDB: ============== END OF LOAD BALANCING =============== 410.455
Info: useSync: 0 useProxySync: 0
LDB: =============== DONE WITH MIGRATION ================ 410.455
LDB: ============= START OF LOAD BALANCING ============== 410.52
LDB: Largest compute 163 load 0.012448 is 23.4% of average load 0.053130
LDB: Average compute 0.003772 is 7.1% of average load 0.053130
LDB: TIME 410.521 LOAD: AVG 0.0531304 MAX 0.0572889  PROXIES: TOTAL 24 MAXPE 4 MAXPATCH 6 None MEM: 0.450179 MB
LDB: TIME 410.521 LOAD: AVG 0.0531304 MAX 0.0572889  PROXIES: TOTAL 28 MAXPE 4 MAXPATCH 9 RefineTorusLB MEM: 0.450179 MB
LDB: TIME 410.521 LOAD: AVG 0.0531304 MAX 0.0572889  PROXIES: TOTAL 28 MAXPE 4 MAXPATCH 9 RefineTorusLB MEM: 0.450179 MB
LDB: ============== END OF LOAD BALANCING =============== 410.521
Info: useSync: 0 useProxySync: 0
LDB: =============== DONE WITH MIGRATION ================ 410.521
LDB: ============= START OF LOAD BALANCING ============== 413.113
LDB: ============== END OF LOAD BALANCING =============== 413.113
Info: useSync: 0 useProxySync: 0
LDB: =============== DONE WITH MIGRATION ================ 413.124
LDB: ============= START OF LOAD BALANCING ============== 413.189
LDB: Largest compute 163 load 0.012892 is 24.6% of average load 0.052470
LDB: Average compute 0.003721 is 7.1% of average load 0.052470
LDB: TIME 413.189 LOAD: AVG 0.05247 MAX 0.0584174  PROXIES: TOTAL 24 MAXPE 4 MAXPATCH 6 None MEM: 0.450179 MB
LDB: TIME 413.189 LOAD: AVG 0.05247 MAX 0.0584174  PROXIES: TOTAL 28 MAXPE 4 MAXPATCH 9 RefineTorusLB MEM: 0.450179 MB
LDB: TIME 413.189 LOAD: AVG 0.05247 MAX 0.0571702  PROXIES: TOTAL 28 MAXPE 4 MAXPATCH 9 RefineTorusLB MEM: 0.450179 MB
LDB: ============== END OF LOAD BALANCING =============== 413.189
Info: useSync: 0 useProxySync: 0
LDB: =============== DONE WITH MIGRATION ================ 413.189
LDB: ============= START OF LOAD BALANCING ============== 415.837
LDB: ============== END OF LOAD BALANCING =============== 415.837
Info: useSync: 0 useProxySync: 0
LDB: =============== DONE WITH MIGRATION ================ 415.837
LDB: ============= START OF LOAD BALANCING ============== 415.905
LDB: Largest compute 145 load 0.012950 is 24.3% of average load 0.053381
LDB: Average compute 0.003799 is 7.1% of average load 0.053381
LDB: TIME 415.906 LOAD: AVG 0.0533812 MAX 0.0603147  PROXIES: TOTAL 24 MAXPE 4 MAXPATCH 6 None MEM: 0.450179 MB
LDB: TIME 415.906 LOAD: AVG 0.0533812 MAX 0.0603147  PROXIES: TOTAL 28 MAXPE 4 MAXPATCH 9 RefineTorusLB MEM: 0.450179 MB
LDB: TIME 415.906 LOAD: AVG 0.0533812 MAX 0.0572436  PROXIES: TOTAL 28 MAXPE 4 MAXPATCH 9 RefineTorusLB MEM: 0.450179 MB
LDB: ============== END OF LOAD BALANCING =============== 415.906
Info: useSync: 0 useProxySync: 0
LDB: =============== DONE WITH MIGRATION ================ 415.906
WRITING COORDINATES TO DCD FILE MDequil.dcd AT STEP 245000
PRESSURE: 245000 -945.596 333.736 24.8728 310.988 -1013.29 -252.484 146.569 -397.838 128.735
GPRESSURE: 245000 -885.768 150.718 -202.386 430.026 -858.027 20.1283 -80.8757 -462.486 6.0089
PRESSAVG: 245000 -262.008 -23.7254 -52.8884 -20.9592 -283.515 -6.77994 -53.8742 4.34749 -3.98782
GPRESSAVG: 245000 -261.949 -23.9993 -52.7557 -20.8319 -283.734 -6.73634 -53.7763 4.26608 -4.15157
ENERGY:  245000         0.0000         0.0000         0.0000         0.0000          -5619.1393       393.6139         0.0000         0.0000       945.5238          -4280.0016       300.3846     -5225.5254     -4278.2831       300.3349           -610.0505      -579.2621     22831.7939      -183.1700      -183.2784

LDB: ============= START OF LOAD BALANCING ============== 418.492
LDB: ============== END OF LOAD BALANCING =============== 418.496
Info: useSync: 0 useProxySync: 0
LDB: =============== DONE WITH MIGRATION ================ 418.497
LDB: ============= START OF LOAD BALANCING ============== 418.562
LDB: Largest compute 163 load 0.012495 is 23.7% of average load 0.052749
LDB: Average compute 0.003746 is 7.1% of average load 0.052749
LDB: TIME 418.562 LOAD: AVG 0.052749 MAX 0.0573483  PROXIES: TOTAL 24 MAXPE 4 MAXPATCH 6 None MEM: 0.450179 MB
LDB: TIME 418.562 LOAD: AVG 0.052749 MAX 0.0573483  PROXIES: TOTAL 28 MAXPE 4 MAXPATCH 9 RefineTorusLB MEM: 0.450179 MB
LDB: TIME 418.562 LOAD: AVG 0.052749 MAX 0.0573483  PROXIES: TOTAL 28 MAXPE 4 MAXPATCH 9 RefineTorusLB MEM: 0.450179 MB
LDB: ============== END OF LOAD BALANCING =============== 418.562
Info: useSync: 0 useProxySync: 0
LDB: =============== DONE WITH MIGRATION ================ 418.562
LDB: ============= START OF LOAD BALANCING ============== 421.131
LDB: ============== END OF LOAD BALANCING =============== 421.131
Info: useSync: 0 useProxySync: 0
LDB: =============== DONE WITH MIGRATION ================ 421.131
LDB: ============= START OF LOAD BALANCING ============== 421.197
LDB: Largest compute 163 load 0.013220 is 24.5% of average load 0.053964
LDB: Average compute 0.003839 is 7.1% of average load 0.053964
LDB: TIME 421.197 LOAD: AVG 0.0539638 MAX 0.0585254  PROXIES: TOTAL 24 MAXPE 4 MAXPATCH 6 None MEM: 0.450179 MB
LDB: TIME 421.197 LOAD: AVG 0.0539638 MAX 0.0585254  PROXIES: TOTAL 28 MAXPE 4 MAXPATCH 9 RefineTorusLB MEM: 0.450179 MB
LDB: TIME 421.197 LOAD: AVG 0.0539638 MAX 0.0585254  PROXIES: TOTAL 28 MAXPE 4 MAXPATCH 9 RefineTorusLB MEM: 0.450179 MB
LDB: ============== END OF LOAD BALANCING =============== 421.197
Info: useSync: 0 useProxySync: 0
LDB: =============== DONE WITH MIGRATION ================ 421.198
WRITING COORDINATES TO DCD FILE MDequil.dcd AT STEP 250000
WRITING COORDINATES TO RESTART FILE AT STEP 250000
FINISHED WRITING RESTART COORDINATES
WRITING VELOCITIES TO RESTART FILE AT STEP 250000
FINISHED WRITING RESTART VELOCITIES
The last velocity output (seq=250000) takes 0.000 seconds, 0.450 MB of memory in use
PRESSURE: 250000 -1142.4 97.0413 292.746 -248.078 -305.055 -397.015 605.974 -438.525 175.553
GPRESSURE: 250000 -1256.74 -100.746 321.642 -15.7324 -93.9195 -177.567 373.604 -580.394 164.062
PRESSAVG: 250000 -412.323 46.0506 27.5714 -9.22594 -521.257 -32.3648 68.0903 -20.0146 1.75698
GPRESSAVG: 250000 -412.323 45.7511 27.0836 -8.91218 -520.695 -32.5657 68.2373 -19.6524 1.57793
TIMING: 250000  CPU: 399.29, 0.00134937/step  Wall: 412.216, 0.00136526/step, 0.09481 hours remaining, 0.450179 MB of memory in use.
PERFORMANCE: 250000  averaging 104.801 ns/day, 0.00164884 sec/step with standard deviation 0.000494181
ETITLE:      TS           BOND          ANGLE          DIHED          IMPRP               ELECT            VDW       BOUNDARY           MISC        KINETIC               TOTAL           TEMP      POTENTIAL         TOTAL3        TEMPAVG            PRESSURE      GPRESSURE         VOLUME       PRESSAVG      GPRESSAVG

ENERGY:  250000         0.0000         0.0000         0.0000         0.0000          -5612.7545       374.0061         0.0000         0.0000       940.2129          -4298.5354       298.6974     -5238.7484     -4296.1095       297.7447           -423.9661      -395.5316     22695.4509      -310.6078      -310.4802

WRITING EXTENDED SYSTEM TO RESTART FILE AT STEP 250000
LDB: ============= START OF LOAD BALANCING ============== 423.776
LDB: ============== END OF LOAD BALANCING =============== 423.776
Info: useSync: 0 useProxySync: 0
LDB: =============== DONE WITH MIGRATION ================ 423.777
LDB: ============= START OF LOAD BALANCING ============== 423.842
LDB: Largest compute 163 load 0.012768 is 24.0% of average load 0.053280
LDB: Average compute 0.003788 is 7.1% of average load 0.053280
LDB: TIME 423.842 LOAD: AVG 0.0532805 MAX 0.0576628  PROXIES: TOTAL 24 MAXPE 4 MAXPATCH 6 None MEM: 0.450179 MB
LDB: TIME 423.842 LOAD: AVG 0.0532805 MAX 0.0576628  PROXIES: TOTAL 28 MAXPE 4 MAXPATCH 9 RefineTorusLB MEM: 0.450179 MB
LDB: TIME 423.842 LOAD: AVG 0.0532805 MAX 0.0576628  PROXIES: TOTAL 28 MAXPE 4 MAXPATCH 9 RefineTorusLB MEM: 0.450179 MB
LDB: ============== END OF LOAD BALANCING =============== 423.842
Info: useSync: 0 useProxySync: 0
LDB: =============== DONE WITH MIGRATION ================ 423.842
LDB: ============= START OF LOAD BALANCING ============== 426.426
LDB: ============== END OF LOAD BALANCING =============== 426.426
Info: useSync: 0 useProxySync: 0
LDB: =============== DONE WITH MIGRATION ================ 426.426
LDB: ============= START OF LOAD BALANCING ============== 426.495
LDB: Largest compute 163 load 0.012284 is 22.9% of average load 0.053691
LDB: Average compute 0.003805 is 7.1% of average load 0.053691
LDB: TIME 426.495 LOAD: AVG 0.0536906 MAX 0.0595211  PROXIES: TOTAL 24 MAXPE 4 MAXPATCH 6 None MEM: 0.450179 MB
LDB: TIME 426.495 LOAD: AVG 0.0536906 MAX 0.0595211  PROXIES: TOTAL 28 MAXPE 4 MAXPATCH 9 RefineTorusLB MEM: 0.450179 MB
LDB: TIME 426.495 LOAD: AVG 0.0536906 MAX 0.0585614  PROXIES: TOTAL 28 MAXPE 4 MAXPATCH 9 RefineTorusLB MEM: 0.450179 MB
LDB: ============== END OF LOAD BALANCING =============== 426.495
Info: useSync: 0 useProxySync: 0
LDB: =============== DONE WITH MIGRATION ================ 426.496
LDB: ============= START OF LOAD BALANCING ============== 429.077
LDB: ============== END OF LOAD BALANCING =============== 429.077
Info: useSync: 0 useProxySync: 0
LDB: =============== DONE WITH MIGRATION ================ 429.08
LDB: ============= START OF LOAD BALANCING ============== 429.147
LDB: Largest compute 162 load 0.013053 is 23.8% of average load 0.054770
LDB: Average compute 0.003897 is 7.1% of average load 0.054770
LDB: TIME 429.147 LOAD: AVG 0.0547697 MAX 0.0583852  PROXIES: TOTAL 24 MAXPE 4 MAXPATCH 6 None MEM: 0.450179 MB
LDB: TIME 429.147 LOAD: AVG 0.0547697 MAX 0.0583852  PROXIES: TOTAL 28 MAXPE 4 MAXPATCH 9 RefineTorusLB MEM: 0.450179 MB
LDB: TIME 429.147 LOAD: AVG 0.0547697 MAX 0.0583852  PROXIES: TOTAL 28 MAXPE 4 MAXPATCH 9 RefineTorusLB MEM: 0.450179 MB
LDB: ============== END OF LOAD BALANCING =============== 429.147
Info: useSync: 0 useProxySync: 0
LDB: =============== DONE WITH MIGRATION ================ 429.148
WRITING COORDINATES TO DCD FILE MDequil.dcd AT STEP 255000
PRESSURE: 255000 -463.431 338.856 358.889 -76.2054 -382.307 -33.5955 -369.117 -159.967 -271.711
GPRESSURE: 255000 -456.908 30.2471 615.37 101.272 -400.127 570.046 -584.539 -678.141 -212.598
PRESSAVG: 255000 -207.201 30.2517 61.6869 41.998 -196.433 25.1564 -16.3139 -0.878231 -12.4855
GPRESSAVG: 255000 -207.052 30.7729 61.6049 41.9394 -196.578 25.3865 -16.4312 -0.818098 -12.2371
ENERGY:  255000         0.0000         0.0000         0.0000         0.0000          -5667.2807       396.0627         0.0000         0.0000       965.1496          -4306.0684       306.6196     -5271.2181     -4304.7988       296.3892           -372.4830      -356.5441     22602.5933      -138.7068      -138.6226

LDB: ============= START OF LOAD BALANCING ============== 431.752
LDB: ============== END OF LOAD BALANCING =============== 431.752
Info: useSync: 0 useProxySync: 0
LDB: =============== DONE WITH MIGRATION ================ 431.753
LDB: ============= START OF LOAD BALANCING ============== 431.818
LDB: Largest compute 145 load 0.013044 is 24.3% of average load 0.053709
LDB: Average compute 0.003821 is 7.1% of average load 0.053709
LDB: TIME 431.818 LOAD: AVG 0.0537091 MAX 0.0569058  PROXIES: TOTAL 24 MAXPE 4 MAXPATCH 6 None MEM: 0.450179 MB
LDB: TIME 431.818 LOAD: AVG 0.0537091 MAX 0.0569058  PROXIES: TOTAL 28 MAXPE 4 MAXPATCH 9 RefineTorusLB MEM: 0.450179 MB
LDB: TIME 431.818 LOAD: AVG 0.0537091 MAX 0.0569058  PROXIES: TOTAL 28 MAXPE 4 MAXPATCH 9 RefineTorusLB MEM: 0.450179 MB
LDB: ============== END OF LOAD BALANCING =============== 431.818
Info: useSync: 0 useProxySync: 0
LDB: =============== DONE WITH MIGRATION ================ 431.819
LDB: ============= START OF LOAD BALANCING ============== 434.409
LDB: ============== END OF LOAD BALANCING =============== 434.41
Info: useSync: 0 useProxySync: 0
LDB: =============== DONE WITH MIGRATION ================ 434.41
LDB: ============= START OF LOAD BALANCING ============== 434.476
LDB: Largest compute 163 load 0.013454 is 24.6% of average load 0.054684
LDB: Average compute 0.003891 is 7.1% of average load 0.054684
LDB: TIME 434.476 LOAD: AVG 0.0546837 MAX 0.0579336  PROXIES: TOTAL 24 MAXPE 4 MAXPATCH 6 None MEM: 0.450179 MB
LDB: TIME 434.476 LOAD: AVG 0.0546837 MAX 0.0579336  PROXIES: TOTAL 28 MAXPE 4 MAXPATCH 9 RefineTorusLB MEM: 0.450179 MB
LDB: TIME 434.476 LOAD: AVG 0.0546837 MAX 0.0579336  PROXIES: TOTAL 28 MAXPE 4 MAXPATCH 9 RefineTorusLB MEM: 0.450179 MB
LDB: ============== END OF LOAD BALANCING =============== 434.476
Info: useSync: 0 useProxySync: 0
LDB: =============== DONE WITH MIGRATION ================ 434.477
WRITING COORDINATES TO DCD FILE MDequil.dcd AT STEP 260000
PRESSURE: 260000 -1434.35 -323.941 -235.945 -3.59062 368.572 -169.338 151.605 64.2292 -419.734
GPRESSURE: 260000 -1265.07 -60.0536 -341.754 -335.373 218.867 -320.916 168.204 91.7761 -369.943
PRESSAVG: 260000 -408.634 23.5838 -4.3176 20.1004 -250.863 -54.3481 -30.6806 -52.6335 18.2104
GPRESSAVG: 260000 -408.809 23.5592 -4.25619 19.8674 -250.842 -53.9189 -30.8247 -52.6066 18.2212
ENERGY:  260000         0.0000         0.0000         0.0000         0.0000          -5625.0659       375.4248         0.0000         0.0000       957.2193          -4292.4218       304.1002     -5249.6411     -4290.0389       298.6247           -495.1724      -472.0499     22648.8001      -213.7621      -213.8098

LDB: ============= START OF LOAD BALANCING ============== 437.126
LDB: ============== END OF LOAD BALANCING =============== 437.126
Info: useSync: 0 useProxySync: 0
LDB: =============== DONE WITH MIGRATION ================ 437.127
LDB: ============= START OF LOAD BALANCING ============== 437.192
LDB: Largest compute 52 load 0.013240 is 24.3% of average load 0.054497
LDB: Average compute 0.003873 is 7.1% of average load 0.054497
LDB: TIME 437.192 LOAD: AVG 0.0544971 MAX 0.0574786  PROXIES: TOTAL 24 MAXPE 4 MAXPATCH 6 None MEM: 0.450179 MB
LDB: TIME 437.193 LOAD: AVG 0.0544971 MAX 0.0574786  PROXIES: TOTAL 28 MAXPE 4 MAXPATCH 9 RefineTorusLB MEM: 0.450179 MB
LDB: TIME 437.193 LOAD: AVG 0.0544971 MAX 0.0574786  PROXIES: TOTAL 28 MAXPE 4 MAXPATCH 9 RefineTorusLB MEM: 0.450179 MB
LDB: ============== END OF LOAD BALANCING =============== 437.193
Info: useSync: 0 useProxySync: 0
LDB: =============== DONE WITH MIGRATION ================ 437.193
LDB: ============= START OF LOAD BALANCING ============== 439.853
LDB: ============== END OF LOAD BALANCING =============== 439.853
Info: useSync: 0 useProxySync: 0
LDB: =============== DONE WITH MIGRATION ================ 439.856
LDB: ============= START OF LOAD BALANCING ============== 439.921
LDB: Largest compute 52 load 0.013265 is 25.1% of average load 0.052914
LDB: Average compute 0.003758 is 7.1% of average load 0.052914
LDB: TIME 439.921 LOAD: AVG 0.0529139 MAX 0.058475  PROXIES: TOTAL 24 MAXPE 4 MAXPATCH 6 None MEM: 0.450179 MB
LDB: TIME 439.921 LOAD: AVG 0.0529139 MAX 0.058475  PROXIES: TOTAL 28 MAXPE 4 MAXPATCH 9 RefineTorusLB MEM: 0.450179 MB
LDB: TIME 439.921 LOAD: AVG 0.0529139 MAX 0.0577178  PROXIES: TOTAL 28 MAXPE 4 MAXPATCH 9 RefineTorusLB MEM: 0.450179 MB
LDB: ============== END OF LOAD BALANCING =============== 439.921
Info: useSync: 0 useProxySync: 0
LDB: =============== DONE WITH MIGRATION ================ 439.922
LDB: ============= START OF LOAD BALANCING ============== 442.524
LDB: ============== END OF LOAD BALANCING =============== 442.524
Info: useSync: 0 useProxySync: 0
LDB: =============== DONE WITH MIGRATION ================ 442.524
LDB: ============= START OF LOAD BALANCING ============== 442.59
LDB: Largest compute 163 load 0.012694 is 23.7% of average load 0.053651
LDB: Average compute 0.003808 is 7.1% of average load 0.053651
LDB: TIME 442.59 LOAD: AVG 0.0536508 MAX 0.0601025  PROXIES: TOTAL 24 MAXPE 4 MAXPATCH 6 None MEM: 0.450179 MB
LDB: TIME 442.591 LOAD: AVG 0.0536508 MAX 0.0601025  PROXIES: TOTAL 28 MAXPE 4 MAXPATCH 9 RefineTorusLB MEM: 0.450179 MB
LDB: TIME 442.591 LOAD: AVG 0.0536508 MAX 0.0570291  PROXIES: TOTAL 28 MAXPE 4 MAXPATCH 9 RefineTorusLB MEM: 0.450179 MB
LDB: ============== END OF LOAD BALANCING =============== 442.591
Info: useSync: 0 useProxySync: 0
LDB: =============== DONE WITH MIGRATION ================ 442.591
WRITING COORDINATES TO DCD FILE MDequil.dcd AT STEP 265000
PRESSURE: 265000 -583.594 265.55 231.356 421.39 -525.815 60.3045 633.043 337.775 188.076
GPRESSURE: 265000 -761.144 173.293 200.292 291.973 -499.067 -69.7967 460.256 269.631 396.028
PRESSAVG: 265000 -390.818 26.0565 -31.0888 9.40674 -445.231 -21.3691 -20.1729 -59.3688 9.2715
GPRESSAVG: 265000 -390.647 25.3486 -31.2179 9.64149 -445.327 -21.5897 -19.751 -59.4407 9.19073
ENERGY:  265000         0.0000         0.0000         0.0000         0.0000          -5564.3618       395.0703         0.0000         0.0000       961.0627          -4208.2289       305.3212     -5169.2915     -4204.5745       296.0262           -307.1110      -288.0610     23042.3959      -275.5925      -275.5945

LDB: ============= START OF LOAD BALANCING ============== 446.443
LDB: ============== END OF LOAD BALANCING =============== 446.444
Info: useSync: 0 useProxySync: 0
LDB: =============== DONE WITH MIGRATION ================ 446.445
LDB: ============= START OF LOAD BALANCING ============== 446.874
LDB: Largest compute 138 load 0.070661 is 118.6% of average load 0.059603
LDB: Average compute 0.004227 is 7.1% of average load 0.059603
LDB: TIME 446.886 LOAD: AVG 0.0596032 MAX 0.116758  PROXIES: TOTAL 24 MAXPE 4 MAXPATCH 6 None MEM: 0.450179 MB
LDB: TIME 446.886 LOAD: AVG 0.0596032 MAX 0.116758  PROXIES: TOTAL 28 MAXPE 4 MAXPATCH 9 RefineTorusLB MEM: 0.450179 MB
LDB: TIME 446.886 LOAD: AVG 0.0596032 MAX 0.0849481  PROXIES: TOTAL 26 MAXPE 4 MAXPATCH 8 RefineTorusLB MEM: 0.450179 MB
LDB: ============== END OF LOAD BALANCING =============== 446.898
Info: useSync: 0 useProxySync: 0
LDB: =============== DONE WITH MIGRATION ================ 446.959
LDB: ============= START OF LOAD BALANCING ============== 458.444
LDB: ============== END OF LOAD BALANCING =============== 458.444
Info: useSync: 0 useProxySync: 0
LDB: =============== DONE WITH MIGRATION ================ 458.471
LDB: ============= START OF LOAD BALANCING ============== 458.833
LDB: Largest compute 145 load 0.012072 is 25.4% of average load 0.047607
LDB: Average compute 0.003262 is 6.9% of average load 0.047607
LDB: TIME 458.839 LOAD: AVG 0.0476073 MAX 0.0551809  PROXIES: TOTAL 24 MAXPE 4 MAXPATCH 6 None MEM: 0.450179 MB
LDB: TIME 458.839 LOAD: AVG 0.0476073 MAX 0.0551809  PROXIES: TOTAL 26 MAXPE 4 MAXPATCH 8 RefineTorusLB MEM: 0.450179 MB
LDB: TIME 458.839 LOAD: AVG 0.0476073 MAX 0.0519603  PROXIES: TOTAL 27 MAXPE 4 MAXPATCH 8 RefineTorusLB MEM: 0.450179 MB
LDB: ============== END OF LOAD BALANCING =============== 458.845
Info: useSync: 0 useProxySync: 0
LDB: =============== DONE WITH MIGRATION ================ 458.918
WRITING COORDINATES TO DCD FILE MDequil.dcd AT STEP 270000
PRESSURE: 270000 -1307.41 637.84 -409.875 594.467 -191.649 -927.929 320.855 -826.049 -532.41
GPRESSURE: 270000 -1346.93 561.628 -565.421 632.358 -52.0535 -820.847 273.116 -1094.67 -548.019
PRESSAVG: 270000 -421.143 -18.6289 -35.5104 -14.7899 -398.817 -46.2632 -32.3025 -53.3015 11.9903
GPRESSAVG: 270000 -420.88 -18.1779 -35.781 -14.8984 -399.078 -45.9101 -32.2239 -53.5615 12.0712
ENERGY:  270000         0.0000         0.0000         0.0000         0.0000          -5506.7560       356.0228         0.0000         0.0000       939.7405          -4210.9927       298.5473     -5150.7332     -4209.0582       302.1480           -677.1570      -649.0009     23034.2014      -269.3234      -269.2954

LDB: ============= START OF LOAD BALANCING ============== 470.974
LDB: ============== END OF LOAD BALANCING =============== 470.977
Info: useSync: 0 useProxySync: 0
LDB: =============== DONE WITH MIGRATION ================ 471.002
LDB: ============= START OF LOAD BALANCING ============== 471.258
LDB: Largest compute 145 load 0.012236 is 24.2% of average load 0.050618
LDB: Average compute 0.003462 is 6.8% of average load 0.050618
LDB: TIME 471.264 LOAD: AVG 0.050618 MAX 0.0599885  PROXIES: TOTAL 24 MAXPE 4 MAXPATCH 6 None MEM: 0.450179 MB
LDB: TIME 471.264 LOAD: AVG 0.050618 MAX 0.0599885  PROXIES: TOTAL 27 MAXPE 4 MAXPATCH 8 RefineTorusLB MEM: 0.450179 MB
LDB: TIME 471.264 LOAD: AVG 0.050618 MAX 0.0548697  PROXIES: TOTAL 27 MAXPE 4 MAXPATCH 8 RefineTorusLB MEM: 0.450179 MB
LDB: ============== END OF LOAD BALANCING =============== 471.27
Info: useSync: 0 useProxySync: 0
LDB: =============== DONE WITH MIGRATION ================ 471.288
LDB: ============= START OF LOAD BALANCING ============== 482.934
LDB: ============== END OF LOAD BALANCING =============== 482.936
Info: useSync: 0 useProxySync: 0
LDB: =============== DONE WITH MIGRATION ================ 482.948
LDB: ============= START OF LOAD BALANCING ============== 483.224
LDB: Largest compute 66 load 0.014728 is 29.0% of average load 0.050770
LDB: Average compute 0.003517 is 6.9% of average load 0.050770
LDB: TIME 483.236 LOAD: AVG 0.0507705 MAX 0.0675905  PROXIES: TOTAL 24 MAXPE 4 MAXPATCH 6 None MEM: 0.450179 MB
LDB: TIME 483.236 LOAD: AVG 0.0507705 MAX 0.0675905  PROXIES: TOTAL 27 MAXPE 4 MAXPATCH 8 RefineTorusLB MEM: 0.450179 MB
LDB: TIME 483.236 LOAD: AVG 0.0507705 MAX 0.055412  PROXIES: TOTAL 27 MAXPE 4 MAXPATCH 8 RefineTorusLB MEM: 0.450179 MB
LDB: ============== END OF LOAD BALANCING =============== 483.244
Info: useSync: 0 useProxySync: 0
LDB: =============== DONE WITH MIGRATION ================ 483.293
LDB: ============= START OF LOAD BALANCING ============== 486.822
LDB: ============== END OF LOAD BALANCING =============== 486.822
Info: useSync: 0 useProxySync: 0
LDB: =============== DONE WITH MIGRATION ================ 486.823
LDB: ============= START OF LOAD BALANCING ============== 486.883
LDB: Largest compute 163 load 0.011278 is 23.3% of average load 0.048334
LDB: Average compute 0.003435 is 7.1% of average load 0.048334
LDB: TIME 486.883 LOAD: AVG 0.0483336 MAX 0.0551107  PROXIES: TOTAL 24 MAXPE 4 MAXPATCH 6 None MEM: 0.450179 MB
LDB: TIME 486.883 LOAD: AVG 0.0483336 MAX 0.0551107  PROXIES: TOTAL 27 MAXPE 4 MAXPATCH 8 RefineTorusLB MEM: 0.450179 MB
LDB: TIME 486.883 LOAD: AVG 0.0483336 MAX 0.0525173  PROXIES: TOTAL 27 MAXPE 4 MAXPATCH 8 RefineTorusLB MEM: 0.450179 MB
LDB: ============== END OF LOAD BALANCING =============== 486.883
Info: useSync: 0 useProxySync: 0
LDB: =============== DONE WITH MIGRATION ================ 486.884
WRITING COORDINATES TO DCD FILE MDequil.dcd AT STEP 275000
PRESSURE: 275000 -828.78 233.183 -214.952 -64.2807 -587.547 474.761 -573.792 264.308 400.817
GPRESSURE: 275000 -672.001 150.377 -114.465 -102.879 -612.277 405.987 -667.154 335.539 357.559
PRESSAVG: 275000 -351.91 56.987 -19.311 6.17464 -439.838 -39.6705 -47.7666 -46.6593 -13.8652
GPRESSAVG: 275000 -351.915 56.5631 -19.668 6.03367 -439.914 -39.9145 -47.0581 -46.7051 -14.2025
ENERGY:  275000         0.0000         0.0000         0.0000         0.0000          -5512.1739       369.6084         0.0000         0.0000       891.7348          -4250.8306       283.2963     -5142.5655     -4250.0702       302.7971           -338.5034      -308.9065     22634.8665      -268.5379      -268.6773

LDB: ============= START OF LOAD BALANCING ============== 489.281
LDB: ============== END OF LOAD BALANCING =============== 489.281
Info: useSync: 0 useProxySync: 0
LDB: =============== DONE WITH MIGRATION ================ 489.281
LDB: ============= START OF LOAD BALANCING ============== 489.341
LDB: Largest compute 163 load 0.012453 is 26.0% of average load 0.047979
LDB: Average compute 0.003411 is 7.1% of average load 0.047979
LDB: TIME 489.342 LOAD: AVG 0.0479789 MAX 0.0529578  PROXIES: TOTAL 24 MAXPE 4 MAXPATCH 6 None MEM: 0.450179 MB
LDB: TIME 489.342 LOAD: AVG 0.0479789 MAX 0.0529578  PROXIES: TOTAL 27 MAXPE 4 MAXPATCH 8 RefineTorusLB MEM: 0.450179 MB
LDB: TIME 489.342 LOAD: AVG 0.0479789 MAX 0.0512179  PROXIES: TOTAL 28 MAXPE 4 MAXPATCH 8 RefineTorusLB MEM: 0.450179 MB
LDB: ============== END OF LOAD BALANCING =============== 489.342
Info: useSync: 0 useProxySync: 0
LDB: =============== DONE WITH MIGRATION ================ 489.342
LDB: ============= START OF LOAD BALANCING ============== 491.788
LDB: ============== END OF LOAD BALANCING =============== 491.788
Info: useSync: 0 useProxySync: 0
LDB: =============== DONE WITH MIGRATION ================ 491.788
LDB: ============= START OF LOAD BALANCING ============== 491.856
LDB: Largest compute 163 load 0.014219 is 26.2% of average load 0.054370
LDB: Average compute 0.003863 is 7.1% of average load 0.054370
LDB: TIME 491.856 LOAD: AVG 0.0543703 MAX 0.0588961  PROXIES: TOTAL 24 MAXPE 4 MAXPATCH 6 None MEM: 0.450179 MB
LDB: TIME 491.856 LOAD: AVG 0.0543703 MAX 0.0588961  PROXIES: TOTAL 28 MAXPE 4 MAXPATCH 8 RefineTorusLB MEM: 0.450179 MB
LDB: TIME 491.856 LOAD: AVG 0.0543703 MAX 0.0588961  PROXIES: TOTAL 28 MAXPE 4 MAXPATCH 8 RefineTorusLB MEM: 0.450179 MB
LDB: ============== END OF LOAD BALANCING =============== 491.856
Info: useSync: 0 useProxySync: 0
LDB: =============== DONE WITH MIGRATION ================ 491.857
WRITING COORDINATES TO DCD FILE MDequil.dcd AT STEP 280000
PRESSURE: 280000 -120.191 151.721 -69.5716 -29.837 410.179 -579.852 -160.839 7.97746 760.198
GPRESSURE: 280000 -123.002 100.636 -329.593 231.711 477.244 -380.309 363.93 73.9622 712.809
PRESSAVG: 280000 -440.094 -43.7825 0.556863 -58.9104 -392.134 -3.79741 -41.8042 -27.3186 -10.8432
GPRESSAVG: 280000 -439.966 -43.605 0.821764 -59.3308 -391.977 -3.77452 -42.0137 -27.1832 -10.6228
ENERGY:  280000         0.0000         0.0000         0.0000         0.0000          -5619.0373       413.0274         0.0000         0.0000       964.3849          -4241.6249       306.3766     -5206.0098     -4240.9663       302.7067            350.0619       355.6836     22458.0923      -281.0237      -280.8553

LDB: ============= START OF LOAD BALANCING ============== 494.497
LDB: ============== END OF LOAD BALANCING =============== 494.497
Info: useSync: 0 useProxySync: 0
LDB: =============== DONE WITH MIGRATION ================ 494.498
LDB: ============= START OF LOAD BALANCING ============== 494.568
LDB: Largest compute 163 load 0.014002 is 26.0% of average load 0.053771
LDB: Average compute 0.003802 is 7.1% of average load 0.053771
LDB: TIME 494.568 LOAD: AVG 0.0537706 MAX 0.0575028  PROXIES: TOTAL 24 MAXPE 4 MAXPATCH 6 None MEM: 0.450179 MB
LDB: TIME 494.568 LOAD: AVG 0.0537706 MAX 0.0575028  PROXIES: TOTAL 28 MAXPE 4 MAXPATCH 8 RefineTorusLB MEM: 0.450179 MB
LDB: TIME 494.568 LOAD: AVG 0.0537706 MAX 0.0575028  PROXIES: TOTAL 28 MAXPE 4 MAXPATCH 8 RefineTorusLB MEM: 0.450179 MB
LDB: ============== END OF LOAD BALANCING =============== 494.569
Info: useSync: 0 useProxySync: 0
LDB: =============== DONE WITH MIGRATION ================ 494.569
LDB: ============= START OF LOAD BALANCING ============== 497.183
LDB: ============== END OF LOAD BALANCING =============== 497.183
Info: useSync: 0 useProxySync: 0
LDB: =============== DONE WITH MIGRATION ================ 497.183
LDB: ============= START OF LOAD BALANCING ============== 497.249
LDB: Largest compute 162 load 0.012634 is 23.6% of average load 0.053581
LDB: Average compute 0.003798 is 7.1% of average load 0.053581
LDB: TIME 497.249 LOAD: AVG 0.0535809 MAX 0.0574833  PROXIES: TOTAL 24 MAXPE 4 MAXPATCH 6 None MEM: 0.450179 MB
LDB: TIME 497.249 LOAD: AVG 0.0535809 MAX 0.0574833  PROXIES: TOTAL 28 MAXPE 4 MAXPATCH 8 RefineTorusLB MEM: 0.450179 MB
LDB: TIME 497.249 LOAD: AVG 0.0535809 MAX 0.0574833  PROXIES: TOTAL 28 MAXPE 4 MAXPATCH 8 RefineTorusLB MEM: 0.450179 MB
LDB: ============== END OF LOAD BALANCING =============== 497.249
Info: useSync: 0 useProxySync: 0
LDB: =============== DONE WITH MIGRATION ================ 497.25
LDB: ============= START OF LOAD BALANCING ============== 499.969
LDB: ============== END OF LOAD BALANCING =============== 499.969
Info: useSync: 0 useProxySync: 0
LDB: =============== DONE WITH MIGRATION ================ 499.969
LDB: ============= START OF LOAD BALANCING ============== 500.037
LDB: Largest compute 163 load 0.012996 is 24.0% of average load 0.054198
LDB: Average compute 0.003852 is 7.1% of average load 0.054198
LDB: TIME 500.038 LOAD: AVG 0.0541984 MAX 0.059348  PROXIES: TOTAL 24 MAXPE 4 MAXPATCH 6 None MEM: 0.450179 MB
LDB: TIME 500.038 LOAD: AVG 0.0541984 MAX 0.059348  PROXIES: TOTAL 28 MAXPE 4 MAXPATCH 8 RefineTorusLB MEM: 0.450179 MB
LDB: TIME 500.038 LOAD: AVG 0.0541984 MAX 0.058309  PROXIES: TOTAL 28 MAXPE 4 MAXPATCH 8 RefineTorusLB MEM: 0.450179 MB
LDB: ============== END OF LOAD BALANCING =============== 500.038
Info: useSync: 0 useProxySync: 0
LDB: =============== DONE WITH MIGRATION ================ 500.038
WRITING COORDINATES TO DCD FILE MDequil.dcd AT STEP 285000
PRESSURE: 285000 150.326 -75.7346 -409.53 159.529 -975.484 -44.5512 -163.297 82.0341 -572.928
GPRESSURE: 285000 94.8416 222.095 -484.254 -104.269 -981.493 202.489 -227.374 86.3304 -402.92
PRESSAVG: 285000 -314.554 -24.7991 -15.3943 -22.4794 -328.864 68.7806 24.5949 13.0464 7.56207
GPRESSAVG: 285000 -314.413 -25.1938 -15.5766 -22.1691 -328.714 68.9478 24.5451 13.2739 7.38869
ENERGY:  285000         0.0000         0.0000         0.0000         0.0000          -5536.3180       378.7351         0.0000         0.0000       931.6828          -4225.9001       295.9875     -5157.5829     -4223.9816       299.5853           -466.0286      -429.8571     22925.1829      -211.9520      -211.9130

LDB: ============= START OF LOAD BALANCING ============== 502.698
LDB: ============== END OF LOAD BALANCING =============== 502.698
Info: useSync: 0 useProxySync: 0
LDB: =============== DONE WITH MIGRATION ================ 502.698
LDB: ============= START OF LOAD BALANCING ============== 502.765
LDB: Largest compute 163 load 0.012846 is 24.0% of average load 0.053564
LDB: Average compute 0.003798 is 7.1% of average load 0.053564
LDB: TIME 502.765 LOAD: AVG 0.0535638 MAX 0.0601868  PROXIES: TOTAL 24 MAXPE 4 MAXPATCH 6 None MEM: 0.450179 MB
LDB: TIME 502.765 LOAD: AVG 0.0535638 MAX 0.0601868  PROXIES: TOTAL 28 MAXPE 4 MAXPATCH 8 RefineTorusLB MEM: 0.450179 MB
LDB: TIME 502.765 LOAD: AVG 0.0535638 MAX 0.0584698  PROXIES: TOTAL 28 MAXPE 4 MAXPATCH 8 RefineTorusLB MEM: 0.450179 MB
LDB: ============== END OF LOAD BALANCING =============== 502.765
Info: useSync: 0 useProxySync: 0
LDB: =============== DONE WITH MIGRATION ================ 502.765
LDB: ============= START OF LOAD BALANCING ============== 505.34
LDB: ============== END OF LOAD BALANCING =============== 505.34
Info: useSync: 0 useProxySync: 0
LDB: =============== DONE WITH MIGRATION ================ 505.352
LDB: ============= START OF LOAD BALANCING ============== 505.423
LDB: Largest compute 163 load 0.014002 is 26.3% of average load 0.053277
LDB: Average compute 0.003777 is 7.1% of average load 0.053277
LDB: TIME 505.423 LOAD: AVG 0.0532771 MAX 0.0591771  PROXIES: TOTAL 24 MAXPE 4 MAXPATCH 6 None MEM: 0.450179 MB
LDB: TIME 505.423 LOAD: AVG 0.0532771 MAX 0.0591771  PROXIES: TOTAL 28 MAXPE 4 MAXPATCH 8 RefineTorusLB MEM: 0.450179 MB
LDB: TIME 505.423 LOAD: AVG 0.0532771 MAX 0.0559999  PROXIES: TOTAL 28 MAXPE 4 MAXPATCH 8 RefineTorusLB MEM: 0.450179 MB
LDB: ============== END OF LOAD BALANCING =============== 505.423
Info: useSync: 0 useProxySync: 0
LDB: =============== DONE WITH MIGRATION ================ 505.423
WRITING COORDINATES TO DCD FILE MDequil.dcd AT STEP 290000
PRESSURE: 290000 -889.802 -317.008 20.5045 -342.007 403.79 585.459 1058.15 1122.78 -304.211
GPRESSURE: 290000 -806.919 -384.057 -20.7814 -170.758 528.72 311.207 851.667 1271.07 -441.431
PRESSAVG: 290000 -364.067 34.9483 -13.884 54.6158 -230.811 24.3225 10.8616 16.2856 14.4663
GPRESSAVG: 290000 -363.713 34.6272 -13.7019 54.2255 -230.958 24.2367 10.7061 16.0363 14.2744
ENERGY:  290000         0.0000         0.0000         0.0000         0.0000          -5609.0017       399.6387         0.0000         0.0000       913.0655          -4296.2975       290.0729     -5209.3630     -4294.5817       301.4005           -263.4076      -239.8767     22692.4354      -193.4708      -193.4656

LDB: ============= START OF LOAD BALANCING ============== 508.058
LDB: ============== END OF LOAD BALANCING =============== 508.059
Info: useSync: 0 useProxySync: 0
LDB: =============== DONE WITH MIGRATION ================ 508.066
LDB: ============= START OF LOAD BALANCING ============== 508.132
LDB: Largest compute 163 load 0.012234 is 23.7% of average load 0.051714
LDB: Average compute 0.003668 is 7.1% of average load 0.051714
LDB: TIME 508.135 LOAD: AVG 0.0517141 MAX 0.0585879  PROXIES: TOTAL 24 MAXPE 4 MAXPATCH 6 None MEM: 0.450179 MB
LDB: TIME 508.135 LOAD: AVG 0.0517141 MAX 0.0585879  PROXIES: TOTAL 28 MAXPE 4 MAXPATCH 8 RefineTorusLB MEM: 0.450179 MB
LDB: TIME 508.135 LOAD: AVG 0.0517141 MAX 0.0559127  PROXIES: TOTAL 28 MAXPE 4 MAXPATCH 8 RefineTorusLB MEM: 0.450179 MB
LDB: ============== END OF LOAD BALANCING =============== 508.135
Info: useSync: 0 useProxySync: 0
LDB: =============== DONE WITH MIGRATION ================ 508.135
LDB: ============= START OF LOAD BALANCING ============== 510.738
LDB: ============== END OF LOAD BALANCING =============== 510.738
Info: useSync: 0 useProxySync: 0
LDB: =============== DONE WITH MIGRATION ================ 510.739
LDB: ============= START OF LOAD BALANCING ============== 510.806
LDB: Largest compute 162 load 0.013475 is 24.9% of average load 0.054139
LDB: Average compute 0.003853 is 7.1% of average load 0.054139
LDB: TIME 510.806 LOAD: AVG 0.0541392 MAX 0.0590049  PROXIES: TOTAL 24 MAXPE 4 MAXPATCH 6 None MEM: 0.450179 MB
LDB: TIME 510.806 LOAD: AVG 0.0541392 MAX 0.0590049  PROXIES: TOTAL 28 MAXPE 4 MAXPATCH 8 RefineTorusLB MEM: 0.450179 MB
LDB: TIME 510.806 LOAD: AVG 0.0541392 MAX 0.0590049  PROXIES: TOTAL 28 MAXPE 4 MAXPATCH 8 RefineTorusLB MEM: 0.450179 MB
LDB: ============== END OF LOAD BALANCING =============== 510.806
Info: useSync: 0 useProxySync: 0
LDB: =============== DONE WITH MIGRATION ================ 510.806
LDB: ============= START OF LOAD BALANCING ============== 513.406
LDB: ============== END OF LOAD BALANCING =============== 513.406
Info: useSync: 0 useProxySync: 0
LDB: =============== DONE WITH MIGRATION ================ 513.406
LDB: ============= START OF LOAD BALANCING ============== 513.473
LDB: Largest compute 162 load 0.013448 is 24.9% of average load 0.054075
LDB: Average compute 0.003852 is 7.1% of average load 0.054075
LDB: TIME 513.473 LOAD: AVG 0.0540753 MAX 0.0587826  PROXIES: TOTAL 24 MAXPE 4 MAXPATCH 6 None MEM: 0.450179 MB
LDB: TIME 513.473 LOAD: AVG 0.0540753 MAX 0.0587826  PROXIES: TOTAL 28 MAXPE 4 MAXPATCH 8 RefineTorusLB MEM: 0.450179 MB
LDB: TIME 513.473 LOAD: AVG 0.0540753 MAX 0.0587826  PROXIES: TOTAL 28 MAXPE 4 MAXPATCH 8 RefineTorusLB MEM: 0.450179 MB
LDB: ============== END OF LOAD BALANCING =============== 513.473
Info: useSync: 0 useProxySync: 0
LDB: =============== DONE WITH MIGRATION ================ 513.473
WRITING COORDINATES TO DCD FILE MDequil.dcd AT STEP 295000
PRESSURE: 295000 203.12 -506.74 -442.671 -463.909 485.085 -226.006 -235.056 -143.821 711.866
GPRESSURE: 295000 173.294 -312.048 -497.461 -492.276 486.738 -408.223 -142.892 24.0448 798.232
PRESSAVG: 295000 -394.172 -5.80364 -57.141 5.18319 -343.228 47.3738 -41.964 32.6439 19.6226
GPRESSAVG: 295000 -394.437 -5.82727 -56.9103 4.89453 -343.107 47.5846 -42.2786 32.5008 19.5017
ENERGY:  295000         0.0000         0.0000         0.0000         0.0000          -5636.5936       437.3218         0.0000         0.0000       962.2242          -4237.0477       305.6902     -5199.2719     -4235.1220       298.5589            466.6902       486.0879     22548.5442      -239.2592      -239.3474

LDB: ============= START OF LOAD BALANCING ============== 516.073
LDB: ============== END OF LOAD BALANCING =============== 516.073
Info: useSync: 0 useProxySync: 0
LDB: =============== DONE WITH MIGRATION ================ 516.073
LDB: ============= START OF LOAD BALANCING ============== 516.14
LDB: Largest compute 145 load 0.013537 is 25.2% of average load 0.053640
LDB: Average compute 0.003814 is 7.1% of average load 0.053640
LDB: TIME 516.14 LOAD: AVG 0.0536401 MAX 0.0570068  PROXIES: TOTAL 24 MAXPE 4 MAXPATCH 6 None MEM: 0.450179 MB
LDB: TIME 516.14 LOAD: AVG 0.0536401 MAX 0.0570068  PROXIES: TOTAL 28 MAXPE 4 MAXPATCH 8 RefineTorusLB MEM: 0.450179 MB
LDB: TIME 516.14 LOAD: AVG 0.0536401 MAX 0.0570068  PROXIES: TOTAL 28 MAXPE 4 MAXPATCH 8 RefineTorusLB MEM: 0.450179 MB
LDB: ============== END OF LOAD BALANCING =============== 516.14
Info: useSync: 0 useProxySync: 0
LDB: =============== DONE WITH MIGRATION ================ 516.141
LDB: ============= START OF LOAD BALANCING ============== 518.89
LDB: ============== END OF LOAD BALANCING =============== 518.89
Info: useSync: 0 useProxySync: 0
LDB: =============== DONE WITH MIGRATION ================ 518.89
LDB: ============= START OF LOAD BALANCING ============== 518.956
LDB: Largest compute 163 load 0.013280 is 24.6% of average load 0.054090
LDB: Average compute 0.003849 is 7.1% of average load 0.054090
LDB: TIME 518.956 LOAD: AVG 0.0540902 MAX 0.0583162  PROXIES: TOTAL 24 MAXPE 4 MAXPATCH 6 None MEM: 0.450179 MB
LDB: TIME 518.956 LOAD: AVG 0.0540902 MAX 0.0583162  PROXIES: TOTAL 28 MAXPE 4 MAXPATCH 8 RefineTorusLB MEM: 0.450179 MB
LDB: TIME 518.956 LOAD: AVG 0.0540902 MAX 0.0583162  PROXIES: TOTAL 28 MAXPE 4 MAXPATCH 8 RefineTorusLB MEM: 0.450179 MB
LDB: ============== END OF LOAD BALANCING =============== 518.956
Info: useSync: 0 useProxySync: 0
LDB: =============== DONE WITH MIGRATION ================ 518.957
WRITING COORDINATES TO DCD FILE MDequil.dcd AT STEP 300000
WRITING COORDINATES TO RESTART FILE AT STEP 300000
FINISHED WRITING RESTART COORDINATES
WRITING VELOCITIES TO RESTART FILE AT STEP 300000
FINISHED WRITING RESTART VELOCITIES
PRESSURE: 300000 -73.4027 193.855 197.726 240.708 -279.319 257.299 -57.3936 236.282 -918.235
GPRESSURE: 300000 22.8565 44.976 45.0344 414.514 -288.59 408.828 282.738 232.002 -985.438
PRESSAVG: 300000 -315.129 16.7169 0.657716 26.0147 -284.505 2.63205 18.9681 35.2597 -1.82951
GPRESSAVG: 300000 -314.82 17.1667 0.913197 25.8653 -284.419 3.11582 19.2402 35.4579 -1.94198
TIMING: 300000  CPU: 493.16, 0.00187739/step  Wall: 510.006, 0.00195581/step, 0.108656 hours remaining, 0.450179 MB of memory in use.
PERFORMANCE: 300000  averaging 101.647 ns/day, 0.0017 sec/step with standard deviation 0.000459432
ETITLE:      TS           BOND          ANGLE          DIHED          IMPRP               ELECT            VDW       BOUNDARY           MISC        KINETIC               TOTAL           TEMP      POTENTIAL         TOTAL3        TEMPAVG            PRESSURE      GPRESSURE         VOLUME       PRESSAVG      GPRESSAVG

ENERGY:  300000         0.0000         0.0000         0.0000         0.0000          -5578.7302       377.6554         0.0000         0.0000       940.2306          -4260.8442       298.7030     -5201.0748     -4258.7730       297.4911           -423.6523      -417.0571     22723.9246      -200.4879      -200.3935

WRITING EXTENDED SYSTEM TO RESTART FILE AT STEP 300000
LDB: ============= START OF LOAD BALANCING ============== 521.567
LDB: ============== END OF LOAD BALANCING =============== 521.568
Info: useSync: 0 useProxySync: 0
LDB: =============== DONE WITH MIGRATION ================ 521.568
LDB: ============= START OF LOAD BALANCING ============== 521.633
LDB: Largest compute 162 load 0.012994 is 24.4% of average load 0.053325
LDB: Average compute 0.003784 is 7.1% of average load 0.053325
LDB: TIME 521.633 LOAD: AVG 0.0533251 MAX 0.0579212  PROXIES: TOTAL 24 MAXPE 4 MAXPATCH 6 None MEM: 0.450179 MB
LDB: TIME 521.634 LOAD: AVG 0.0533251 MAX 0.0579212  PROXIES: TOTAL 28 MAXPE 4 MAXPATCH 8 RefineTorusLB MEM: 0.450179 MB
LDB: TIME 521.634 LOAD: AVG 0.0533251 MAX 0.0579212  PROXIES: TOTAL 28 MAXPE 4 MAXPATCH 8 RefineTorusLB MEM: 0.450179 MB
LDB: ============== END OF LOAD BALANCING =============== 521.634
Info: useSync: 0 useProxySync: 0
LDB: =============== DONE WITH MIGRATION ================ 521.634
LDB: ============= START OF LOAD BALANCING ============== 524.206
LDB: ============== END OF LOAD BALANCING =============== 524.207
Info: useSync: 0 useProxySync: 0
LDB: =============== DONE WITH MIGRATION ================ 524.207
LDB: ============= START OF LOAD BALANCING ============== 524.274
LDB: Largest compute 162 load 0.013297 is 24.7% of average load 0.053870
LDB: Average compute 0.003830 is 7.1% of average load 0.053870
LDB: TIME 524.274 LOAD: AVG 0.0538699 MAX 0.0580419  PROXIES: TOTAL 24 MAXPE 4 MAXPATCH 6 None MEM: 0.450179 MB
LDB: TIME 524.274 LOAD: AVG 0.0538699 MAX 0.0580419  PROXIES: TOTAL 28 MAXPE 4 MAXPATCH 8 RefineTorusLB MEM: 0.450179 MB
LDB: TIME 524.274 LOAD: AVG 0.0538699 MAX 0.0580419  PROXIES: TOTAL 28 MAXPE 4 MAXPATCH 8 RefineTorusLB MEM: 0.450179 MB
LDB: ============== END OF LOAD BALANCING =============== 524.274
Info: useSync: 0 useProxySync: 0
LDB: =============== DONE WITH MIGRATION ================ 524.274
LDB: ============= START OF LOAD BALANCING ============== 526.864
LDB: ============== END OF LOAD BALANCING =============== 526.867
Info: useSync: 0 useProxySync: 0
LDB: =============== DONE WITH MIGRATION ================ 526.867
LDB: ============= START OF LOAD BALANCING ============== 526.934
LDB: Largest compute 145 load 0.012695 is 23.7% of average load 0.053644
LDB: Average compute 0.003811 is 7.1% of average load 0.053644
LDB: TIME 526.934 LOAD: AVG 0.0536437 MAX 0.0572253  PROXIES: TOTAL 24 MAXPE 4 MAXPATCH 6 None MEM: 0.450179 MB
LDB: TIME 526.934 LOAD: AVG 0.0536437 MAX 0.0572253  PROXIES: TOTAL 28 MAXPE 4 MAXPATCH 8 RefineTorusLB MEM: 0.450179 MB
LDB: TIME 526.934 LOAD: AVG 0.0536437 MAX 0.0572253  PROXIES: TOTAL 28 MAXPE 4 MAXPATCH 8 RefineTorusLB MEM: 0.450179 MB
LDB: ============== END OF LOAD BALANCING =============== 526.934
Info: useSync: 0 useProxySync: 0
LDB: =============== DONE WITH MIGRATION ================ 526.934
WRITING COORDINATES TO DCD FILE MDequil.dcd AT STEP 305000
PRESSURE: 305000 -597.356 750.84 96.1844 58.9871 -593.798 -581.932 226.016 65.5413 -302.189
GPRESSURE: 305000 -810.784 894.053 -80.0786 18.8408 -387.249 -501.166 435.616 -49.7858 -226.402
PRESSAVG: 305000 -360.843 48.3539 4.24297 7.51734 -414.723 -60.5704 21.0682 -65.0822 -12.5946
GPRESSAVG: 305000 -361.223 48.1372 3.79363 7.58703 -415.073 -60.6965 21.1739 -65.0887 -12.6247
ENERGY:  305000         0.0000         0.0000         0.0000         0.0000          -5536.3368       346.0090         0.0000         0.0000       899.4425          -4290.8854       285.7450     -5190.3278     -4288.1035       303.6797           -497.7814      -474.8119     22447.8482      -262.7203      -262.9734

LDB: ============= START OF LOAD BALANCING ============== 529.556
LDB: ============== END OF LOAD BALANCING =============== 529.556
Info: useSync: 0 useProxySync: 0
LDB: =============== DONE WITH MIGRATION ================ 529.556
LDB: ============= START OF LOAD BALANCING ============== 529.623
LDB: Largest compute 145 load 0.013029 is 24.2% of average load 0.053827
LDB: Average compute 0.003829 is 7.1% of average load 0.053827
LDB: TIME 529.623 LOAD: AVG 0.0538271 MAX 0.0591203  PROXIES: TOTAL 24 MAXPE 4 MAXPATCH 6 None MEM: 0.450179 MB
LDB: TIME 529.623 LOAD: AVG 0.0538271 MAX 0.0591203  PROXIES: TOTAL 28 MAXPE 4 MAXPATCH 8 RefineTorusLB MEM: 0.450179 MB
LDB: TIME 529.623 LOAD: AVG 0.0538271 MAX 0.0583836  PROXIES: TOTAL 28 MAXPE 4 MAXPATCH 8 RefineTorusLB MEM: 0.450179 MB
LDB: ============== END OF LOAD BALANCING =============== 529.623
Info: useSync: 0 useProxySync: 0
LDB: =============== DONE WITH MIGRATION ================ 529.623
LDB: ============= START OF LOAD BALANCING ============== 532.231
LDB: ============== END OF LOAD BALANCING =============== 532.231
Info: useSync: 0 useProxySync: 0
LDB: =============== DONE WITH MIGRATION ================ 532.231
LDB: ============= START OF LOAD BALANCING ============== 532.3
LDB: Largest compute 163 load 0.013861 is 25.5% of average load 0.054306
LDB: Average compute 0.003847 is 7.1% of average load 0.054306
LDB: TIME 532.301 LOAD: AVG 0.0543058 MAX 0.0604753  PROXIES: TOTAL 24 MAXPE 4 MAXPATCH 6 None MEM: 0.450179 MB
LDB: TIME 532.301 LOAD: AVG 0.0543058 MAX 0.0604753  PROXIES: TOTAL 28 MAXPE 4 MAXPATCH 8 RefineTorusLB MEM: 0.450179 MB
LDB: TIME 532.301 LOAD: AVG 0.0543058 MAX 0.0584383  PROXIES: TOTAL 28 MAXPE 4 MAXPATCH 8 RefineTorusLB MEM: 0.450179 MB
LDB: ============== END OF LOAD BALANCING =============== 532.301
Info: useSync: 0 useProxySync: 0
LDB: =============== DONE WITH MIGRATION ================ 532.301
WRITING COORDINATES TO DCD FILE MDequil.dcd AT STEP 310000
PRESSURE: 310000 -119.665 23.8607 36.3203 22.648 -349.001 -55.0454 18.4269 -463.873 -976.42
GPRESSURE: 310000 -37.5147 -259.473 -462.876 157.957 -505.382 -184.573 284.696 -561.829 -832.748
PRESSAVG: 310000 -275.827 -0.648905 41.2302 -13.4463 -234.665 38.8257 21.9527 -26.6689 2.38024
GPRESSAVG: 310000 -275.456 -0.935478 41.043 -13.7206 -234.58 38.5886 22.3177 -26.4213 2.08802
ENERGY:  310000         0.0000         0.0000         0.0000         0.0000          -5616.4350       389.9136         0.0000         0.0000       972.0362          -4254.4853       308.8074     -5226.5215     -4251.9149       299.2378           -481.6954      -458.5483     22867.1789      -169.3705      -169.3159

LDB: ============= START OF LOAD BALANCING ============== 534.902
LDB: ============== END OF LOAD BALANCING =============== 534.902
Info: useSync: 0 useProxySync: 0
LDB: =============== DONE WITH MIGRATION ================ 534.902
LDB: ============= START OF LOAD BALANCING ============== 534.968
LDB: Largest compute 162 load 0.014030 is 26.5% of average load 0.052996
LDB: Average compute 0.003756 is 7.1% of average load 0.052996
LDB: TIME 534.969 LOAD: AVG 0.0529964 MAX 0.056532  PROXIES: TOTAL 24 MAXPE 4 MAXPATCH 6 None MEM: 0.450179 MB
LDB: TIME 534.969 LOAD: AVG 0.0529964 MAX 0.056532  PROXIES: TOTAL 28 MAXPE 4 MAXPATCH 8 RefineTorusLB MEM: 0.450179 MB
LDB: TIME 534.969 LOAD: AVG 0.0529964 MAX 0.056532  PROXIES: TOTAL 28 MAXPE 4 MAXPATCH 8 RefineTorusLB MEM: 0.450179 MB
LDB: ============== END OF LOAD BALANCING =============== 534.969
Info: useSync: 0 useProxySync: 0
LDB: =============== DONE WITH MIGRATION ================ 534.969
LDB: ============= START OF LOAD BALANCING ============== 537.582
LDB: ============== END OF LOAD BALANCING =============== 537.582
Info: useSync: 0 useProxySync: 0
LDB: =============== DONE WITH MIGRATION ================ 537.583
LDB: ============= START OF LOAD BALANCING ============== 537.649
LDB: Largest compute 6 load 0.012705 is 23.9% of average load 0.053165
LDB: Average compute 0.003770 is 7.1% of average load 0.053165
LDB: TIME 537.65 LOAD: AVG 0.0531652 MAX 0.058077  PROXIES: TOTAL 24 MAXPE 4 MAXPATCH 6 None MEM: 0.450179 MB
LDB: TIME 537.65 LOAD: AVG 0.0531652 MAX 0.058077  PROXIES: TOTAL 28 MAXPE 4 MAXPATCH 8 RefineTorusLB MEM: 0.450179 MB
LDB: TIME 537.65 LOAD: AVG 0.0531652 MAX 0.057827  PROXIES: TOTAL 28 MAXPE 4 MAXPATCH 8 RefineTorusLB MEM: 0.450179 MB
LDB: ============== END OF LOAD BALANCING =============== 537.65
Info: useSync: 0 useProxySync: 0
LDB: =============== DONE WITH MIGRATION ================ 537.65
LDB: ============= START OF LOAD BALANCING ============== 540.197
LDB: ============== END OF LOAD BALANCING =============== 540.197
Info: useSync: 0 useProxySync: 0
LDB: =============== DONE WITH MIGRATION ================ 540.198
LDB: ============= START OF LOAD BALANCING ============== 540.264
LDB: Largest compute 162 load 0.015056 is 27.8% of average load 0.054160
LDB: Average compute 0.003853 is 7.1% of average load 0.054160
LDB: TIME 540.264 LOAD: AVG 0.0541603 MAX 0.0587835  PROXIES: TOTAL 24 MAXPE 4 MAXPATCH 6 None MEM: 0.450179 MB
LDB: TIME 540.264 LOAD: AVG 0.0541603 MAX 0.0587835  PROXIES: TOTAL 28 MAXPE 4 MAXPATCH 8 RefineTorusLB MEM: 0.450179 MB
LDB: TIME 540.264 LOAD: AVG 0.0541603 MAX 0.0587835  PROXIES: TOTAL 28 MAXPE 4 MAXPATCH 8 RefineTorusLB MEM: 0.450179 MB
LDB: ============== END OF LOAD BALANCING =============== 540.264
Info: useSync: 0 useProxySync: 0
LDB: =============== DONE WITH MIGRATION ================ 540.264
WRITING COORDINATES TO DCD FILE MDequil.dcd AT STEP 315000
PRESSURE: 315000 -235.387 284.561 -16.1399 385.122 -363.248 166.53 -318.814 393.907 1657.06
GPRESSURE: 315000 -344.883 269.301 -115.913 195.059 -361.916 190.554 -161.429 231.475 1823.05
PRESSAVG: 315000 -376.227 -47.0091 75.198 1.37362 -360.679 -92.3267 -30.9196 -31.6362 3.81118
GPRESSAVG: 315000 -376.614 -46.8601 74.9579 1.42493 -360.22 -91.7882 -30.8831 -31.3204 3.77943
ENERGY:  315000         0.0000         0.0000         0.0000         0.0000          -5540.7520       417.2665         0.0000         0.0000       925.7016          -4197.7839       294.0873     -5123.4855     -4195.2714       300.4008            352.8081       372.0828     22938.6234      -244.3650      -244.3515

LDB: ============= START OF LOAD BALANCING ============== 542.845
LDB: ============== END OF LOAD BALANCING =============== 542.845
Info: useSync: 0 useProxySync: 0
LDB: =============== DONE WITH MIGRATION ================ 542.848
LDB: ============= START OF LOAD BALANCING ============== 542.915
LDB: Largest compute 162 load 0.013927 is 25.5% of average load 0.054707
LDB: Average compute 0.003882 is 7.1% of average load 0.054707
LDB: TIME 542.915 LOAD: AVG 0.0547067 MAX 0.0598456  PROXIES: TOTAL 24 MAXPE 4 MAXPATCH 6 None MEM: 0.450179 MB
LDB: TIME 542.915 LOAD: AVG 0.0547067 MAX 0.0598456  PROXIES: TOTAL 28 MAXPE 4 MAXPATCH 8 RefineTorusLB MEM: 0.450179 MB
LDB: TIME 542.915 LOAD: AVG 0.0547067 MAX 0.0594719  PROXIES: TOTAL 28 MAXPE 4 MAXPATCH 8 RefineTorusLB MEM: 0.450179 MB
LDB: ============== END OF LOAD BALANCING =============== 542.915
Info: useSync: 0 useProxySync: 0
LDB: =============== DONE WITH MIGRATION ================ 542.915
LDB: ============= START OF LOAD BALANCING ============== 545.473
LDB: ============== END OF LOAD BALANCING =============== 545.473
Info: useSync: 0 useProxySync: 0
LDB: =============== DONE WITH MIGRATION ================ 545.474
LDB: ============= START OF LOAD BALANCING ============== 545.539
LDB: Largest compute 163 load 0.013096 is 24.8% of average load 0.052827
LDB: Average compute 0.003748 is 7.1% of average load 0.052827
LDB: TIME 545.539 LOAD: AVG 0.052827 MAX 0.0579972  PROXIES: TOTAL 24 MAXPE 4 MAXPATCH 6 None MEM: 0.450179 MB
LDB: TIME 545.539 LOAD: AVG 0.052827 MAX 0.0579972  PROXIES: TOTAL 28 MAXPE 4 MAXPATCH 8 RefineTorusLB MEM: 0.450179 MB
LDB: TIME 545.539 LOAD: AVG 0.052827 MAX 0.0570161  PROXIES: TOTAL 28 MAXPE 4 MAXPATCH 8 RefineTorusLB MEM: 0.450179 MB
LDB: ============== END OF LOAD BALANCING =============== 545.539
Info: useSync: 0 useProxySync: 0
LDB: =============== DONE WITH MIGRATION ================ 545.539
WRITING COORDINATES TO DCD FILE MDequil.dcd AT STEP 320000
PRESSURE: 320000 -966.489 -353 -395.96 -235.475 -1532.69 491.137 -50.9442 286.541 -1313.04
GPRESSURE: 320000 -938.703 -285.177 -391.647 -276.712 -1372.84 779.443 -185.889 382.689 -1456.2
PRESSAVG: 320000 -454.056 -38.6932 18.6483 -11.5568 -305.632 59.6105 -0.944996 32.5634 7.16439
GPRESSAVG: 320000 -454.208 -38.5685 18.333 -11.5875 -305.487 59.656 -1.20846 32.9109 7.10718
ENERGY:  320000         0.0000         0.0000         0.0000         0.0000          -5516.3319       316.5763         0.0000         0.0000       951.9342          -4247.8214       302.4211     -5199.7556     -4245.5048       299.8775          -1270.7393     -1255.9143     22769.9550      -250.8411      -250.8626

LDB: ============= START OF LOAD BALANCING ============== 548.102
LDB: ============== END OF LOAD BALANCING =============== 548.102
Info: useSync: 0 useProxySync: 0
LDB: =============== DONE WITH MIGRATION ================ 548.102
LDB: ============= START OF LOAD BALANCING ============== 548.168
LDB: Largest compute 163 load 0.013057 is 24.7% of average load 0.052949
LDB: Average compute 0.003753 is 7.1% of average load 0.052949
LDB: TIME 548.169 LOAD: AVG 0.0529492 MAX 0.0566632  PROXIES: TOTAL 24 MAXPE 4 MAXPATCH 6 None MEM: 0.450179 MB
LDB: TIME 548.169 LOAD: AVG 0.0529492 MAX 0.0566632  PROXIES: TOTAL 28 MAXPE 4 MAXPATCH 8 RefineTorusLB MEM: 0.450179 MB
LDB: TIME 548.169 LOAD: AVG 0.0529492 MAX 0.0566632  PROXIES: TOTAL 28 MAXPE 4 MAXPATCH 8 RefineTorusLB MEM: 0.450179 MB
LDB: ============== END OF LOAD BALANCING =============== 548.169
Info: useSync: 0 useProxySync: 0
LDB: =============== DONE WITH MIGRATION ================ 548.169
LDB: ============= START OF LOAD BALANCING ============== 550.718
LDB: ============== END OF LOAD BALANCING =============== 550.718
Info: useSync: 0 useProxySync: 0
LDB: =============== DONE WITH MIGRATION ================ 550.718
LDB: ============= START OF LOAD BALANCING ============== 550.784
LDB: Largest compute 163 load 0.012571 is 23.2% of average load 0.054173
LDB: Average compute 0.003852 is 7.1% of average load 0.054173
LDB: TIME 550.785 LOAD: AVG 0.0541734 MAX 0.0561112  PROXIES: TOTAL 24 MAXPE 4 MAXPATCH 6 None MEM: 0.450179 MB
LDB: TIME 550.785 LOAD: AVG 0.0541734 MAX 0.0561112  PROXIES: TOTAL 28 MAXPE 4 MAXPATCH 8 RefineTorusLB MEM: 0.450179 MB
LDB: TIME 550.785 LOAD: AVG 0.0541734 MAX 0.0561112  PROXIES: TOTAL 28 MAXPE 4 MAXPATCH 8 RefineTorusLB MEM: 0.450179 MB
LDB: ============== END OF LOAD BALANCING =============== 550.785
Info: useSync: 0 useProxySync: 0
LDB: =============== DONE WITH MIGRATION ================ 550.785
LDB: ============= START OF LOAD BALANCING ============== 553.375
LDB: ============== END OF LOAD BALANCING =============== 553.375
Info: useSync: 0 useProxySync: 0
LDB: =============== DONE WITH MIGRATION ================ 553.375
LDB: ============= START OF LOAD BALANCING ============== 553.442
LDB: Largest compute 145 load 0.012299 is 22.9% of average load 0.053765
LDB: Average compute 0.003821 is 7.1% of average load 0.053765
LDB: TIME 553.442 LOAD: AVG 0.0537651 MAX 0.0583809  PROXIES: TOTAL 24 MAXPE 4 MAXPATCH 6 None MEM: 0.450179 MB
LDB: TIME 553.442 LOAD: AVG 0.0537651 MAX 0.0583809  PROXIES: TOTAL 28 MAXPE 4 MAXPATCH 8 RefineTorusLB MEM: 0.450179 MB
LDB: TIME 553.442 LOAD: AVG 0.0537651 MAX 0.0583809  PROXIES: TOTAL 28 MAXPE 4 MAXPATCH 8 RefineTorusLB MEM: 0.450179 MB
LDB: ============== END OF LOAD BALANCING =============== 553.442
Info: useSync: 0 useProxySync: 0
LDB: =============== DONE WITH MIGRATION ================ 553.443
WRITING COORDINATES TO DCD FILE MDequil.dcd AT STEP 325000
PRESSURE: 325000 1045.18 785.815 -28.5703 585.734 58.1183 -55.9639 473.15 520.394 1574.8
GPRESSURE: 325000 1130.43 633.713 -111.458 476.87 14.3198 -293.43 368.321 333.657 1574.36
PRESSAVG: 325000 -370.864 25.9692 -52.5875 -7.09744 -346.509 34.3866 -18.2467 -15.1405 -2.59601
GPRESSAVG: 325000 -370.972 25.8514 -52.4802 -7.17604 -346.71 34.5788 -18.4587 -15.8484 -2.27053
ENERGY:  325000         0.0000         0.0000         0.0000         0.0000          -5689.9533       447.6552         0.0000         0.0000       952.3718          -4289.9263       302.5601     -5242.2981     -4286.9986       296.9472            892.6991       906.3698     22454.6824      -239.9899      -239.9841

LDB: ============= START OF LOAD BALANCING ============== 556.026
LDB: ============== END OF LOAD BALANCING =============== 556.027
Info: useSync: 0 useProxySync: 0
LDB: =============== DONE WITH MIGRATION ================ 556.027
LDB: ============= START OF LOAD BALANCING ============== 556.092
LDB: Largest compute 163 load 0.013383 is 24.9% of average load 0.053826
LDB: Average compute 0.003830 is 7.1% of average load 0.053826
LDB: TIME 556.092 LOAD: AVG 0.0538262 MAX 0.0569907  PROXIES: TOTAL 24 MAXPE 4 MAXPATCH 6 None MEM: 0.450179 MB
LDB: TIME 556.092 LOAD: AVG 0.0538262 MAX 0.0569907  PROXIES: TOTAL 28 MAXPE 4 MAXPATCH 8 RefineTorusLB MEM: 0.450179 MB
LDB: TIME 556.092 LOAD: AVG 0.0538262 MAX 0.0569907  PROXIES: TOTAL 28 MAXPE 4 MAXPATCH 8 RefineTorusLB MEM: 0.450179 MB
LDB: ============== END OF LOAD BALANCING =============== 556.092
Info: useSync: 0 useProxySync: 0
LDB: =============== DONE WITH MIGRATION ================ 556.093
LDB: ============= START OF LOAD BALANCING ============== 558.722
LDB: ============== END OF LOAD BALANCING =============== 558.757
Info: useSync: 0 useProxySync: 0
LDB: =============== DONE WITH MIGRATION ================ 558.767
LDB: ============= START OF LOAD BALANCING ============== 558.852
LDB: Largest compute 145 load 0.012155 is 24.3% of average load 0.050037
LDB: Average compute 0.003553 is 7.1% of average load 0.050037
LDB: TIME 558.852 LOAD: AVG 0.0500368 MAX 0.0544395  PROXIES: TOTAL 24 MAXPE 4 MAXPATCH 6 None MEM: 0.450179 MB
LDB: TIME 558.853 LOAD: AVG 0.0500368 MAX 0.0544395  PROXIES: TOTAL 28 MAXPE 4 MAXPATCH 8 RefineTorusLB MEM: 0.450179 MB
LDB: TIME 558.853 LOAD: AVG 0.0500368 MAX 0.0544395  PROXIES: TOTAL 28 MAXPE 4 MAXPATCH 8 RefineTorusLB MEM: 0.450179 MB
LDB: ============== END OF LOAD BALANCING =============== 558.853
Info: useSync: 0 useProxySync: 0
LDB: =============== DONE WITH MIGRATION ================ 558.853
WRITING COORDINATES TO DCD FILE MDequil.dcd AT STEP 330000
PRESSURE: 330000 282.82 197.062 798.567 178.076 638.303 -70.4984 907.957 -235.097 -231.37
GPRESSURE: 330000 251.288 123.013 810.052 257.731 761.144 276.096 723.433 -176.413 -259.027
PRESSAVG: 330000 -361.976 33.4192 45.3099 37.2275 -245.847 -2.30129 85.2258 46.942 23.1828
GPRESSAVG: 330000 -362.045 33.3833 45.0485 37.3587 -245.694 -2.37171 85.3996 47.2036 23.1345
ENERGY:  330000         0.0000         0.0000         0.0000         0.0000          -5628.8710       399.3563         0.0000         0.0000       940.0077          -4289.5070       298.6322     -5229.5147     -4288.4440       295.6050            229.9178       251.1350     22488.3022      -194.8802      -194.8681

LDB: ============= START OF LOAD BALANCING ============== 561.508
LDB: ============== END OF LOAD BALANCING =============== 561.508
Info: useSync: 0 useProxySync: 0
LDB: =============== DONE WITH MIGRATION ================ 561.509
LDB: ============= START OF LOAD BALANCING ============== 561.582
LDB: Largest compute 52 load 0.013488 is 24.7% of average load 0.054557
LDB: Average compute 0.003886 is 7.1% of average load 0.054557
LDB: TIME 561.586 LOAD: AVG 0.0545569 MAX 0.0579272  PROXIES: TOTAL 24 MAXPE 4 MAXPATCH 6 None MEM: 0.450179 MB
LDB: TIME 561.586 LOAD: AVG 0.0545569 MAX 0.0579272  PROXIES: TOTAL 28 MAXPE 4 MAXPATCH 8 RefineTorusLB MEM: 0.450179 MB
LDB: TIME 561.586 LOAD: AVG 0.0545569 MAX 0.0579272  PROXIES: TOTAL 28 MAXPE 4 MAXPATCH 8 RefineTorusLB MEM: 0.450179 MB
LDB: ============== END OF LOAD BALANCING =============== 561.589
Info: useSync: 0 useProxySync: 0
LDB: =============== DONE WITH MIGRATION ================ 561.59
LDB: ============= START OF LOAD BALANCING ============== 564.158
LDB: ============== END OF LOAD BALANCING =============== 564.159
Info: useSync: 0 useProxySync: 0
LDB: =============== DONE WITH MIGRATION ================ 564.159
LDB: ============= START OF LOAD BALANCING ============== 564.226
LDB: Largest compute 162 load 0.013477 is 25.0% of average load 0.053852
LDB: Average compute 0.003827 is 7.1% of average load 0.053852
LDB: TIME 564.226 LOAD: AVG 0.0538517 MAX 0.057845  PROXIES: TOTAL 24 MAXPE 4 MAXPATCH 6 None MEM: 0.450179 MB
LDB: TIME 564.226 LOAD: AVG 0.0538517 MAX 0.057845  PROXIES: TOTAL 28 MAXPE 4 MAXPATCH 8 RefineTorusLB MEM: 0.450179 MB
LDB: TIME 564.226 LOAD: AVG 0.0538517 MAX 0.057845  PROXIES: TOTAL 28 MAXPE 4 MAXPATCH 8 RefineTorusLB MEM: 0.450179 MB
LDB: ============== END OF LOAD BALANCING =============== 564.226
Info: useSync: 0 useProxySync: 0
LDB: =============== DONE WITH MIGRATION ================ 564.226
LDB: ============= START OF LOAD BALANCING ============== 566.805
LDB: ============== END OF LOAD BALANCING =============== 566.805
Info: useSync: 0 useProxySync: 0
LDB: =============== DONE WITH MIGRATION ================ 566.805
LDB: ============= START OF LOAD BALANCING ============== 566.872
LDB: Largest compute 162 load 0.012084 is 22.2% of average load 0.054414
LDB: Average compute 0.003879 is 7.1% of average load 0.054414
LDB: TIME 566.872 LOAD: AVG 0.0544144 MAX 0.0585422  PROXIES: TOTAL 24 MAXPE 4 MAXPATCH 6 None MEM: 0.450179 MB
LDB: TIME 566.873 LOAD: AVG 0.0544144 MAX 0.0585422  PROXIES: TOTAL 28 MAXPE 4 MAXPATCH 8 RefineTorusLB MEM: 0.450179 MB
LDB: TIME 566.873 LOAD: AVG 0.0544144 MAX 0.0585422  PROXIES: TOTAL 28 MAXPE 4 MAXPATCH 8 RefineTorusLB MEM: 0.450179 MB
LDB: ============== END OF LOAD BALANCING =============== 566.873
Info: useSync: 0 useProxySync: 0
LDB: =============== DONE WITH MIGRATION ================ 566.873
WRITING COORDINATES TO DCD FILE MDequil.dcd AT STEP 335000
PRESSURE: 335000 -830.911 392.656 395.636 -62.6153 -1775.82 192.647 505.298 462.616 -943.762
GPRESSURE: 335000 -764.371 362.015 318.768 63.5554 -1758.17 270.746 311.918 511.354 -929.961
PRESSAVG: 335000 -317.351 -43.1579 -31.4903 -45.6933 -249.907 40.8529 -74.2589 29.6949 2.6444
GPRESSAVG: 335000 -317.223 -42.9311 -30.842 -45.8866 -249.673 41.1391 -74.4983 29.6715 2.43917
ENERGY:  335000         0.0000         0.0000         0.0000         0.0000          -5493.8166       335.0403         0.0000         0.0000       914.1617          -4244.6147       290.4211     -5158.7763     -4242.1198       299.7831          -1183.4963     -1150.8341     23298.5773      -188.2045      -188.1523

LDB: ============= START OF LOAD BALANCING ============== 569.465
LDB: ============== END OF LOAD BALANCING =============== 569.465
Info: useSync: 0 useProxySync: 0
LDB: =============== DONE WITH MIGRATION ================ 569.476
LDB: ============= START OF LOAD BALANCING ============== 569.54
LDB: Largest compute 6 load 0.012071 is 23.0% of average load 0.052581
LDB: Average compute 0.003654 is 6.9% of average load 0.052581
LDB: TIME 569.541 LOAD: AVG 0.0525814 MAX 0.0587045  PROXIES: TOTAL 24 MAXPE 4 MAXPATCH 6 None MEM: 0.450179 MB
LDB: TIME 569.541 LOAD: AVG 0.0525814 MAX 0.0587045  PROXIES: TOTAL 28 MAXPE 4 MAXPATCH 8 RefineTorusLB MEM: 0.450179 MB
LDB: TIME 569.541 LOAD: AVG 0.0525814 MAX 0.056721  PROXIES: TOTAL 29 MAXPE 4 MAXPATCH 8 RefineTorusLB MEM: 0.450179 MB
LDB: ============== END OF LOAD BALANCING =============== 569.541
Info: useSync: 0 useProxySync: 0
LDB: =============== DONE WITH MIGRATION ================ 569.541
LDB: ============= START OF LOAD BALANCING ============== 572.163
LDB: ============== END OF LOAD BALANCING =============== 572.163
Info: useSync: 0 useProxySync: 0
LDB: =============== DONE WITH MIGRATION ================ 572.163
LDB: ============= START OF LOAD BALANCING ============== 572.23
LDB: Largest compute 6 load 0.012926 is 24.2% of average load 0.053383
LDB: Average compute 0.003792 is 7.1% of average load 0.053383
LDB: TIME 572.23 LOAD: AVG 0.0533833 MAX 0.0614795  PROXIES: TOTAL 24 MAXPE 4 MAXPATCH 6 None MEM: 0.450179 MB
LDB: TIME 572.23 LOAD: AVG 0.0533833 MAX 0.0614795  PROXIES: TOTAL 29 MAXPE 4 MAXPATCH 8 RefineTorusLB MEM: 0.450179 MB
LDB: TIME 572.23 LOAD: AVG 0.0533833 MAX 0.0572189  PROXIES: TOTAL 29 MAXPE 4 MAXPATCH 8 RefineTorusLB MEM: 0.450179 MB
LDB: ============== END OF LOAD BALANCING =============== 572.23
Info: useSync: 0 useProxySync: 0
LDB: =============== DONE WITH MIGRATION ================ 572.23
WRITING COORDINATES TO DCD FILE MDequil.dcd AT STEP 340000
PRESSURE: 340000 -496.494 -94.99 4.04781 409.585 -225.61 145.519 512.619 438.743 -764.42
GPRESSURE: 340000 -392.818 -278.916 -27.9054 562.031 -402.626 164.732 512.173 497.765 -618.289
PRESSAVG: 340000 -235.678 -4.70056 -114.918 -23.8305 -356.328 42.1775 -118.878 2.34485 5.58702
GPRESSAVG: 340000 -235.604 -4.807 -114.914 -23.6922 -356.566 41.8304 -118.952 1.94622 5.82514
ENERGY:  340000         0.0000         0.0000         0.0000         0.0000          -5586.6444       384.2209         0.0000         0.0000       902.9211          -4299.5024       286.8501     -5202.4234     -4297.7571       298.1230           -495.5080      -471.2445     22751.9873      -195.4731      -195.4483

LDB: ============= START OF LOAD BALANCING ============== 574.834
LDB: ============== END OF LOAD BALANCING =============== 574.835
Info: useSync: 0 useProxySync: 0
LDB: =============== DONE WITH MIGRATION ================ 574.835
LDB: ============= START OF LOAD BALANCING ============== 574.903
LDB: Largest compute 6 load 0.014165 is 26.4% of average load 0.053610
LDB: Average compute 0.003802 is 7.1% of average load 0.053610
LDB: TIME 574.903 LOAD: AVG 0.0536095 MAX 0.0585376  PROXIES: TOTAL 24 MAXPE 4 MAXPATCH 6 None MEM: 0.450179 MB
LDB: TIME 574.903 LOAD: AVG 0.0536095 MAX 0.0585376  PROXIES: TOTAL 29 MAXPE 4 MAXPATCH 8 RefineTorusLB MEM: 0.450179 MB
LDB: TIME 574.903 LOAD: AVG 0.0536095 MAX 0.0580354  PROXIES: TOTAL 28 MAXPE 4 MAXPATCH 8 RefineTorusLB MEM: 0.450179 MB
LDB: ============== END OF LOAD BALANCING =============== 574.903
Info: useSync: 0 useProxySync: 0
LDB: =============== DONE WITH MIGRATION ================ 574.903
LDB: ============= START OF LOAD BALANCING ============== 577.509
LDB: ============== END OF LOAD BALANCING =============== 577.51
Info: useSync: 0 useProxySync: 0
LDB: =============== DONE WITH MIGRATION ================ 577.52
LDB: ============= START OF LOAD BALANCING ============== 577.586
LDB: Largest compute 146 load 0.012515 is 23.9% of average load 0.052463
LDB: Average compute 0.003724 is 7.1% of average load 0.052463
LDB: TIME 577.587 LOAD: AVG 0.0524629 MAX 0.0568663  PROXIES: TOTAL 24 MAXPE 4 MAXPATCH 6 None MEM: 0.450179 MB
LDB: TIME 577.587 LOAD: AVG 0.0524629 MAX 0.0568663  PROXIES: TOTAL 28 MAXPE 4 MAXPATCH 8 RefineTorusLB MEM: 0.450179 MB
LDB: TIME 577.587 LOAD: AVG 0.0524629 MAX 0.0568663  PROXIES: TOTAL 28 MAXPE 4 MAXPATCH 8 RefineTorusLB MEM: 0.450179 MB
LDB: ============== END OF LOAD BALANCING =============== 577.587
Info: useSync: 0 useProxySync: 0
LDB: =============== DONE WITH MIGRATION ================ 577.587
LDB: ============= START OF LOAD BALANCING ============== 580.208
LDB: ============== END OF LOAD BALANCING =============== 580.208
Info: useSync: 0 useProxySync: 0
LDB: =============== DONE WITH MIGRATION ================ 580.219
LDB: ============= START OF LOAD BALANCING ============== 580.285
LDB: Largest compute 163 load 0.012478 is 23.7% of average load 0.052698
LDB: Average compute 0.003744 is 7.1% of average load 0.052698
LDB: TIME 580.285 LOAD: AVG 0.0526979 MAX 0.0554815  PROXIES: TOTAL 24 MAXPE 4 MAXPATCH 6 None MEM: 0.450179 MB
LDB: TIME 580.285 LOAD: AVG 0.0526979 MAX 0.0554815  PROXIES: TOTAL 28 MAXPE 4 MAXPATCH 8 RefineTorusLB MEM: 0.450179 MB
LDB: TIME 580.285 LOAD: AVG 0.0526979 MAX 0.0554815  PROXIES: TOTAL 28 MAXPE 4 MAXPATCH 8 RefineTorusLB MEM: 0.450179 MB
LDB: ============== END OF LOAD BALANCING =============== 580.285
Info: useSync: 0 useProxySync: 0
LDB: =============== DONE WITH MIGRATION ================ 580.285
WRITING COORDINATES TO DCD FILE MDequil.dcd AT STEP 345000
PRESSURE: 345000 -788.731 -121.142 -77.8292 -40.0425 -1288.33 -224.594 -261.137 -121.079 -1407.03
GPRESSURE: 345000 -653.755 -132.962 -559.062 -83.9526 -1362.08 -218.371 62.0176 -67.7367 -1422.99
PRESSAVG: 345000 -288.878 -8.20923 89.6482 14.8086 -232.427 45.6958 94.8037 -20.5285 8.85597
GPRESSAVG: 345000 -289.223 -8.52514 89.4186 14.9522 -231.937 45.4097 94.5061 -20.4007 8.9034
ENERGY:  345000         0.0000         0.0000         0.0000         0.0000          -5568.6004       327.0836         0.0000         0.0000       918.1780          -4323.3388       291.6971     -5241.5168     -4321.2014       296.3859          -1161.3656     -1146.2756     22800.2701      -170.8163      -170.7519

LDB: ============= START OF LOAD BALANCING ============== 582.877
LDB: ============== END OF LOAD BALANCING =============== 582.877
Info: useSync: 0 useProxySync: 0
LDB: =============== DONE WITH MIGRATION ================ 582.877
LDB: ============= START OF LOAD BALANCING ============== 582.943
LDB: Largest compute 163 load 0.013123 is 24.3% of average load 0.054081
LDB: Average compute 0.003854 is 7.1% of average load 0.054081
LDB: TIME 582.944 LOAD: AVG 0.0540809 MAX 0.0582484  PROXIES: TOTAL 24 MAXPE 4 MAXPATCH 6 None MEM: 0.450179 MB
LDB: TIME 582.944 LOAD: AVG 0.0540809 MAX 0.0582484  PROXIES: TOTAL 28 MAXPE 4 MAXPATCH 8 RefineTorusLB MEM: 0.450179 MB
LDB: TIME 582.944 LOAD: AVG 0.0540809 MAX 0.0582484  PROXIES: TOTAL 28 MAXPE 4 MAXPATCH 8 RefineTorusLB MEM: 0.450179 MB
LDB: ============== END OF LOAD BALANCING =============== 582.944
Info: useSync: 0 useProxySync: 0
LDB: =============== DONE WITH MIGRATION ================ 582.944
LDB: ============= START OF LOAD BALANCING ============== 585.566
LDB: ============== END OF LOAD BALANCING =============== 585.566
Info: useSync: 0 useProxySync: 0
LDB: =============== DONE WITH MIGRATION ================ 585.566
LDB: ============= START OF LOAD BALANCING ============== 585.633
LDB: Largest compute 6 load 0.012889 is 24.3% of average load 0.053098
LDB: Average compute 0.003772 is 7.1% of average load 0.053098
LDB: TIME 585.633 LOAD: AVG 0.0530984 MAX 0.0561867  PROXIES: TOTAL 24 MAXPE 4 MAXPATCH 6 None MEM: 0.450179 MB
LDB: TIME 585.633 LOAD: AVG 0.0530984 MAX 0.0561867  PROXIES: TOTAL 28 MAXPE 4 MAXPATCH 8 RefineTorusLB MEM: 0.450179 MB
LDB: TIME 585.633 LOAD: AVG 0.0530984 MAX 0.0561867  PROXIES: TOTAL 28 MAXPE 4 MAXPATCH 8 RefineTorusLB MEM: 0.450179 MB
LDB: ============== END OF LOAD BALANCING =============== 585.633
Info: useSync: 0 useProxySync: 0
LDB: =============== DONE WITH MIGRATION ================ 585.633
WRITING COORDINATES TO DCD FILE MDequil.dcd AT STEP 350000
WRITING COORDINATES TO RESTART FILE AT STEP 350000
FINISHED WRITING RESTART COORDINATES
WRITING VELOCITIES TO RESTART FILE AT STEP 350000
FINISHED WRITING RESTART VELOCITIES
PRESSURE: 350000 -803.942 319.552 339.759 140.075 322.001 790.619 150.171 623.796 -1006.75
GPRESSURE: 350000 -596.14 408.767 470.33 278.175 330.732 706.759 60.9902 655.771 -1137.34
PRESSAVG: 350000 -351.97 -95.4988 31.9213 -53.3322 -318.35 -7.99134 68.0944 31.5617 0.106477
GPRESSAVG: 350000 -352.323 -95.5336 32.0555 -52.989 -318.352 -7.93332 68.0637 31.1465 0.186312
TIMING: 350000  CPU: 559.588, 0.00132857/step  Wall: 576.667, 0.00133321/step, 0.0555506 hours remaining, 0.450179 MB of memory in use.
PERFORMANCE: 350000  averaging 104.88 ns/day, 0.0016476 sec/step with standard deviation 0.000441721
ETITLE:      TS           BOND          ANGLE          DIHED          IMPRP               ELECT            VDW       BOUNDARY           MISC        KINETIC               TOTAL           TEMP      POTENTIAL         TOTAL3        TEMPAVG            PRESSURE      GPRESSURE         VOLUME       PRESSAVG      GPRESSAVG

ENERGY:  350000         0.0000         0.0000         0.0000         0.0000          -5635.6655       402.1521         0.0000         0.0000       919.6968          -4313.8167       292.1796     -5233.5135     -4311.5796       291.2447           -496.2302      -467.5822     22853.0828      -223.4046      -223.4960

WRITING EXTENDED SYSTEM TO RESTART FILE AT STEP 350000
LDB: ============= START OF LOAD BALANCING ============== 588.229
LDB: ============== END OF LOAD BALANCING =============== 588.229
Info: useSync: 0 useProxySync: 0
LDB: =============== DONE WITH MIGRATION ================ 588.23
LDB: ============= START OF LOAD BALANCING ============== 588.297
LDB: Largest compute 162 load 0.012598 is 23.1% of average load 0.054534
LDB: Average compute 0.003889 is 7.1% of average load 0.054534
LDB: TIME 588.297 LOAD: AVG 0.0545336 MAX 0.0580078  PROXIES: TOTAL 24 MAXPE 4 MAXPATCH 6 None MEM: 0.450179 MB
LDB: TIME 588.297 LOAD: AVG 0.0545336 MAX 0.0580078  PROXIES: TOTAL 28 MAXPE 4 MAXPATCH 8 RefineTorusLB MEM: 0.450179 MB
LDB: TIME 588.297 LOAD: AVG 0.0545336 MAX 0.0580078  PROXIES: TOTAL 28 MAXPE 4 MAXPATCH 8 RefineTorusLB MEM: 0.450179 MB
LDB: ============== END OF LOAD BALANCING =============== 588.297
Info: useSync: 0 useProxySync: 0
LDB: =============== DONE WITH MIGRATION ================ 588.297
LDB: ============= START OF LOAD BALANCING ============== 590.909
LDB: ============== END OF LOAD BALANCING =============== 590.909
Info: useSync: 0 useProxySync: 0
LDB: =============== DONE WITH MIGRATION ================ 590.909
LDB: ============= START OF LOAD BALANCING ============== 590.977
LDB: Largest compute 6 load 0.013838 is 25.5% of average load 0.054249
LDB: Average compute 0.003862 is 7.1% of average load 0.054249
LDB: TIME 590.977 LOAD: AVG 0.054249 MAX 0.0593149  PROXIES: TOTAL 24 MAXPE 4 MAXPATCH 6 None MEM: 0.450179 MB
LDB: TIME 590.977 LOAD: AVG 0.054249 MAX 0.0593149  PROXIES: TOTAL 28 MAXPE 4 MAXPATCH 8 RefineTorusLB MEM: 0.450179 MB
LDB: TIME 590.977 LOAD: AVG 0.054249 MAX 0.0583667  PROXIES: TOTAL 28 MAXPE 4 MAXPATCH 8 RefineTorusLB MEM: 0.450179 MB
LDB: ============== END OF LOAD BALANCING =============== 590.977
Info: useSync: 0 useProxySync: 0
LDB: =============== DONE WITH MIGRATION ================ 590.977
LDB: ============= START OF LOAD BALANCING ============== 593.537
LDB: ============== END OF LOAD BALANCING =============== 593.537
Info: useSync: 0 useProxySync: 0
LDB: =============== DONE WITH MIGRATION ================ 593.538
LDB: ============= START OF LOAD BALANCING ============== 593.602
LDB: Largest compute 6 load 0.013234 is 24.8% of average load 0.053361
LDB: Average compute 0.003792 is 7.1% of average load 0.053361
LDB: TIME 593.602 LOAD: AVG 0.0533607 MAX 0.057381  PROXIES: TOTAL 24 MAXPE 4 MAXPATCH 6 None MEM: 0.450179 MB
LDB: TIME 593.603 LOAD: AVG 0.0533607 MAX 0.057381  PROXIES: TOTAL 28 MAXPE 4 MAXPATCH 8 RefineTorusLB MEM: 0.450179 MB
LDB: TIME 593.603 LOAD: AVG 0.0533607 MAX 0.057381  PROXIES: TOTAL 28 MAXPE 4 MAXPATCH 8 RefineTorusLB MEM: 0.450179 MB
LDB: ============== END OF LOAD BALANCING =============== 593.603
Info: useSync: 0 useProxySync: 0
LDB: =============== DONE WITH MIGRATION ================ 593.603
WRITING COORDINATES TO DCD FILE MDequil.dcd AT STEP 355000
PRESSURE: 355000 349.637 105.547 31.3524 -200.74 -972.626 -249.682 -192.294 11.3898 -62.6936
GPRESSURE: 355000 433.86 367.576 150.834 -460.378 -1123.81 -305.948 -214.763 -130.465 53.3974
PRESSAVG: 355000 -371.962 -8.55807 -33.679 11.1568 -325.701 5.73609 -32.0401 -42.8788 15.4198
GPRESSAVG: 355000 -371.785 -8.83318 -33.5785 11.1456 -325.427 5.83033 -32.0147 -42.8789 15.3261
ENERGY:  355000         0.0000         0.0000         0.0000         0.0000          -5646.3883       398.0524         0.0000         0.0000       971.4639          -4276.8720       308.6255     -5248.3359     -4274.6535       300.2573           -228.5608      -212.1843     22432.8766      -227.4144      -227.2951

LDB: ============= START OF LOAD BALANCING ============== 596.196
LDB: ============== END OF LOAD BALANCING =============== 596.196
Info: useSync: 0 useProxySync: 0
LDB: =============== DONE WITH MIGRATION ================ 596.196
LDB: ============= START OF LOAD BALANCING ============== 596.262
LDB: Largest compute 6 load 0.013441 is 25.1% of average load 0.053519
LDB: Average compute 0.003807 is 7.1% of average load 0.053519
LDB: TIME 596.262 LOAD: AVG 0.0535191 MAX 0.0592516  PROXIES: TOTAL 24 MAXPE 4 MAXPATCH 6 None MEM: 0.450179 MB
LDB: TIME 596.263 LOAD: AVG 0.0535191 MAX 0.0592516  PROXIES: TOTAL 28 MAXPE 4 MAXPATCH 8 RefineTorusLB MEM: 0.450179 MB
LDB: TIME 596.263 LOAD: AVG 0.0535191 MAX 0.0566101  PROXIES: TOTAL 28 MAXPE 4 MAXPATCH 8 RefineTorusLB MEM: 0.450179 MB
LDB: ============== END OF LOAD BALANCING =============== 596.263
Info: useSync: 0 useProxySync: 0
LDB: =============== DONE WITH MIGRATION ================ 596.263
LDB: ============= START OF LOAD BALANCING ============== 598.853
LDB: ============== END OF LOAD BALANCING =============== 598.853
Info: useSync: 0 useProxySync: 0
LDB: =============== DONE WITH MIGRATION ================ 598.853
LDB: ============= START OF LOAD BALANCING ============== 598.92
LDB: Largest compute 52 load 0.012878 is 24.0% of average load 0.053720
LDB: Average compute 0.003821 is 7.1% of average load 0.053720
LDB: TIME 598.92 LOAD: AVG 0.0537203 MAX 0.0587196  PROXIES: TOTAL 24 MAXPE 4 MAXPATCH 6 None MEM: 0.450179 MB
LDB: TIME 598.92 LOAD: AVG 0.0537203 MAX 0.0587196  PROXIES: TOTAL 28 MAXPE 4 MAXPATCH 8 RefineTorusLB MEM: 0.450179 MB
LDB: TIME 598.92 LOAD: AVG 0.0537203 MAX 0.0584697  PROXIES: TOTAL 28 MAXPE 4 MAXPATCH 8 RefineTorusLB MEM: 0.450179 MB
LDB: ============== END OF LOAD BALANCING =============== 598.92
Info: useSync: 0 useProxySync: 0
LDB: =============== DONE WITH MIGRATION ================ 598.92
WRITING COORDINATES TO DCD FILE MDequil.dcd AT STEP 360000
PRESSURE: 360000 -1062.75 313.959 55.3215 253.662 41.0547 257.153 97.2972 231.072 -612.128
GPRESSURE: 360000 -1274.09 216.225 -259.55 252.11 204.356 138.789 238.34 701.272 -532.834
PRESSAVG: 360000 -319.89 -29.5268 -32.5794 -27.5658 -236.703 67.3791 -48.4535 15.5911 -0.397455
GPRESSAVG: 360000 -320.24 -29.2249 -32.0785 -27.8316 -236.53 67.7779 -48.3398 14.9121 -0.0743458
ENERGY:  360000         0.0000         0.0000         0.0000         0.0000          -5598.5780       369.1498         0.0000         0.0000       916.3899          -4313.0382       291.1290     -5229.4282     -4309.7047       297.0155           -544.6066      -534.1878     22626.2088      -185.6633      -185.6147

LDB: ============= START OF LOAD BALANCING ============== 601.526
LDB: ============== END OF LOAD BALANCING =============== 601.526
Info: useSync: 0 useProxySync: 0
LDB: =============== DONE WITH MIGRATION ================ 601.526
LDB: ============= START OF LOAD BALANCING ============== 601.591
LDB: Largest compute 6 load 0.013091 is 24.6% of average load 0.053304
LDB: Average compute 0.003786 is 7.1% of average load 0.053304
LDB: TIME 601.592 LOAD: AVG 0.0533043 MAX 0.0566717  PROXIES: TOTAL 24 MAXPE 4 MAXPATCH 6 None MEM: 0.450179 MB
LDB: TIME 601.592 LOAD: AVG 0.0533043 MAX 0.0566717  PROXIES: TOTAL 28 MAXPE 4 MAXPATCH 8 RefineTorusLB MEM: 0.450179 MB
LDB: TIME 601.592 LOAD: AVG 0.0533043 MAX 0.0566717  PROXIES: TOTAL 28 MAXPE 4 MAXPATCH 8 RefineTorusLB MEM: 0.450179 MB
LDB: ============== END OF LOAD BALANCING =============== 601.592
Info: useSync: 0 useProxySync: 0
LDB: =============== DONE WITH MIGRATION ================ 601.592
LDB: ============= START OF LOAD BALANCING ============== 604.181
LDB: ============== END OF LOAD BALANCING =============== 604.181
Info: useSync: 0 useProxySync: 0
LDB: =============== DONE WITH MIGRATION ================ 604.181
LDB: ============= START OF LOAD BALANCING ============== 604.246
LDB: Largest compute 162 load 0.012060 is 22.6% of average load 0.053261
LDB: Average compute 0.003781 is 7.1% of average load 0.053261
LDB: TIME 604.246 LOAD: AVG 0.0532607 MAX 0.057679  PROXIES: TOTAL 24 MAXPE 4 MAXPATCH 6 None MEM: 0.450179 MB
LDB: TIME 604.247 LOAD: AVG 0.0532607 MAX 0.057679  PROXIES: TOTAL 28 MAXPE 4 MAXPATCH 8 RefineTorusLB MEM: 0.450179 MB
LDB: TIME 604.247 LOAD: AVG 0.0532607 MAX 0.057679  PROXIES: TOTAL 28 MAXPE 4 MAXPATCH 8 RefineTorusLB MEM: 0.450179 MB
LDB: ============== END OF LOAD BALANCING =============== 604.247
Info: useSync: 0 useProxySync: 0
LDB: =============== DONE WITH MIGRATION ================ 604.247
LDB: ============= START OF LOAD BALANCING ============== 608.617
LDB: ============== END OF LOAD BALANCING =============== 608.617
Info: useSync: 0 useProxySync: 0
LDB: =============== DONE WITH MIGRATION ================ 608.617
LDB: ============= START OF LOAD BALANCING ============== 608.901
LDB: Largest compute 137 load 0.013727 is 26.8% of average load 0.051237
LDB: Average compute 0.003562 is 7.0% of average load 0.051237
LDB: TIME 608.906 LOAD: AVG 0.0512373 MAX 0.0625297  PROXIES: TOTAL 24 MAXPE 4 MAXPATCH 6 None MEM: 0.450179 MB
LDB: TIME 608.906 LOAD: AVG 0.0512373 MAX 0.0625297  PROXIES: TOTAL 28 MAXPE 4 MAXPATCH 8 RefineTorusLB MEM: 0.450179 MB
LDB: TIME 608.906 LOAD: AVG 0.0512373 MAX 0.0557133  PROXIES: TOTAL 28 MAXPE 4 MAXPATCH 8 RefineTorusLB MEM: 0.450179 MB
LDB: ============== END OF LOAD BALANCING =============== 608.915
Info: useSync: 0 useProxySync: 0
LDB: =============== DONE WITH MIGRATION ================ 609.013
WRITING COORDINATES TO DCD FILE MDequil.dcd AT STEP 365000
PRESSURE: 365000 -1355.21 -660.023 182.568 -453.444 -919.845 182.627 136.912 -2.55241 -885.508
GPRESSURE: 365000 -1478.39 -914.878 110.822 -166.776 -811.489 81.5808 53.4311 -149.308 -827.788
PRESSAVG: 365000 -436.122 66.5073 55.8333 6.9795 -331.412 -79.5737 42.1407 2.42131 7.84491
GPRESSAVG: 365000 -436.108 66.5236 55.648 6.90971 -331.326 -80.176 41.6767 2.92113 7.69949
ENERGY:  365000         0.0000         0.0000         0.0000         0.0000          -5493.4750       313.3531         0.0000         0.0000       906.3359          -4273.7860       287.9350     -5180.1219     -4272.2507       295.8185          -1053.5216     -1039.2217     22843.3372      -253.2296      -253.2446

LDB: ============= START OF LOAD BALANCING ============== 621.712
LDB: ============== END OF LOAD BALANCING =============== 621.714
Info: useSync: 0 useProxySync: 0
LDB: =============== DONE WITH MIGRATION ================ 621.72
LDB: ============= START OF LOAD BALANCING ============== 622.074
LDB: Largest compute 145 load 0.011250 is 22.9% of average load 0.049100
LDB: Average compute 0.003399 is 6.9% of average load 0.049100
LDB: TIME 622.079 LOAD: AVG 0.0491001 MAX 0.0583682  PROXIES: TOTAL 24 MAXPE 4 MAXPATCH 6 None MEM: 0.450179 MB
LDB: TIME 622.079 LOAD: AVG 0.0491001 MAX 0.0583682  PROXIES: TOTAL 28 MAXPE 4 MAXPATCH 8 RefineTorusLB MEM: 0.450179 MB
LDB: TIME 622.079 LOAD: AVG 0.0491001 MAX 0.0535911  PROXIES: TOTAL 28 MAXPE 4 MAXPATCH 8 RefineTorusLB MEM: 0.450179 MB
LDB: ============== END OF LOAD BALANCING =============== 622.085
Info: useSync: 0 useProxySync: 0
LDB: =============== DONE WITH MIGRATION ================ 622.131
LDB: ============= START OF LOAD BALANCING ============== 641.699
LDB: ============== END OF LOAD BALANCING =============== 641.705
Info: useSync: 0 useProxySync: 0
LDB: =============== DONE WITH MIGRATION ================ 641.729
LDB: ============= START OF LOAD BALANCING ============== 642.145
LDB: Largest compute 162 load 0.011046 is 20.9% of average load 0.052810
LDB: Average compute 0.003562 is 6.7% of average load 0.052810
LDB: TIME 642.157 LOAD: AVG 0.0528099 MAX 0.0641563  PROXIES: TOTAL 24 MAXPE 4 MAXPATCH 6 None MEM: 0.450179 MB
LDB: TIME 642.157 LOAD: AVG 0.0528099 MAX 0.0641563  PROXIES: TOTAL 28 MAXPE 4 MAXPATCH 8 RefineTorusLB MEM: 0.450179 MB
LDB: TIME 642.157 LOAD: AVG 0.0528099 MAX 0.0573935  PROXIES: TOTAL 28 MAXPE 4 MAXPATCH 8 RefineTorusLB MEM: 0.450179 MB
LDB: ============== END OF LOAD BALANCING =============== 642.168
Info: useSync: 0 useProxySync: 0
LDB: =============== DONE WITH MIGRATION ================ 642.22
PRESSURE: 370000 355.205 558.051 -1004.31 527.422 -613.94 -462.295 -381.102 -359.236 331.308
GPRESSURE: 370000 227.671 533.742 -898.704 654.181 -665.371 -458.616 -590.369 -403.352 589.634
PRESSAVG: 370000 -354.427 4.79526 -8.46207 8.27055 -310.564 51.1619 -15.5624 23.1569 15.648
GPRESSAVG: 370000 -354.468 4.26518 -8.32272 8.81212 -310.437 51.2593 -14.9698 22.9826 15.5647
ENERGY:  370000         0.0000         0.0000         0.0000         0.0000          -5638.4711       437.0504         0.0000         0.0000       936.4391          -4264.9817       297.4985     -5201.4207     -4262.9745       299.2804             24.1909        50.6445     22901.4289      -216.4478      -216.4468

WRITING COORDINATES TO DCD FILE MDequil.dcd AT STEP 370000
LDB: ============= START OF LOAD BALANCING ============== 660.943
LDB: ============== END OF LOAD BALANCING =============== 660.946
Info: useSync: 0 useProxySync: 0
LDB: =============== DONE WITH MIGRATION ================ 660.954
LDB: ============= START OF LOAD BALANCING ============== 661.396
LDB: Largest compute 6 load 0.015477 is 28.9% of average load 0.053472
LDB: Average compute 0.003547 is 6.6% of average load 0.053472
LDB: TIME 661.403 LOAD: AVG 0.053472 MAX 0.0604612  PROXIES: TOTAL 24 MAXPE 4 MAXPATCH 6 None MEM: 0.450179 MB
LDB: TIME 661.403 LOAD: AVG 0.053472 MAX 0.0604612  PROXIES: TOTAL 28 MAXPE 4 MAXPATCH 8 RefineTorusLB MEM: 0.450179 MB
LDB: TIME 661.403 LOAD: AVG 0.053472 MAX 0.0575997  PROXIES: TOTAL 28 MAXPE 4 MAXPATCH 8 RefineTorusLB MEM: 0.450179 MB
LDB: ============== END OF LOAD BALANCING =============== 661.41
Info: useSync: 0 useProxySync: 0
LDB: =============== DONE WITH MIGRATION ================ 661.481
LDB: ============= START OF LOAD BALANCING ============== 670.067
LDB: ============== END OF LOAD BALANCING =============== 670.067
Info: useSync: 0 useProxySync: 0
LDB: =============== DONE WITH MIGRATION ================ 670.067
LDB: ============= START OF LOAD BALANCING ============== 670.127
LDB: Largest compute 162 load 0.012160 is 25.3% of average load 0.048154
LDB: Average compute 0.003417 is 7.1% of average load 0.048154
LDB: TIME 670.127 LOAD: AVG 0.0481542 MAX 0.055759  PROXIES: TOTAL 24 MAXPE 4 MAXPATCH 6 None MEM: 0.450179 MB
LDB: TIME 670.127 LOAD: AVG 0.0481542 MAX 0.055759  PROXIES: TOTAL 28 MAXPE 4 MAXPATCH 8 RefineTorusLB MEM: 0.450179 MB
LDB: TIME 670.127 LOAD: AVG 0.0481542 MAX 0.0519346  PROXIES: TOTAL 28 MAXPE 4 MAXPATCH 8 RefineTorusLB MEM: 0.450179 MB
LDB: ============== END OF LOAD BALANCING =============== 670.127
Info: useSync: 0 useProxySync: 0
LDB: =============== DONE WITH MIGRATION ================ 670.128
LDB: ============= START OF LOAD BALANCING ============== 672.363
LDB: ============== END OF LOAD BALANCING =============== 672.363
Info: useSync: 0 useProxySync: 0
LDB: =============== DONE WITH MIGRATION ================ 672.363
LDB: ============= START OF LOAD BALANCING ============== 672.421
LDB: Largest compute 52 load 0.011047 is 22.6% of average load 0.048945
LDB: Average compute 0.003483 is 7.1% of average load 0.048945
LDB: TIME 672.422 LOAD: AVG 0.0489454 MAX 0.0536715  PROXIES: TOTAL 24 MAXPE 4 MAXPATCH 6 None MEM: 0.450179 MB
LDB: TIME 672.422 LOAD: AVG 0.0489454 MAX 0.0536715  PROXIES: TOTAL 28 MAXPE 4 MAXPATCH 8 RefineTorusLB MEM: 0.450179 MB
LDB: TIME 672.422 LOAD: AVG 0.0489454 MAX 0.0532925  PROXIES: TOTAL 28 MAXPE 4 MAXPATCH 8 RefineTorusLB MEM: 0.450179 MB
LDB: ============== END OF LOAD BALANCING =============== 672.422
Info: useSync: 0 useProxySync: 0
LDB: =============== DONE WITH MIGRATION ================ 672.422
WRITING COORDINATES TO DCD FILE MDequil.dcd AT STEP 375000
PRESSURE: 375000 18.3121 505.318 -603.492 795.456 -256.564 230.762 -965.827 146.092 150.041
GPRESSURE: 375000 -60.7736 619.16 -598.014 381.266 -278.872 352.423 -1146.51 346.725 315.244
PRESSAVG: 375000 -244.114 50.4283 -32.3598 23.6198 -244.883 -64.0893 -130.451 -49.6757 9.1363
GPRESSAVG: 375000 -243.939 50.9207 -32.5324 23.5166 -244.876 -63.9601 -130.224 -49.614 9.0245
ENERGY:  375000         0.0000         0.0000         0.0000         0.0000          -5573.9131       420.1956         0.0000         0.0000       983.3890          -4170.3285       312.4140     -5153.7175     -4168.2761       304.1404            -29.4033        -8.1338     23102.3194      -159.9537      -159.9300

LDB: ============= START OF LOAD BALANCING ============== 674.664
LDB: ============== END OF LOAD BALANCING =============== 674.664
Info: useSync: 0 useProxySync: 0
LDB: =============== DONE WITH MIGRATION ================ 674.664
LDB: ============= START OF LOAD BALANCING ============== 674.721
LDB: Largest compute 52 load 0.012397 is 25.8% of average load 0.048091
LDB: Average compute 0.003412 is 7.1% of average load 0.048091
LDB: TIME 674.721 LOAD: AVG 0.0480906 MAX 0.0524571  PROXIES: TOTAL 24 MAXPE 4 MAXPATCH 6 None MEM: 0.450179 MB
LDB: TIME 674.721 LOAD: AVG 0.0480906 MAX 0.0524571  PROXIES: TOTAL 28 MAXPE 4 MAXPATCH 8 RefineTorusLB MEM: 0.450179 MB
LDB: TIME 674.721 LOAD: AVG 0.0480906 MAX 0.0524571  PROXIES: TOTAL 28 MAXPE 4 MAXPATCH 8 RefineTorusLB MEM: 0.450179 MB
LDB: ============== END OF LOAD BALANCING =============== 674.721
Info: useSync: 0 useProxySync: 0
LDB: =============== DONE WITH MIGRATION ================ 674.721
LDB: ============= START OF LOAD BALANCING ============== 677.174
LDB: ============== END OF LOAD BALANCING =============== 677.174
Info: useSync: 0 useProxySync: 0
LDB: =============== DONE WITH MIGRATION ================ 677.174
LDB: ============= START OF LOAD BALANCING ============== 677.239
LDB: Largest compute 162 load 0.013529 is 24.9% of average load 0.054238
LDB: Average compute 0.003854 is 7.1% of average load 0.054238
LDB: TIME 677.239 LOAD: AVG 0.0542382 MAX 0.0592477  PROXIES: TOTAL 24 MAXPE 4 MAXPATCH 6 None MEM: 0.450179 MB
LDB: TIME 677.24 LOAD: AVG 0.0542382 MAX 0.0592477  PROXIES: TOTAL 28 MAXPE 4 MAXPATCH 8 RefineTorusLB MEM: 0.450179 MB
LDB: TIME 677.24 LOAD: AVG 0.0542382 MAX 0.0589977  PROXIES: TOTAL 28 MAXPE 4 MAXPATCH 8 RefineTorusLB MEM: 0.450179 MB
LDB: ============== END OF LOAD BALANCING =============== 677.24
Info: useSync: 0 useProxySync: 0
LDB: =============== DONE WITH MIGRATION ================ 677.24
WRITING COORDINATES TO DCD FILE MDequil.dcd AT STEP 380000
PRESSURE: 380000 -1409.43 -321.555 -287.281 44.6291 -1071.63 539.48 -170.93 -71.5434 -630.319
GPRESSURE: 380000 -1502.56 -648.093 -201.998 141.795 -990.718 336.631 -128.577 65.0681 -590.343
PRESSAVG: 380000 -273.921 -9.89141 -3.90767 -6.44646 -346.378 -36.6285 -71.9929 -53.2057 14.9126
GPRESSAVG: 380000 -274.061 -9.6936 -4.16627 -6.21815 -346.557 -37.1459 -71.9998 -53.4064 15.1843
ENERGY:  380000         0.0000         0.0000         0.0000         0.0000          -5506.9786       317.7880         0.0000         0.0000       979.2900          -4209.9006       311.1118     -5189.1906     -4207.0836       301.6894          -1037.1262     -1027.8731     22753.1001      -201.7954      -201.8115

LDB: ============= START OF LOAD BALANCING ============== 679.883
LDB: ============== END OF LOAD BALANCING =============== 679.884
Info: useSync: 0 useProxySync: 0
LDB: =============== DONE WITH MIGRATION ================ 679.884
LDB: ============= START OF LOAD BALANCING ============== 679.948
LDB: Largest compute 162 load 0.013060 is 24.3% of average load 0.053741
LDB: Average compute 0.003811 is 7.1% of average load 0.053741
LDB: TIME 679.948 LOAD: AVG 0.0537415 MAX 0.058272  PROXIES: TOTAL 24 MAXPE 4 MAXPATCH 6 None MEM: 0.450179 MB
LDB: TIME 679.948 LOAD: AVG 0.0537415 MAX 0.058272  PROXIES: TOTAL 28 MAXPE 4 MAXPATCH 8 RefineTorusLB MEM: 0.450179 MB
LDB: TIME 679.948 LOAD: AVG 0.0537415 MAX 0.058272  PROXIES: TOTAL 28 MAXPE 4 MAXPATCH 8 RefineTorusLB MEM: 0.450179 MB
LDB: ============== END OF LOAD BALANCING =============== 679.948
Info: useSync: 0 useProxySync: 0
LDB: =============== DONE WITH MIGRATION ================ 679.948
LDB: ============= START OF LOAD BALANCING ============== 682.467
LDB: ============== END OF LOAD BALANCING =============== 682.467
Info: useSync: 0 useProxySync: 0
LDB: =============== DONE WITH MIGRATION ================ 682.468
LDB: ============= START OF LOAD BALANCING ============== 682.531
LDB: Largest compute 162 load 0.013535 is 25.4% of average load 0.053364
LDB: Average compute 0.003779 is 7.1% of average load 0.053364
LDB: TIME 682.532 LOAD: AVG 0.0533641 MAX 0.0572652  PROXIES: TOTAL 24 MAXPE 4 MAXPATCH 6 None MEM: 0.450179 MB
LDB: TIME 682.532 LOAD: AVG 0.0533641 MAX 0.0572652  PROXIES: TOTAL 28 MAXPE 4 MAXPATCH 8 RefineTorusLB MEM: 0.450179 MB
LDB: TIME 682.532 LOAD: AVG 0.0533641 MAX 0.0572652  PROXIES: TOTAL 28 MAXPE 4 MAXPATCH 8 RefineTorusLB MEM: 0.450179 MB
LDB: ============== END OF LOAD BALANCING =============== 682.532
Info: useSync: 0 useProxySync: 0
LDB: =============== DONE WITH MIGRATION ================ 682.532
LDB: ============= START OF LOAD BALANCING ============== 685.075
LDB: ============== END OF LOAD BALANCING =============== 685.075
Info: useSync: 0 useProxySync: 0
LDB: =============== DONE WITH MIGRATION ================ 685.075
LDB: ============= START OF LOAD BALANCING ============== 685.141
LDB: Largest compute 52 load 0.013149 is 24.0% of average load 0.054695
LDB: Average compute 0.003881 is 7.1% of average load 0.054695
LDB: TIME 685.141 LOAD: AVG 0.0546948 MAX 0.0601688  PROXIES: TOTAL 24 MAXPE 4 MAXPATCH 6 None MEM: 0.450179 MB
LDB: TIME 685.141 LOAD: AVG 0.0546948 MAX 0.0601688  PROXIES: TOTAL 28 MAXPE 4 MAXPATCH 8 RefineTorusLB MEM: 0.450179 MB
LDB: TIME 685.141 LOAD: AVG 0.0546948 MAX 0.0596604  PROXIES: TOTAL 28 MAXPE 4 MAXPATCH 8 RefineTorusLB MEM: 0.450179 MB
LDB: ============== END OF LOAD BALANCING =============== 685.141
Info: useSync: 0 useProxySync: 0
LDB: =============== DONE WITH MIGRATION ================ 685.141
WRITING COORDINATES TO DCD FILE MDequil.dcd AT STEP 385000
PRESSURE: 385000 111.778 -610.464 306.805 -448.328 345.184 -17.5142 350.502 30.8735 874.896
GPRESSURE: 385000 180.135 -316.821 224.231 -566.548 422.512 -121.349 587.062 359.671 800.403
PRESSAVG: 385000 -444.305 -56.7319 18.0815 -34.7022 -366.522 -3.31196 48.0477 -40.976 -5.4329
GPRESSAVG: 385000 -444.319 -56.5112 17.8022 -34.8152 -366.35 -2.89433 47.9555 -40.7472 -5.12737
ENERGY:  385000         0.0000         0.0000         0.0000         0.0000          -5652.4194       447.5798         0.0000         0.0000       965.7240          -4239.1156       306.8020     -5204.8396     -4236.2321       303.8623            443.9524       467.6837     22537.5882      -272.0867      -271.9322

LDB: ============= START OF LOAD BALANCING ============== 687.707
LDB: ============== END OF LOAD BALANCING =============== 687.707
Info: useSync: 0 useProxySync: 0
LDB: =============== DONE WITH MIGRATION ================ 687.707
LDB: ============= START OF LOAD BALANCING ============== 687.774
LDB: Largest compute 162 load 0.013216 is 23.9% of average load 0.055302
LDB: Average compute 0.003934 is 7.1% of average load 0.055302
LDB: TIME 687.774 LOAD: AVG 0.0553024 MAX 0.0613761  PROXIES: TOTAL 24 MAXPE 4 MAXPATCH 6 None MEM: 0.450179 MB
LDB: TIME 687.774 LOAD: AVG 0.0553024 MAX 0.0613761  PROXIES: TOTAL 28 MAXPE 4 MAXPATCH 8 RefineTorusLB MEM: 0.450179 MB
LDB: TIME 687.774 LOAD: AVG 0.0553024 MAX 0.060186  PROXIES: TOTAL 28 MAXPE 4 MAXPATCH 8 RefineTorusLB MEM: 0.450179 MB
LDB: ============== END OF LOAD BALANCING =============== 687.774
Info: useSync: 0 useProxySync: 0
LDB: =============== DONE WITH MIGRATION ================ 687.774
LDB: ============= START OF LOAD BALANCING ============== 690.319
LDB: ============== END OF LOAD BALANCING =============== 690.319
Info: useSync: 0 useProxySync: 0
LDB: =============== DONE WITH MIGRATION ================ 690.319
LDB: ============= START OF LOAD BALANCING ============== 690.385
LDB: Largest compute 162 load 0.012160 is 22.3% of average load 0.054616
LDB: Average compute 0.003884 is 7.1% of average load 0.054616
LDB: TIME 690.386 LOAD: AVG 0.0546156 MAX 0.0603376  PROXIES: TOTAL 24 MAXPE 4 MAXPATCH 6 None MEM: 0.450179 MB
LDB: TIME 690.386 LOAD: AVG 0.0546156 MAX 0.0603376  PROXIES: TOTAL 28 MAXPE 4 MAXPATCH 8 RefineTorusLB MEM: 0.450179 MB
LDB: TIME 690.386 LOAD: AVG 0.0546156 MAX 0.0596165  PROXIES: TOTAL 28 MAXPE 4 MAXPATCH 8 RefineTorusLB MEM: 0.450179 MB
LDB: ============== END OF LOAD BALANCING =============== 690.386
Info: useSync: 0 useProxySync: 0
LDB: =============== DONE WITH MIGRATION ================ 690.386
WRITING COORDINATES TO DCD FILE MDequil.dcd AT STEP 390000
PRESSURE: 390000 -764.913 -324.294 -76.2282 -39.5756 -701.333 97.867 -111.321 553.97 -101.983
GPRESSURE: 390000 -738.105 -706.205 41.4317 -112.842 -689.856 174.299 -51.5583 448.206 -69.7689
PRESSAVG: 390000 -406.574 -16.3052 25.1972 42.7837 -318.054 -24.786 -81.5683 -25.2113 2.78531
GPRESSAVG: 390000 -406.805 -16.5619 24.9127 42.7431 -318.017 -24.2366 -81.6408 -25.6973 2.84309
ENERGY:  390000         0.0000         0.0000         0.0000         0.0000          -5598.8499       370.5865         0.0000         0.0000       947.2895          -4280.9739       300.9456     -5228.2634     -4278.9235       301.9603           -522.7431      -499.2433     22645.7758      -240.6141      -240.6597

LDB: ============= START OF LOAD BALANCING ============== 692.932
LDB: ============== END OF LOAD BALANCING =============== 692.932
Info: useSync: 0 useProxySync: 0
LDB: =============== DONE WITH MIGRATION ================ 692.935
LDB: ============= START OF LOAD BALANCING ============== 693
LDB: Largest compute 163 load 0.013188 is 24.1% of average load 0.054668
LDB: Average compute 0.003879 is 7.1% of average load 0.054668
LDB: TIME 693 LOAD: AVG 0.0546684 MAX 0.0593715  PROXIES: TOTAL 24 MAXPE 4 MAXPATCH 6 None MEM: 0.450179 MB
LDB: TIME 693 LOAD: AVG 0.0546684 MAX 0.0593715  PROXIES: TOTAL 28 MAXPE 4 MAXPATCH 8 RefineTorusLB MEM: 0.450179 MB
LDB: TIME 693 LOAD: AVG 0.0546684 MAX 0.0593715  PROXIES: TOTAL 28 MAXPE 4 MAXPATCH 8 RefineTorusLB MEM: 0.450179 MB
LDB: ============== END OF LOAD BALANCING =============== 693
Info: useSync: 0 useProxySync: 0
LDB: =============== DONE WITH MIGRATION ================ 693
LDB: ============= START OF LOAD BALANCING ============== 695.549
LDB: ============== END OF LOAD BALANCING =============== 695.549
Info: useSync: 0 useProxySync: 0
LDB: =============== DONE WITH MIGRATION ================ 695.549
LDB: ============= START OF LOAD BALANCING ============== 695.615
LDB: Largest compute 162 load 0.012731 is 23.4% of average load 0.054336
LDB: Average compute 0.003860 is 7.1% of average load 0.054336
LDB: TIME 695.615 LOAD: AVG 0.0543357 MAX 0.0597092  PROXIES: TOTAL 24 MAXPE 4 MAXPATCH 6 None MEM: 0.450179 MB
LDB: TIME 695.615 LOAD: AVG 0.0543357 MAX 0.0597092  PROXIES: TOTAL 28 MAXPE 4 MAXPATCH 8 RefineTorusLB MEM: 0.450179 MB
LDB: TIME 695.615 LOAD: AVG 0.0543357 MAX 0.0583304  PROXIES: TOTAL 28 MAXPE 4 MAXPATCH 8 RefineTorusLB MEM: 0.450179 MB
LDB: ============== END OF LOAD BALANCING =============== 695.615
Info: useSync: 0 useProxySync: 0
LDB: =============== DONE WITH MIGRATION ================ 695.615
LDB: ============= START OF LOAD BALANCING ============== 698.276
LDB: ============== END OF LOAD BALANCING =============== 698.277
Info: useSync: 0 useProxySync: 0
LDB: =============== DONE WITH MIGRATION ================ 698.277
LDB: ============= START OF LOAD BALANCING ============== 698.342
LDB: Largest compute 163 load 0.013651 is 24.9% of average load 0.054926
LDB: Average compute 0.003910 is 7.1% of average load 0.054926
LDB: TIME 698.342 LOAD: AVG 0.0549258 MAX 0.0597106  PROXIES: TOTAL 24 MAXPE 4 MAXPATCH 6 None MEM: 0.450179 MB
LDB: TIME 698.342 LOAD: AVG 0.0549258 MAX 0.0597106  PROXIES: TOTAL 28 MAXPE 4 MAXPATCH 8 RefineTorusLB MEM: 0.450179 MB
LDB: TIME 698.342 LOAD: AVG 0.0549258 MAX 0.0597106  PROXIES: TOTAL 28 MAXPE 4 MAXPATCH 8 RefineTorusLB MEM: 0.450179 MB
LDB: ============== END OF LOAD BALANCING =============== 698.342
Info: useSync: 0 useProxySync: 0
LDB: =============== DONE WITH MIGRATION ================ 698.343
WRITING COORDINATES TO DCD FILE MDequil.dcd AT STEP 395000
PRESSURE: 395000 980.789 -473.752 175.942 -508.112 -279.436 -398.7 349.747 -21.2756 640.03
GPRESSURE: 395000 905.435 -200.546 58.9555 -691.122 -129.299 -422.015 33.4744 197.592 653.975
PRESSAVG: 395000 -376.001 -13.1626 36.7611 -24.0404 -426.821 20.5162 61.7921 -4.02019 6.42425
GPRESSAVG: 395000 -375.995 -13.0662 36.9133 -23.8894 -426.698 20.3145 61.7044 -3.747 6.66123
ENERGY:  395000         0.0000         0.0000         0.0000         0.0000          -5656.0693       458.1764         0.0000         0.0000       927.7768          -4270.1161       294.7465     -5197.8929     -4267.9868       298.2644            447.1278       476.7035     22527.4792      -265.4660      -265.3437

LDB: ============= START OF LOAD BALANCING ============== 700.898
LDB: ============== END OF LOAD BALANCING =============== 700.898
Info: useSync: 0 useProxySync: 0
LDB: =============== DONE WITH MIGRATION ================ 700.898
LDB: ============= START OF LOAD BALANCING ============== 700.964
LDB: Largest compute 162 load 0.012967 is 23.9% of average load 0.054203
LDB: Average compute 0.003857 is 7.1% of average load 0.054203
LDB: TIME 700.964 LOAD: AVG 0.0542027 MAX 0.0601113  PROXIES: TOTAL 24 MAXPE 4 MAXPATCH 6 None MEM: 0.450179 MB
LDB: TIME 700.964 LOAD: AVG 0.0542027 MAX 0.0601113  PROXIES: TOTAL 28 MAXPE 4 MAXPATCH 8 RefineTorusLB MEM: 0.450179 MB
LDB: TIME 700.964 LOAD: AVG 0.0542027 MAX 0.0590529  PROXIES: TOTAL 28 MAXPE 4 MAXPATCH 8 RefineTorusLB MEM: 0.450179 MB
LDB: ============== END OF LOAD BALANCING =============== 700.964
Info: useSync: 0 useProxySync: 0
LDB: =============== DONE WITH MIGRATION ================ 700.964
LDB: ============= START OF LOAD BALANCING ============== 703.565
LDB: ============== END OF LOAD BALANCING =============== 703.565
Info: useSync: 0 useProxySync: 0
LDB: =============== DONE WITH MIGRATION ================ 703.568
LDB: ============= START OF LOAD BALANCING ============== 703.634
LDB: Largest compute 163 load 0.013678 is 25.4% of average load 0.053882
LDB: Average compute 0.003827 is 7.1% of average load 0.053882
LDB: TIME 703.634 LOAD: AVG 0.0538819 MAX 0.0598829  PROXIES: TOTAL 24 MAXPE 4 MAXPATCH 6 None MEM: 0.450179 MB
LDB: TIME 703.634 LOAD: AVG 0.0538819 MAX 0.0598829  PROXIES: TOTAL 28 MAXPE 4 MAXPATCH 8 RefineTorusLB MEM: 0.450179 MB
LDB: TIME 703.634 LOAD: AVG 0.0538819 MAX 0.0586119  PROXIES: TOTAL 28 MAXPE 4 MAXPATCH 8 RefineTorusLB MEM: 0.450179 MB
LDB: ============== END OF LOAD BALANCING =============== 703.634
Info: useSync: 0 useProxySync: 0
LDB: =============== DONE WITH MIGRATION ================ 703.634
WRITING COORDINATES TO DCD FILE MDequil.dcd AT STEP 400000
WRITING COORDINATES TO RESTART FILE AT STEP 400000
FINISHED WRITING RESTART COORDINATES
WRITING VELOCITIES TO RESTART FILE AT STEP 400000
FINISHED WRITING RESTART VELOCITIES
PRESSURE: 400000 -279.463 336.771 77.5418 378.17 184.392 -153.504 -63.737 -239.562 -702.611
GPRESSURE: 400000 -123.635 286.021 -214.59 711.063 138.399 -418.888 138.204 -159.285 -733.049
PRESSAVG: 400000 -361.335 -23.7586 107.934 -55.0127 -326.091 60.6258 51.5515 31.6873 3.71991
GPRESSAVG: 400000 -361.317 -23.5136 107.385 -55.3132 -326.074 60.4709 51.4527 31.8156 3.53034
TIMING: 400000  CPU: 670.446, 0.00221716/step  Wall: 694.691, 0.00236047/step, 0.0655686 hours remaining, 0.450179 MB of memory in use.
PERFORMANCE: 400000  averaging 99.4984 ns/day, 0.00173671 sec/step with standard deviation 0.00048038
ETITLE:      TS           BOND          ANGLE          DIHED          IMPRP               ELECT            VDW       BOUNDARY           MISC        KINETIC               TOTAL           TEMP      POTENTIAL         TOTAL3        TEMPAVG            PRESSURE      GPRESSURE         VOLUME       PRESSAVG      GPRESSAVG

ENERGY:  400000         0.0000         0.0000         0.0000         0.0000          -5552.0467       378.0504         0.0000         0.0000       939.4208          -4234.5754       298.4458     -5173.9962     -4232.8284       300.9520           -265.8939      -239.4283     22663.6932      -227.9021      -227.9535

WRITING EXTENDED SYSTEM TO RESTART FILE AT STEP 400000
LDB: ============= START OF LOAD BALANCING ============== 706.263
LDB: ============== END OF LOAD BALANCING =============== 706.263
Info: useSync: 0 useProxySync: 0
LDB: =============== DONE WITH MIGRATION ================ 706.263
LDB: ============= START OF LOAD BALANCING ============== 706.33
LDB: Largest compute 162 load 0.013227 is 24.3% of average load 0.054348
LDB: Average compute 0.003865 is 7.1% of average load 0.054348
LDB: TIME 706.33 LOAD: AVG 0.0543477 MAX 0.0595617  PROXIES: TOTAL 24 MAXPE 4 MAXPATCH 6 None MEM: 0.450179 MB
LDB: TIME 706.331 LOAD: AVG 0.0543477 MAX 0.0595617  PROXIES: TOTAL 28 MAXPE 4 MAXPATCH 8 RefineTorusLB MEM: 0.450179 MB
LDB: TIME 706.331 LOAD: AVG 0.0543477 MAX 0.0575915  PROXIES: TOTAL 28 MAXPE 4 MAXPATCH 8 RefineTorusLB MEM: 0.450179 MB
LDB: ============== END OF LOAD BALANCING =============== 706.331
Info: useSync: 0 useProxySync: 0
LDB: =============== DONE WITH MIGRATION ================ 706.331
LDB: ============= START OF LOAD BALANCING ============== 708.958
LDB: ============== END OF LOAD BALANCING =============== 708.958
Info: useSync: 0 useProxySync: 0
LDB: =============== DONE WITH MIGRATION ================ 708.958
LDB: ============= START OF LOAD BALANCING ============== 709.025
LDB: Largest compute 52 load 0.012486 is 23.0% of average load 0.054366
LDB: Average compute 0.003863 is 7.1% of average load 0.054366
LDB: TIME 709.025 LOAD: AVG 0.0543662 MAX 0.0592294  PROXIES: TOTAL 24 MAXPE 4 MAXPATCH 6 None MEM: 0.450179 MB
LDB: TIME 709.025 LOAD: AVG 0.0543662 MAX 0.0592294  PROXIES: TOTAL 28 MAXPE 4 MAXPATCH 8 RefineTorusLB MEM: 0.450179 MB
LDB: TIME 709.025 LOAD: AVG 0.0543662 MAX 0.0592294  PROXIES: TOTAL 28 MAXPE 4 MAXPATCH 8 RefineTorusLB MEM: 0.450179 MB
LDB: ============== END OF LOAD BALANCING =============== 709.026
Info: useSync: 0 useProxySync: 0
LDB: =============== DONE WITH MIGRATION ================ 709.026
LDB: ============= START OF LOAD BALANCING ============== 711.623
LDB: ============== END OF LOAD BALANCING =============== 711.623
Info: useSync: 0 useProxySync: 0
LDB: =============== DONE WITH MIGRATION ================ 711.623
LDB: ============= START OF LOAD BALANCING ============== 711.688
LDB: Largest compute 52 load 0.013461 is 24.6% of average load 0.054678
LDB: Average compute 0.003891 is 7.1% of average load 0.054678
LDB: TIME 711.689 LOAD: AVG 0.0546784 MAX 0.060241  PROXIES: TOTAL 24 MAXPE 4 MAXPATCH 6 None MEM: 0.450179 MB
LDB: TIME 711.689 LOAD: AVG 0.0546784 MAX 0.060241  PROXIES: TOTAL 28 MAXPE 4 MAXPATCH 8 RefineTorusLB MEM: 0.450179 MB
LDB: TIME 711.689 LOAD: AVG 0.0546784 MAX 0.0592837  PROXIES: TOTAL 28 MAXPE 4 MAXPATCH 8 RefineTorusLB MEM: 0.450179 MB
LDB: ============== END OF LOAD BALANCING =============== 711.689
Info: useSync: 0 useProxySync: 0
LDB: =============== DONE WITH MIGRATION ================ 711.689
WRITING COORDINATES TO DCD FILE MDequil.dcd AT STEP 405000
PRESSURE: 405000 -379.905 1061.74 -166.057 616.412 -206.503 -730.724 -431.777 -714.054 290.93
GPRESSURE: 405000 -58.6706 1021.2 185.556 404.059 -227.427 -954.18 -760.38 -319.767 84.4931
PRESSAVG: 405000 -368.731 -14.4407 6.46696 -43.4165 -342.903 -7.79848 -103.181 -10.1822 -22.0423
GPRESSAVG: 405000 -368.948 -14.6577 6.51945 -43.3392 -343.03 -7.28643 -102.761 -10.306 -21.8776
ENERGY:  405000         0.0000         0.0000         0.0000         0.0000          -5610.0588       387.1120         0.0000         0.0000       911.4294          -4311.5175       289.5531     -5222.9468     -4309.8408       297.7909            -98.4927       -67.2014     22635.2445      -244.5587      -244.6188

LDB: ============= START OF LOAD BALANCING ============== 714.216
LDB: ============== END OF LOAD BALANCING =============== 714.216
Info: useSync: 0 useProxySync: 0
LDB: =============== DONE WITH MIGRATION ================ 714.216
LDB: ============= START OF LOAD BALANCING ============== 714.28
LDB: Largest compute 162 load 0.014068 is 26.2% of average load 0.053783
LDB: Average compute 0.003822 is 7.1% of average load 0.053783
LDB: TIME 714.281 LOAD: AVG 0.0537827 MAX 0.0570197  PROXIES: TOTAL 24 MAXPE 4 MAXPATCH 6 None MEM: 0.450179 MB
LDB: TIME 714.281 LOAD: AVG 0.0537827 MAX 0.0570197  PROXIES: TOTAL 28 MAXPE 4 MAXPATCH 8 RefineTorusLB MEM: 0.450179 MB
LDB: TIME 714.281 LOAD: AVG 0.0537827 MAX 0.0570197  PROXIES: TOTAL 28 MAXPE 4 MAXPATCH 8 RefineTorusLB MEM: 0.450179 MB
LDB: ============== END OF LOAD BALANCING =============== 714.281
Info: useSync: 0 useProxySync: 0
LDB: =============== DONE WITH MIGRATION ================ 714.281
LDB: ============= START OF LOAD BALANCING ============== 716.793
LDB: ============== END OF LOAD BALANCING =============== 716.793
Info: useSync: 0 useProxySync: 0
LDB: =============== DONE WITH MIGRATION ================ 716.793
LDB: ============= START OF LOAD BALANCING ============== 716.857
LDB: Largest compute 52 load 0.013967 is 25.7% of average load 0.054352
LDB: Average compute 0.003868 is 7.1% of average load 0.054352
LDB: TIME 716.858 LOAD: AVG 0.0543525 MAX 0.0587606  PROXIES: TOTAL 24 MAXPE 4 MAXPATCH 6 None MEM: 0.450179 MB
LDB: TIME 716.858 LOAD: AVG 0.0543525 MAX 0.0587606  PROXIES: TOTAL 28 MAXPE 4 MAXPATCH 8 RefineTorusLB MEM: 0.450179 MB
LDB: TIME 716.858 LOAD: AVG 0.0543525 MAX 0.0587606  PROXIES: TOTAL 28 MAXPE 4 MAXPATCH 8 RefineTorusLB MEM: 0.450179 MB
LDB: ============== END OF LOAD BALANCING =============== 716.858
Info: useSync: 0 useProxySync: 0
LDB: =============== DONE WITH MIGRATION ================ 716.858
WRITING COORDINATES TO DCD FILE MDequil.dcd AT STEP 410000
PRESSURE: 410000 -200.732 -201.838 -373.071 190.81 -414.541 -247.429 -869.989 -466.11 1051.76
GPRESSURE: 410000 -253.655 -149.403 -333.78 159.421 -226.869 -113.413 -835.076 -611.617 972.489
PRESSAVG: 410000 -335.01 -32.1477 10.7073 -64.1222 -338.429 3.9037 29.0027 21.9264 2.25838
GPRESSAVG: 410000 -335.199 -32.1339 10.7377 -64.0379 -338.383 3.93067 28.6836 21.4446 2.55463
ENERGY:  410000         0.0000         0.0000         0.0000         0.0000          -5627.9850       414.1687         0.0000         0.0000       982.0538          -4231.7624       311.9899     -5213.8163     -4230.1964       300.4316            145.4955       163.9885     22544.2647      -223.7268      -223.6759

LDB: ============= START OF LOAD BALANCING ============== 719.403
LDB: ============== END OF LOAD BALANCING =============== 719.403
Info: useSync: 0 useProxySync: 0
LDB: =============== DONE WITH MIGRATION ================ 719.403
LDB: ============= START OF LOAD BALANCING ============== 719.468
LDB: Largest compute 162 load 0.014548 is 27.1% of average load 0.053724
LDB: Average compute 0.003814 is 7.1% of average load 0.053724
LDB: TIME 719.468 LOAD: AVG 0.053724 MAX 0.0584831  PROXIES: TOTAL 24 MAXPE 4 MAXPATCH 6 None MEM: 0.450179 MB
LDB: TIME 719.469 LOAD: AVG 0.053724 MAX 0.0584831  PROXIES: TOTAL 28 MAXPE 4 MAXPATCH 8 RefineTorusLB MEM: 0.450179 MB
LDB: TIME 719.469 LOAD: AVG 0.053724 MAX 0.0584831  PROXIES: TOTAL 28 MAXPE 4 MAXPATCH 8 RefineTorusLB MEM: 0.450179 MB
LDB: ============== END OF LOAD BALANCING =============== 719.469
Info: useSync: 0 useProxySync: 0
LDB: =============== DONE WITH MIGRATION ================ 719.469
LDB: ============= START OF LOAD BALANCING ============== 721.987
LDB: ============== END OF LOAD BALANCING =============== 721.987
Info: useSync: 0 useProxySync: 0
LDB: =============== DONE WITH MIGRATION ================ 721.987
LDB: ============= START OF LOAD BALANCING ============== 722.052
LDB: Largest compute 162 load 0.013457 is 24.7% of average load 0.054406
LDB: Average compute 0.003876 is 7.1% of average load 0.054406
LDB: TIME 722.052 LOAD: AVG 0.0544057 MAX 0.0584823  PROXIES: TOTAL 24 MAXPE 4 MAXPATCH 6 None MEM: 0.450179 MB
LDB: TIME 722.052 LOAD: AVG 0.0544057 MAX 0.0584823  PROXIES: TOTAL 28 MAXPE 4 MAXPATCH 8 RefineTorusLB MEM: 0.450179 MB
LDB: TIME 722.052 LOAD: AVG 0.0544057 MAX 0.0584823  PROXIES: TOTAL 28 MAXPE 4 MAXPATCH 8 RefineTorusLB MEM: 0.450179 MB
LDB: ============== END OF LOAD BALANCING =============== 722.052
Info: useSync: 0 useProxySync: 0
LDB: =============== DONE WITH MIGRATION ================ 722.052
LDB: ============= START OF LOAD BALANCING ============== 724.571
LDB: ============== END OF LOAD BALANCING =============== 724.572
Info: useSync: 0 useProxySync: 0
LDB: =============== DONE WITH MIGRATION ================ 724.572
LDB: ============= START OF LOAD BALANCING ============== 724.637
LDB: Largest compute 52 load 0.013519 is 24.6% of average load 0.055014
LDB: Average compute 0.003905 is 7.1% of average load 0.055014
LDB: TIME 724.637 LOAD: AVG 0.0550145 MAX 0.0609609  PROXIES: TOTAL 24 MAXPE 4 MAXPATCH 6 None MEM: 0.450179 MB
LDB: TIME 724.638 LOAD: AVG 0.0550145 MAX 0.0609609  PROXIES: TOTAL 28 MAXPE 4 MAXPATCH 8 RefineTorusLB MEM: 0.450179 MB
LDB: TIME 724.638 LOAD: AVG 0.0550145 MAX 0.0599937  PROXIES: TOTAL 28 MAXPE 4 MAXPATCH 8 RefineTorusLB MEM: 0.450179 MB
LDB: ============== END OF LOAD BALANCING =============== 724.638
Info: useSync: 0 useProxySync: 0
LDB: =============== DONE WITH MIGRATION ================ 724.638
WRITING COORDINATES TO DCD FILE MDequil.dcd AT STEP 415000
PRESSURE: 415000 396.375 109.661 868.282 -166.114 -683.272 -230.48 595.724 -112.567 442.713
GPRESSURE: 415000 477.896 115.697 1017.09 -251.621 -818.098 -411.411 627.265 175.577 571.628
PRESSAVG: 415000 -339.009 -24.9648 122.76 -56.5615 -418.568 -18.8771 102.483 -11.835 5.43214
GPRESSAVG: 415000 -339.174 -25.0984 122.683 -56.958 -418.233 -19.0472 102.353 -11.4978 5.4348
ENERGY:  415000         0.0000         0.0000         0.0000         0.0000          -5621.2185       399.2786         0.0000         0.0000       952.1121          -4269.8278       302.4777     -5221.9399     -4267.9615       302.0753             51.9388        77.1417     22593.0035      -250.7150      -250.6572

LDB: ============= START OF LOAD BALANCING ============== 727.185
LDB: ============== END OF LOAD BALANCING =============== 727.185
Info: useSync: 0 useProxySync: 0
LDB: =============== DONE WITH MIGRATION ================ 727.185
LDB: ============= START OF LOAD BALANCING ============== 727.25
LDB: Largest compute 163 load 0.012493 is 22.9% of average load 0.054501
LDB: Average compute 0.003876 is 7.1% of average load 0.054501
LDB: TIME 727.25 LOAD: AVG 0.0545009 MAX 0.059454  PROXIES: TOTAL 24 MAXPE 4 MAXPATCH 6 None MEM: 0.450179 MB
LDB: TIME 727.25 LOAD: AVG 0.0545009 MAX 0.059454  PROXIES: TOTAL 28 MAXPE 4 MAXPATCH 8 RefineTorusLB MEM: 0.450179 MB
LDB: TIME 727.25 LOAD: AVG 0.0545009 MAX 0.059454  PROXIES: TOTAL 28 MAXPE 4 MAXPATCH 8 RefineTorusLB MEM: 0.450179 MB
LDB: ============== END OF LOAD BALANCING =============== 727.25
Info: useSync: 0 useProxySync: 0
LDB: =============== DONE WITH MIGRATION ================ 727.25
LDB: ============= START OF LOAD BALANCING ============== 729.794
LDB: ============== END OF LOAD BALANCING =============== 729.794
Info: useSync: 0 useProxySync: 0
LDB: =============== DONE WITH MIGRATION ================ 729.794
LDB: ============= START OF LOAD BALANCING ============== 729.861
LDB: Largest compute 162 load 0.012952 is 23.7% of average load 0.054715
LDB: Average compute 0.003894 is 7.1% of average load 0.054715
LDB: TIME 729.861 LOAD: AVG 0.0547149 MAX 0.0594714  PROXIES: TOTAL 24 MAXPE 4 MAXPATCH 6 None MEM: 0.450179 MB
LDB: TIME 729.861 LOAD: AVG 0.0547149 MAX 0.0594714  PROXIES: TOTAL 28 MAXPE 4 MAXPATCH 8 RefineTorusLB MEM: 0.450179 MB
LDB: TIME 729.861 LOAD: AVG 0.0547149 MAX 0.0594714  PROXIES: TOTAL 28 MAXPE 4 MAXPATCH 8 RefineTorusLB MEM: 0.450179 MB
LDB: ============== END OF LOAD BALANCING =============== 729.861
Info: useSync: 0 useProxySync: 0
LDB: =============== DONE WITH MIGRATION ================ 729.861
WRITING COORDINATES TO DCD FILE MDequil.dcd AT STEP 420000
PRESSURE: 420000 -680.924 -426.985 -59.3926 -91.1583 -329.921 505.576 -144.382 444.356 487.417
GPRESSURE: 420000 -623.943 -320.921 262.895 -198.902 -483.618 513.113 -470.668 539.082 588.722
PRESSAVG: 420000 -341.723 10.2722 -32.8857 72.7677 -235.908 2.44846 -20.4316 15.6176 10.8957
GPRESSAVG: 420000 -341.648 10.5189 -32.5486 73.0663 -235.862 2.50725 -20.9473 15.509 10.933
ENERGY:  420000         0.0000         0.0000         0.0000         0.0000          -5596.7308       378.8409         0.0000         0.0000       973.8285          -4244.0615       309.3768     -5217.8900     -4243.0076       301.4021           -174.4761      -172.9464     22589.3112      -188.9117      -188.8587

LDB: ============= START OF LOAD BALANCING ============== 732.4
LDB: ============== END OF LOAD BALANCING =============== 732.401
Info: useSync: 0 useProxySync: 0
LDB: =============== DONE WITH MIGRATION ================ 732.401
LDB: ============= START OF LOAD BALANCING ============== 732.466
LDB: Largest compute 163 load 0.013850 is 25.4% of average load 0.054635
LDB: Average compute 0.003892 is 7.1% of average load 0.054635
LDB: TIME 732.466 LOAD: AVG 0.0546345 MAX 0.0567771  PROXIES: TOTAL 24 MAXPE 4 MAXPATCH 6 None MEM: 0.450179 MB
LDB: TIME 732.466 LOAD: AVG 0.0546345 MAX 0.0567771  PROXIES: TOTAL 28 MAXPE 4 MAXPATCH 8 RefineTorusLB MEM: 0.450179 MB
LDB: TIME 732.466 LOAD: AVG 0.0546345 MAX 0.0567771  PROXIES: TOTAL 28 MAXPE 4 MAXPATCH 8 RefineTorusLB MEM: 0.450179 MB
LDB: ============== END OF LOAD BALANCING =============== 732.466
Info: useSync: 0 useProxySync: 0
LDB: =============== DONE WITH MIGRATION ================ 732.466
LDB: ============= START OF LOAD BALANCING ============== 735.023
LDB: ============== END OF LOAD BALANCING =============== 735.023
Info: useSync: 0 useProxySync: 0
LDB: =============== DONE WITH MIGRATION ================ 735.023
LDB: ============= START OF LOAD BALANCING ============== 735.1
LDB: Largest compute 162 load 0.013265 is 24.3% of average load 0.054576
LDB: Average compute 0.003818 is 7.0% of average load 0.054576
LDB: TIME 735.1 LOAD: AVG 0.0545757 MAX 0.0642437  PROXIES: TOTAL 24 MAXPE 4 MAXPATCH 6 None MEM: 0.450179 MB
LDB: TIME 735.1 LOAD: AVG 0.0545757 MAX 0.0642437  PROXIES: TOTAL 28 MAXPE 4 MAXPATCH 8 RefineTorusLB MEM: 0.450179 MB
LDB: TIME 735.1 LOAD: AVG 0.0545757 MAX 0.0582156  PROXIES: TOTAL 28 MAXPE 4 MAXPATCH 8 RefineTorusLB MEM: 0.450179 MB
LDB: ============== END OF LOAD BALANCING =============== 735.1
Info: useSync: 0 useProxySync: 0
LDB: =============== DONE WITH MIGRATION ================ 735.1
LDB: ============= START OF LOAD BALANCING ============== 737.647
LDB: ============== END OF LOAD BALANCING =============== 737.647
Info: useSync: 0 useProxySync: 0
LDB: =============== DONE WITH MIGRATION ================ 737.647
LDB: ============= START OF LOAD BALANCING ============== 737.713
LDB: Largest compute 52 load 0.013774 is 25.3% of average load 0.054373
LDB: Average compute 0.003872 is 7.1% of average load 0.054373
LDB: TIME 737.714 LOAD: AVG 0.0543735 MAX 0.0596135  PROXIES: TOTAL 24 MAXPE 4 MAXPATCH 6 None MEM: 0.450179 MB
LDB: TIME 737.714 LOAD: AVG 0.0543735 MAX 0.0596135  PROXIES: TOTAL 28 MAXPE 4 MAXPATCH 8 RefineTorusLB MEM: 0.450179 MB
LDB: TIME 737.714 LOAD: AVG 0.0543735 MAX 0.0584411  PROXIES: TOTAL 28 MAXPE 4 MAXPATCH 8 RefineTorusLB MEM: 0.450179 MB
LDB: ============== END OF LOAD BALANCING =============== 737.714
Info: useSync: 0 useProxySync: 0
LDB: =============== DONE WITH MIGRATION ================ 737.714
WRITING COORDINATES TO DCD FILE MDequil.dcd AT STEP 425000
PRESSURE: 425000 -1146.09 235.037 -404.548 555.511 -196.292 642.097 -152.432 342.234 824.119
GPRESSURE: 425000 -988.122 378.535 -364.327 469.016 -241.926 766.709 -39.6082 261.33 780.901
PRESSAVG: 425000 -395.258 -29.2489 20.8921 14.6698 -309.372 47.692 57.0435 43.0162 -10.0554
GPRESSAVG: 425000 -395.004 -29.6216 20.8786 15.3502 -309.333 47.422 57.6013 43.7592 -10.3231
ENERGY:  425000         0.0000         0.0000         0.0000         0.0000          -5504.5768       386.2757         0.0000         0.0000       887.5449          -4230.7562       281.9652     -5118.3011     -4229.6322       301.2627           -172.7536      -149.7157     22887.8558      -238.2286      -238.2199

LDB: ============= START OF LOAD BALANCING ============== 740.356
LDB: ============== END OF LOAD BALANCING =============== 740.356
Info: useSync: 0 useProxySync: 0
LDB: =============== DONE WITH MIGRATION ================ 740.357
LDB: ============= START OF LOAD BALANCING ============== 740.422
LDB: Largest compute 52 load 0.013461 is 24.8% of average load 0.054304
LDB: Average compute 0.003866 is 7.1% of average load 0.054304
LDB: TIME 740.422 LOAD: AVG 0.0543041 MAX 0.0581881  PROXIES: TOTAL 24 MAXPE 4 MAXPATCH 6 None MEM: 0.450179 MB
LDB: TIME 740.422 LOAD: AVG 0.0543041 MAX 0.0581881  PROXIES: TOTAL 28 MAXPE 4 MAXPATCH 8 RefineTorusLB MEM: 0.450179 MB
LDB: TIME 740.422 LOAD: AVG 0.0543041 MAX 0.0581881  PROXIES: TOTAL 28 MAXPE 4 MAXPATCH 8 RefineTorusLB MEM: 0.450179 MB
LDB: ============== END OF LOAD BALANCING =============== 740.422
Info: useSync: 0 useProxySync: 0
LDB: =============== DONE WITH MIGRATION ================ 740.423
LDB: ============= START OF LOAD BALANCING ============== 742.963
LDB: ============== END OF LOAD BALANCING =============== 742.963
Info: useSync: 0 useProxySync: 0
LDB: =============== DONE WITH MIGRATION ================ 742.963
LDB: ============= START OF LOAD BALANCING ============== 743.029
LDB: Largest compute 163 load 0.013468 is 24.7% of average load 0.054614
LDB: Average compute 0.003887 is 7.1% of average load 0.054614
LDB: TIME 743.029 LOAD: AVG 0.0546144 MAX 0.0589326  PROXIES: TOTAL 24 MAXPE 4 MAXPATCH 6 None MEM: 0.450179 MB
LDB: TIME 743.029 LOAD: AVG 0.0546144 MAX 0.0589326  PROXIES: TOTAL 28 MAXPE 4 MAXPATCH 8 RefineTorusLB MEM: 0.450179 MB
LDB: TIME 743.029 LOAD: AVG 0.0546144 MAX 0.0589326  PROXIES: TOTAL 28 MAXPE 4 MAXPATCH 8 RefineTorusLB MEM: 0.450179 MB
LDB: ============== END OF LOAD BALANCING =============== 743.029
Info: useSync: 0 useProxySync: 0
LDB: =============== DONE WITH MIGRATION ================ 743.029
WRITING COORDINATES TO DCD FILE MDequil.dcd AT STEP 430000
PRESSURE: 430000 -338.729 426.542 -30.8906 149.651 -642.932 -831.894 -263.161 -662.894 394.699
GPRESSURE: 430000 -174.463 375.178 -283.455 31.795 -818.069 -1053.51 -151.311 -502.958 441.397
PRESSAVG: 430000 -463.948 26.7194 -38.0648 23.9706 -404.587 9.57359 -51.766 -13.7607 5.03152
GPRESSAVG: 430000 -464.018 26.6349 -38.1724 24.0616 -404.721 9.49398 -52.4262 -14.1654 4.86375
ENERGY:  430000         0.0000         0.0000         0.0000         0.0000          -5577.3857       362.5585         0.0000         0.0000       967.8464          -4246.9809       307.4763     -5214.8272     -4244.5975       300.5630           -195.6540      -183.7114     22469.9771      -287.8347      -287.9583

LDB: ============= START OF LOAD BALANCING ============== 745.568
LDB: ============== END OF LOAD BALANCING =============== 745.568
Info: useSync: 0 useProxySync: 0
LDB: =============== DONE WITH MIGRATION ================ 745.568
LDB: ============= START OF LOAD BALANCING ============== 745.633
LDB: Largest compute 163 load 0.013361 is 24.7% of average load 0.054103
LDB: Average compute 0.003844 is 7.1% of average load 0.054103
LDB: TIME 745.633 LOAD: AVG 0.0541031 MAX 0.0585419  PROXIES: TOTAL 24 MAXPE 4 MAXPATCH 6 None MEM: 0.450179 MB
LDB: TIME 745.634 LOAD: AVG 0.0541031 MAX 0.0585419  PROXIES: TOTAL 28 MAXPE 4 MAXPATCH 8 RefineTorusLB MEM: 0.450179 MB
LDB: TIME 745.634 LOAD: AVG 0.0541031 MAX 0.0585419  PROXIES: TOTAL 28 MAXPE 4 MAXPATCH 8 RefineTorusLB MEM: 0.450179 MB
LDB: ============== END OF LOAD BALANCING =============== 745.634
Info: useSync: 0 useProxySync: 0
LDB: =============== DONE WITH MIGRATION ================ 745.634
LDB: ============= START OF LOAD BALANCING ============== 748.198
LDB: ============== END OF LOAD BALANCING =============== 748.198
Info: useSync: 0 useProxySync: 0
LDB: =============== DONE WITH MIGRATION ================ 748.199
LDB: ============= START OF LOAD BALANCING ============== 748.265
LDB: Largest compute 162 load 0.013495 is 24.7% of average load 0.054636
LDB: Average compute 0.003887 is 7.1% of average load 0.054636
LDB: TIME 748.265 LOAD: AVG 0.0546361 MAX 0.0591128  PROXIES: TOTAL 24 MAXPE 4 MAXPATCH 6 None MEM: 0.450179 MB
LDB: TIME 748.265 LOAD: AVG 0.0546361 MAX 0.0591128  PROXIES: TOTAL 28 MAXPE 4 MAXPATCH 8 RefineTorusLB MEM: 0.450179 MB
LDB: TIME 748.265 LOAD: AVG 0.0546361 MAX 0.0591128  PROXIES: TOTAL 28 MAXPE 4 MAXPATCH 8 RefineTorusLB MEM: 0.450179 MB
LDB: ============== END OF LOAD BALANCING =============== 748.265
Info: useSync: 0 useProxySync: 0
LDB: =============== DONE WITH MIGRATION ================ 748.265
LDB: ============= START OF LOAD BALANCING ============== 750.778
LDB: ============== END OF LOAD BALANCING =============== 750.778
Info: useSync: 0 useProxySync: 0
LDB: =============== DONE WITH MIGRATION ================ 750.778
LDB: ============= START OF LOAD BALANCING ============== 750.844
LDB: Largest compute 162 load 0.012795 is 23.8% of average load 0.053673
LDB: Average compute 0.003814 is 7.1% of average load 0.053673
LDB: TIME 750.844 LOAD: AVG 0.0536726 MAX 0.0591879  PROXIES: TOTAL 24 MAXPE 4 MAXPATCH 6 None MEM: 0.450179 MB
LDB: TIME 750.844 LOAD: AVG 0.0536726 MAX 0.0591879  PROXIES: TOTAL 28 MAXPE 4 MAXPATCH 8 RefineTorusLB MEM: 0.450179 MB
LDB: TIME 750.845 LOAD: AVG 0.0536726 MAX 0.0563086  PROXIES: TOTAL 28 MAXPE 4 MAXPATCH 8 RefineTorusLB MEM: 0.450179 MB
LDB: ============== END OF LOAD BALANCING =============== 750.845
Info: useSync: 0 useProxySync: 0
LDB: =============== DONE WITH MIGRATION ================ 750.845
WRITING COORDINATES TO DCD FILE MDequil.dcd AT STEP 435000
PRESSURE: 435000 -428.933 -155.458 -407.684 -296.534 -699.671 -420.138 -202.255 -61.2533 -469.531
GPRESSURE: 435000 -429.146 -230.042 -275.261 -94.5024 -688.044 -629.899 -284.661 -110.054 -417.907
PRESSAVG: 435000 -367.531 14.7406 7.81581 27.5713 -425.243 -21.4601 -88.7972 -112.874 0.353282
GPRESSAVG: 435000 -367.733 14.5757 7.48569 27.5947 -425.106 -20.9936 -88.9142 -112.906 0.158143
ENERGY:  435000         0.0000         0.0000         0.0000         0.0000          -5584.0765       402.0863         0.0000         0.0000       985.3881          -4196.6021       313.0491     -5181.9902     -4193.0853       301.3297           -532.7118      -511.6990     23089.1730      -264.1402      -264.2271

LDB: ============= START OF LOAD BALANCING ============== 753.361
LDB: ============== END OF LOAD BALANCING =============== 753.361
Info: useSync: 0 useProxySync: 0
LDB: =============== DONE WITH MIGRATION ================ 753.361
LDB: ============= START OF LOAD BALANCING ============== 753.426
LDB: Largest compute 162 load 0.014193 is 26.3% of average load 0.054045
LDB: Average compute 0.003840 is 7.1% of average load 0.054045
LDB: TIME 753.426 LOAD: AVG 0.0540449 MAX 0.0595743  PROXIES: TOTAL 24 MAXPE 4 MAXPATCH 6 None MEM: 0.450179 MB
LDB: TIME 753.426 LOAD: AVG 0.0540449 MAX 0.0595743  PROXIES: TOTAL 28 MAXPE 4 MAXPATCH 8 RefineTorusLB MEM: 0.450179 MB
LDB: TIME 753.426 LOAD: AVG 0.0540449 MAX 0.0587706  PROXIES: TOTAL 28 MAXPE 4 MAXPATCH 8 RefineTorusLB MEM: 0.450179 MB
LDB: ============== END OF LOAD BALANCING =============== 753.426
Info: useSync: 0 useProxySync: 0
LDB: =============== DONE WITH MIGRATION ================ 753.426
LDB: ============= START OF LOAD BALANCING ============== 755.945
LDB: ============== END OF LOAD BALANCING =============== 755.945
Info: useSync: 0 useProxySync: 0
LDB: =============== DONE WITH MIGRATION ================ 755.945
LDB: ============= START OF LOAD BALANCING ============== 756.011
LDB: Largest compute 163 load 0.013929 is 25.3% of average load 0.055114
LDB: Average compute 0.003921 is 7.1% of average load 0.055114
LDB: TIME 756.011 LOAD: AVG 0.0551137 MAX 0.058741  PROXIES: TOTAL 24 MAXPE 4 MAXPATCH 6 None MEM: 0.450179 MB
LDB: TIME 756.011 LOAD: AVG 0.0551137 MAX 0.058741  PROXIES: TOTAL 28 MAXPE 4 MAXPATCH 8 RefineTorusLB MEM: 0.450179 MB
LDB: TIME 756.011 LOAD: AVG 0.0551137 MAX 0.058741  PROXIES: TOTAL 28 MAXPE 4 MAXPATCH 8 RefineTorusLB MEM: 0.450179 MB
LDB: ============== END OF LOAD BALANCING =============== 756.011
Info: useSync: 0 useProxySync: 0
LDB: =============== DONE WITH MIGRATION ================ 756.011
WRITING COORDINATES TO DCD FILE MDequil.dcd AT STEP 440000
PRESSURE: 440000 -514.957 412.655 478.292 449.252 -450.542 404.643 153.319 163.005 -174.666
GPRESSURE: 440000 -602.194 271.555 519.193 473.822 -409.803 133.603 438.923 391.338 -79.8771
PRESSAVG: 440000 -331.097 14.8251 14.1635 7.98058 -419.246 -50.552 -29.3035 -83.8816 -4.23209
GPRESSAVG: 440000 -331.277 15.0824 13.9071 7.37783 -419.139 -50.5418 -29.0351 -83.7915 -4.08647
ENERGY:  440000         0.0000         0.0000         0.0000         0.0000          -5498.5170       360.8754         0.0000         0.0000       932.5614          -4205.0802       296.2666     -5137.6416     -4203.1870       303.6857           -380.0551      -363.9583     22793.4159      -251.5251      -251.5009

LDB: ============= START OF LOAD BALANCING ============== 758.537
LDB: ============== END OF LOAD BALANCING =============== 758.537
Info: useSync: 0 useProxySync: 0
LDB: =============== DONE WITH MIGRATION ================ 758.538
LDB: ============= START OF LOAD BALANCING ============== 758.601
LDB: Largest compute 162 load 0.014971 is 27.7% of average load 0.054035
LDB: Average compute 0.003837 is 7.1% of average load 0.054035
LDB: TIME 758.601 LOAD: AVG 0.0540351 MAX 0.0572069  PROXIES: TOTAL 24 MAXPE 4 MAXPATCH 6 None MEM: 0.450179 MB
LDB: TIME 758.601 LOAD: AVG 0.0540351 MAX 0.0572069  PROXIES: TOTAL 28 MAXPE 4 MAXPATCH 8 RefineTorusLB MEM: 0.450179 MB
LDB: TIME 758.601 LOAD: AVG 0.0540351 MAX 0.0572069  PROXIES: TOTAL 28 MAXPE 4 MAXPATCH 8 RefineTorusLB MEM: 0.450179 MB
LDB: ============== END OF LOAD BALANCING =============== 758.601
Info: useSync: 0 useProxySync: 0
LDB: =============== DONE WITH MIGRATION ================ 758.602
LDB: ============= START OF LOAD BALANCING ============== 761.119
LDB: ============== END OF LOAD BALANCING =============== 761.119
Info: useSync: 0 useProxySync: 0
LDB: =============== DONE WITH MIGRATION ================ 761.12
LDB: ============= START OF LOAD BALANCING ============== 761.184
LDB: Largest compute 52 load 0.012220 is 22.5% of average load 0.054305
LDB: Average compute 0.003858 is 7.1% of average load 0.054305
LDB: TIME 761.185 LOAD: AVG 0.0543052 MAX 0.059636  PROXIES: TOTAL 24 MAXPE 4 MAXPATCH 6 None MEM: 0.450179 MB
LDB: TIME 761.185 LOAD: AVG 0.0543052 MAX 0.059636  PROXIES: TOTAL 28 MAXPE 4 MAXPATCH 8 RefineTorusLB MEM: 0.450179 MB
LDB: TIME 761.185 LOAD: AVG 0.0543052 MAX 0.0592752  PROXIES: TOTAL 28 MAXPE 4 MAXPATCH 8 RefineTorusLB MEM: 0.450179 MB
LDB: ============== END OF LOAD BALANCING =============== 761.185
Info: useSync: 0 useProxySync: 0
LDB: =============== DONE WITH MIGRATION ================ 761.185
LDB: ============= START OF LOAD BALANCING ============== 763.698
LDB: ============== END OF LOAD BALANCING =============== 763.699
Info: useSync: 0 useProxySync: 0
LDB: =============== DONE WITH MIGRATION ================ 763.699
LDB: ============= START OF LOAD BALANCING ============== 763.763
LDB: Largest compute 162 load 0.012440 is 23.1% of average load 0.053864
LDB: Average compute 0.003830 is 7.1% of average load 0.053864
LDB: TIME 763.763 LOAD: AVG 0.0538637 MAX 0.0566853  PROXIES: TOTAL 24 MAXPE 4 MAXPATCH 6 None MEM: 0.450179 MB
LDB: TIME 763.763 LOAD: AVG 0.0538637 MAX 0.0566853  PROXIES: TOTAL 28 MAXPE 4 MAXPATCH 8 RefineTorusLB MEM: 0.450179 MB
LDB: TIME 763.763 LOAD: AVG 0.0538637 MAX 0.0566853  PROXIES: TOTAL 28 MAXPE 4 MAXPATCH 8 RefineTorusLB MEM: 0.450179 MB
LDB: ============== END OF LOAD BALANCING =============== 763.763
Info: useSync: 0 useProxySync: 0
LDB: =============== DONE WITH MIGRATION ================ 763.763
WRITING COORDINATES TO DCD FILE MDequil.dcd AT STEP 445000
PRESSURE: 445000 451.254 -311.127 213.42 -276.105 -630.97 62.5808 63.9237 226.534 273.282
GPRESSURE: 445000 452.083 -8.98873 -6.37503 -501.162 -477.965 27.275 11.5786 206.317 175.897
PRESSAVG: 445000 -304.688 -32.0002 12.9375 -51.4687 -239.457 3.07574 5.82212 -34.5157 0.990199
GPRESSAVG: 445000 -304.211 -32.3403 13.3786 -51.1679 -239.658 3.24806 5.55474 -34.2495 1.19724
ENERGY:  445000         0.0000         0.0000         0.0000         0.0000          -5527.0919       384.9919         0.0000         0.0000       951.7068          -4190.3932       302.3489     -5142.1000     -4189.2164       304.2233             31.1888        50.0051     22750.0364      -181.0516      -180.8908

LDB: ============= START OF LOAD BALANCING ============== 766.275
LDB: ============== END OF LOAD BALANCING =============== 766.276
Info: useSync: 0 useProxySync: 0
LDB: =============== DONE WITH MIGRATION ================ 766.276
LDB: ============= START OF LOAD BALANCING ============== 766.341
LDB: Largest compute 162 load 0.014133 is 25.7% of average load 0.054931
LDB: Average compute 0.003910 is 7.1% of average load 0.054931
LDB: TIME 766.341 LOAD: AVG 0.0549315 MAX 0.058544  PROXIES: TOTAL 24 MAXPE 4 MAXPATCH 6 None MEM: 0.450179 MB
LDB: TIME 766.341 LOAD: AVG 0.0549315 MAX 0.058544  PROXIES: TOTAL 28 MAXPE 4 MAXPATCH 8 RefineTorusLB MEM: 0.450179 MB
LDB: TIME 766.341 LOAD: AVG 0.0549315 MAX 0.058544  PROXIES: TOTAL 28 MAXPE 4 MAXPATCH 8 RefineTorusLB MEM: 0.450179 MB
LDB: ============== END OF LOAD BALANCING =============== 766.341
Info: useSync: 0 useProxySync: 0
LDB: =============== DONE WITH MIGRATION ================ 766.341
LDB: ============= START OF LOAD BALANCING ============== 768.875
LDB: ============== END OF LOAD BALANCING =============== 768.875
Info: useSync: 0 useProxySync: 0
LDB: =============== DONE WITH MIGRATION ================ 768.875
LDB: ============= START OF LOAD BALANCING ============== 768.939
LDB: Largest compute 163 load 0.014424 is 26.7% of average load 0.054108
LDB: Average compute 0.003843 is 7.1% of average load 0.054108
LDB: TIME 768.939 LOAD: AVG 0.0541083 MAX 0.0585595  PROXIES: TOTAL 24 MAXPE 4 MAXPATCH 6 None MEM: 0.450179 MB
LDB: TIME 768.939 LOAD: AVG 0.0541083 MAX 0.0585595  PROXIES: TOTAL 28 MAXPE 4 MAXPATCH 8 RefineTorusLB MEM: 0.450179 MB
LDB: TIME 768.939 LOAD: AVG 0.0541083 MAX 0.0585595  PROXIES: TOTAL 28 MAXPE 4 MAXPATCH 8 RefineTorusLB MEM: 0.450179 MB
LDB: ============== END OF LOAD BALANCING =============== 768.939
Info: useSync: 0 useProxySync: 0
LDB: =============== DONE WITH MIGRATION ================ 768.94
WRITING COORDINATES TO DCD FILE MDequil.dcd AT STEP 450000
WRITING COORDINATES TO RESTART FILE AT STEP 450000
FINISHED WRITING RESTART COORDINATES
WRITING VELOCITIES TO RESTART FILE AT STEP 450000
FINISHED WRITING RESTART VELOCITIES
PRESSURE: 450000 -1542.21 377.696 617.841 541.38 -359.803 23.7533 513.709 -268.027 751.729
GPRESSURE: 450000 -1452.64 235.312 730.785 582.944 -208.442 308.46 183.908 -527.847 586.659
PRESSAVG: 450000 -409.167 38.8062 -3.05461 39.0194 -308.87 -23.2131 -38.7666 7.17938 3.55301
GPRESSAVG: 450000 -409.163 39.2922 -2.77408 39.0848 -308.925 -23.21 -39.0348 6.94315 3.55121
TIMING: 450000  CPU: 735.333, 0.00129774/step  Wall: 759.894, 0.00130406/step, 0.018112 hours remaining, 0.450179 MB of memory in use.
PERFORMANCE: 450000  averaging 102.331 ns/day, 0.00168864 sec/step with standard deviation 0.00047193
ETITLE:      TS           BOND          ANGLE          DIHED          IMPRP               ELECT            VDW       BOUNDARY           MISC        KINETIC               TOTAL           TEMP      POTENTIAL         TOTAL3        TEMPAVG            PRESSURE      GPRESSURE         VOLUME       PRESSAVG      GPRESSAVG

ENERGY:  450000         0.0000         0.0000         0.0000         0.0000          -5544.4557       367.7813         0.0000         0.0000       960.7560          -4215.9184       305.2237     -5176.6744     -4213.7443       300.9943           -383.4274      -358.1395     22672.3504      -238.1612      -238.1791

WRITING EXTENDED SYSTEM TO RESTART FILE AT STEP 450000
LDB: ============= START OF LOAD BALANCING ============== 771.452
LDB: ============== END OF LOAD BALANCING =============== 771.452
Info: useSync: 0 useProxySync: 0
LDB: =============== DONE WITH MIGRATION ================ 771.452
LDB: ============= START OF LOAD BALANCING ============== 771.518
LDB: Largest compute 162 load 0.013657 is 24.9% of average load 0.054918
LDB: Average compute 0.003906 is 7.1% of average load 0.054918
LDB: TIME 771.518 LOAD: AVG 0.0549179 MAX 0.05902  PROXIES: TOTAL 24 MAXPE 4 MAXPATCH 6 None MEM: 0.450179 MB
LDB: TIME 771.518 LOAD: AVG 0.0549179 MAX 0.05902  PROXIES: TOTAL 28 MAXPE 4 MAXPATCH 8 RefineTorusLB MEM: 0.450179 MB
LDB: TIME 771.518 LOAD: AVG 0.0549179 MAX 0.05902  PROXIES: TOTAL 28 MAXPE 4 MAXPATCH 8 RefineTorusLB MEM: 0.450179 MB
LDB: ============== END OF LOAD BALANCING =============== 771.518
Info: useSync: 0 useProxySync: 0
LDB: =============== DONE WITH MIGRATION ================ 771.518
LDB: ============= START OF LOAD BALANCING ============== 774.042
LDB: ============== END OF LOAD BALANCING =============== 774.042
Info: useSync: 0 useProxySync: 0
LDB: =============== DONE WITH MIGRATION ================ 774.042
LDB: ============= START OF LOAD BALANCING ============== 774.106
LDB: Largest compute 163 load 0.013534 is 25.0% of average load 0.054112
LDB: Average compute 0.003839 is 7.1% of average load 0.054112
LDB: TIME 774.106 LOAD: AVG 0.0541119 MAX 0.0568882  PROXIES: TOTAL 24 MAXPE 4 MAXPATCH 6 None MEM: 0.450179 MB
LDB: TIME 774.106 LOAD: AVG 0.0541119 MAX 0.0568882  PROXIES: TOTAL 28 MAXPE 4 MAXPATCH 8 RefineTorusLB MEM: 0.450179 MB
LDB: TIME 774.107 LOAD: AVG 0.0541119 MAX 0.0568882  PROXIES: TOTAL 28 MAXPE 4 MAXPATCH 8 RefineTorusLB MEM: 0.450179 MB
LDB: ============== END OF LOAD BALANCING =============== 774.107
Info: useSync: 0 useProxySync: 0
LDB: =============== DONE WITH MIGRATION ================ 774.107
LDB: ============= START OF LOAD BALANCING ============== 776.608
LDB: ============== END OF LOAD BALANCING =============== 776.611
Info: useSync: 0 useProxySync: 0
LDB: =============== DONE WITH MIGRATION ================ 776.611
LDB: ============= START OF LOAD BALANCING ============== 776.676
LDB: Largest compute 163 load 0.013217 is 24.8% of average load 0.053368
LDB: Average compute 0.003782 is 7.1% of average load 0.053368
LDB: TIME 776.676 LOAD: AVG 0.0533684 MAX 0.0602641  PROXIES: TOTAL 24 MAXPE 4 MAXPATCH 6 None MEM: 0.450179 MB
LDB: TIME 776.676 LOAD: AVG 0.0533684 MAX 0.0602641  PROXIES: TOTAL 28 MAXPE 4 MAXPATCH 8 RefineTorusLB MEM: 0.450179 MB
LDB: TIME 776.676 LOAD: AVG 0.0533684 MAX 0.0573818  PROXIES: TOTAL 28 MAXPE 4 MAXPATCH 8 RefineTorusLB MEM: 0.450179 MB
LDB: ============== END OF LOAD BALANCING =============== 776.676
Info: useSync: 0 useProxySync: 0
LDB: =============== DONE WITH MIGRATION ================ 776.676
WRITING COORDINATES TO DCD FILE MDequil.dcd AT STEP 455000
PRESSURE: 455000 -736.395 -172.412 195.911 -194.421 -589.395 -463.255 -3.78271 -714.504 -960.01
GPRESSURE: 455000 -850.818 -229.018 254.08 -247.077 -629.216 -482.031 -61.2701 -707.197 -702.68
PRESSAVG: 455000 -392.121 -28.9732 -32.8839 -12.3538 -405.754 -22.1461 16.4898 23.4379 5.36387
GPRESSAVG: 455000 -392.273 -29.1751 -33.1291 -12.0901 -405.732 -22.0125 16.8554 24.1119 5.27589
ENERGY:  455000         0.0000         0.0000         0.0000         0.0000          -5593.8115       386.4045         0.0000         0.0000       895.3664          -4312.0406       284.4500     -5207.4070     -4310.4480       302.9823           -761.9332      -727.5716     22696.5722      -264.1702      -264.2430

LDB: ============= START OF LOAD BALANCING ============== 779.218
LDB: ============== END OF LOAD BALANCING =============== 779.218
Info: useSync: 0 useProxySync: 0
LDB: =============== DONE WITH MIGRATION ================ 779.218
LDB: ============= START OF LOAD BALANCING ============== 779.282
LDB: Largest compute 52 load 0.012618 is 23.2% of average load 0.054502
LDB: Average compute 0.003868 is 7.1% of average load 0.054502
LDB: TIME 779.283 LOAD: AVG 0.0545022 MAX 0.0591063  PROXIES: TOTAL 24 MAXPE 4 MAXPATCH 6 None MEM: 0.450179 MB
LDB: TIME 779.283 LOAD: AVG 0.0545022 MAX 0.0591063  PROXIES: TOTAL 28 MAXPE 4 MAXPATCH 8 RefineTorusLB MEM: 0.450179 MB
LDB: TIME 779.283 LOAD: AVG 0.0545022 MAX 0.0591063  PROXIES: TOTAL 28 MAXPE 4 MAXPATCH 8 RefineTorusLB MEM: 0.450179 MB
LDB: ============== END OF LOAD BALANCING =============== 779.283
Info: useSync: 0 useProxySync: 0
LDB: =============== DONE WITH MIGRATION ================ 779.283
LDB: ============= START OF LOAD BALANCING ============== 781.823
LDB: ============== END OF LOAD BALANCING =============== 781.823
Info: useSync: 0 useProxySync: 0
LDB: =============== DONE WITH MIGRATION ================ 781.823
LDB: ============= START OF LOAD BALANCING ============== 781.889
LDB: Largest compute 162 load 0.013884 is 25.1% of average load 0.055329
LDB: Average compute 0.003927 is 7.1% of average load 0.055329
LDB: TIME 781.889 LOAD: AVG 0.0553286 MAX 0.0612319  PROXIES: TOTAL 24 MAXPE 4 MAXPATCH 6 None MEM: 0.450179 MB
LDB: TIME 781.889 LOAD: AVG 0.0553286 MAX 0.0612319  PROXIES: TOTAL 28 MAXPE 4 MAXPATCH 8 RefineTorusLB MEM: 0.450179 MB
LDB: TIME 781.889 LOAD: AVG 0.0553286 MAX 0.0603768  PROXIES: TOTAL 28 MAXPE 4 MAXPATCH 8 RefineTorusLB MEM: 0.450179 MB
LDB: ============== END OF LOAD BALANCING =============== 781.89
Info: useSync: 0 useProxySync: 0
LDB: =============== DONE WITH MIGRATION ================ 781.89
WRITING COORDINATES TO DCD FILE MDequil.dcd AT STEP 460000
PRESSURE: 460000 -522.85 2.76758 239.773 -137.206 -247.574 -647.98 421.194 -389.126 300.992
GPRESSURE: 460000 -477.387 -205.891 161.698 224.458 -377.897 -578.378 585.861 -378.472 438.752
PRESSAVG: 460000 -328.626 -23.5243 9.70986 -26.2834 -345.375 -4.94221 -19.5397 -1.59744 -2.41955
GPRESSAVG: 460000 -328.528 -23.8129 9.89256 -26.4973 -345.173 -4.82945 -20.0583 -1.8626 -2.75028
ENERGY:  460000         0.0000         0.0000         0.0000         0.0000          -5619.1881       383.5921         0.0000         0.0000       971.9191          -4263.6769       308.7702     -5235.5961     -4261.5941       297.6132           -156.4774      -138.8439     22304.4218      -225.4736      -225.4836

LDB: ============= START OF LOAD BALANCING ============== 784.493
LDB: ============== END OF LOAD BALANCING =============== 784.493
Info: useSync: 0 useProxySync: 0
LDB: =============== DONE WITH MIGRATION ================ 784.493
LDB: ============= START OF LOAD BALANCING ============== 784.559
LDB: Largest compute 162 load 0.014652 is 26.7% of average load 0.054924
LDB: Average compute 0.003908 is 7.1% of average load 0.054924
LDB: TIME 784.559 LOAD: AVG 0.0549241 MAX 0.0605632  PROXIES: TOTAL 24 MAXPE 4 MAXPATCH 6 None MEM: 0.450179 MB
LDB: TIME 784.559 LOAD: AVG 0.0549241 MAX 0.0605632  PROXIES: TOTAL 28 MAXPE 4 MAXPATCH 8 RefineTorusLB MEM: 0.450179 MB
LDB: TIME 784.56 LOAD: AVG 0.0549241 MAX 0.0597955  PROXIES: TOTAL 28 MAXPE 4 MAXPATCH 8 RefineTorusLB MEM: 0.450179 MB
LDB: ============== END OF LOAD BALANCING =============== 784.56
Info: useSync: 0 useProxySync: 0
LDB: =============== DONE WITH MIGRATION ================ 784.56
LDB: ============= START OF LOAD BALANCING ============== 787.127
LDB: ============== END OF LOAD BALANCING =============== 787.127
Info: useSync: 0 useProxySync: 0
LDB: =============== DONE WITH MIGRATION ================ 787.127
LDB: ============= START OF LOAD BALANCING ============== 787.194
LDB: Largest compute 162 load 0.012689 is 23.5% of average load 0.053918
LDB: Average compute 0.003823 is 7.1% of average load 0.053918
LDB: TIME 787.194 LOAD: AVG 0.053918 MAX 0.0606766  PROXIES: TOTAL 24 MAXPE 4 MAXPATCH 6 None MEM: 0.450179 MB
LDB: TIME 787.194 LOAD: AVG 0.053918 MAX 0.0606766  PROXIES: TOTAL 28 MAXPE 4 MAXPATCH 8 RefineTorusLB MEM: 0.450179 MB
LDB: TIME 787.194 LOAD: AVG 0.053918 MAX 0.0586008  PROXIES: TOTAL 28 MAXPE 4 MAXPATCH 8 RefineTorusLB MEM: 0.450179 MB
LDB: ============== END OF LOAD BALANCING =============== 787.194
Info: useSync: 0 useProxySync: 0
LDB: =============== DONE WITH MIGRATION ================ 787.194
LDB: ============= START OF LOAD BALANCING ============== 789.714
LDB: ============== END OF LOAD BALANCING =============== 789.714
Info: useSync: 0 useProxySync: 0
LDB: =============== DONE WITH MIGRATION ================ 789.714
LDB: ============= START OF LOAD BALANCING ============== 789.779
LDB: Largest compute 163 load 0.014333 is 26.3% of average load 0.054437
LDB: Average compute 0.003869 is 7.1% of average load 0.054437
LDB: TIME 789.779 LOAD: AVG 0.0544367 MAX 0.0591626  PROXIES: TOTAL 24 MAXPE 4 MAXPATCH 6 None MEM: 0.450179 MB
LDB: TIME 789.779 LOAD: AVG 0.0544367 MAX 0.0591626  PROXIES: TOTAL 28 MAXPE 4 MAXPATCH 8 RefineTorusLB MEM: 0.450179 MB
LDB: TIME 789.779 LOAD: AVG 0.0544367 MAX 0.0591626  PROXIES: TOTAL 28 MAXPE 4 MAXPATCH 8 RefineTorusLB MEM: 0.450179 MB
LDB: ============== END OF LOAD BALANCING =============== 789.779
Info: useSync: 0 useProxySync: 0
LDB: =============== DONE WITH MIGRATION ================ 789.779
WRITING COORDINATES TO DCD FILE MDequil.dcd AT STEP 465000
PRESSURE: 465000 -1459.83 -419.359 -124.133 -100.796 52.0487 167.801 -455.023 -93.1716 -550.982
GPRESSURE: 465000 -1166.04 -369.123 -440.411 -174.631 -119.513 112.12 -491.224 174.422 -622.148
PRESSAVG: 465000 -287.331 13.1539 -43.6384 2.23703 -334.041 30.2803 -79.8747 2.42726 5.6215
GPRESSAVG: 465000 -287.467 13.3252 -43.4952 1.83573 -334.211 29.5189 -79.8686 2.8174 5.71755
ENERGY:  465000         0.0000         0.0000         0.0000         0.0000          -5607.9382       363.9366         0.0000         0.0000       933.6427          -4310.3589       296.6101     -5244.0016     -4309.1041       292.9807           -652.9208      -635.9005     22416.5833      -205.2503      -205.3203

LDB: ============= START OF LOAD BALANCING ============== 792.521
LDB: ============== END OF LOAD BALANCING =============== 792.521
Info: useSync: 0 useProxySync: 0
LDB: =============== DONE WITH MIGRATION ================ 792.521
LDB: ============= START OF LOAD BALANCING ============== 792.586
LDB: Largest compute 162 load 0.013117 is 24.1% of average load 0.054482
LDB: Average compute 0.003869 is 7.1% of average load 0.054482
LDB: TIME 792.587 LOAD: AVG 0.054482 MAX 0.0590585  PROXIES: TOTAL 24 MAXPE 4 MAXPATCH 6 None MEM: 0.450179 MB
LDB: TIME 792.587 LOAD: AVG 0.054482 MAX 0.0590585  PROXIES: TOTAL 28 MAXPE 4 MAXPATCH 8 RefineTorusLB MEM: 0.450179 MB
LDB: TIME 792.587 LOAD: AVG 0.054482 MAX 0.0590585  PROXIES: TOTAL 28 MAXPE 4 MAXPATCH 8 RefineTorusLB MEM: 0.450179 MB
LDB: ============== END OF LOAD BALANCING =============== 792.587
Info: useSync: 0 useProxySync: 0
LDB: =============== DONE WITH MIGRATION ================ 792.587
LDB: ============= START OF LOAD BALANCING ============== 795.185
LDB: ============== END OF LOAD BALANCING =============== 795.185
Info: useSync: 0 useProxySync: 0
LDB: =============== DONE WITH MIGRATION ================ 795.186
LDB: ============= START OF LOAD BALANCING ============== 795.251
LDB: Largest compute 162 load 0.013559 is 25.0% of average load 0.054203
LDB: Average compute 0.003856 is 7.1% of average load 0.054203
LDB: TIME 795.251 LOAD: AVG 0.0542032 MAX 0.0599085  PROXIES: TOTAL 24 MAXPE 4 MAXPATCH 6 None MEM: 0.450179 MB
LDB: TIME 795.251 LOAD: AVG 0.0542032 MAX 0.0599085  PROXIES: TOTAL 28 MAXPE 4 MAXPATCH 8 RefineTorusLB MEM: 0.450179 MB
LDB: TIME 795.251 LOAD: AVG 0.0542032 MAX 0.0591553  PROXIES: TOTAL 28 MAXPE 4 MAXPATCH 8 RefineTorusLB MEM: 0.450179 MB
LDB: ============== END OF LOAD BALANCING =============== 795.251
Info: useSync: 0 useProxySync: 0
LDB: =============== DONE WITH MIGRATION ================ 795.251
WRITING COORDINATES TO DCD FILE MDequil.dcd AT STEP 470000
PRESSURE: 470000 -416.591 -357.867 -78.0833 -425.194 -1368.44 199.776 296.366 109.785 -932.843
GPRESSURE: 470000 -490.873 -452.407 -349.275 -412.422 -1425.16 304.872 414.188 171.791 -749.588
PRESSAVG: 470000 -314.819 31.2433 19.17 61.1205 -266.408 56.9585 43.0221 78.7584 26.1839
GPRESSAVG: 470000 -314.632 30.741 19.1138 61.4452 -266.67 57.1439 43.299 78.7839 26.1029
ENERGY:  470000         0.0000         0.0000         0.0000         0.0000          -5533.9690       347.3650         0.0000         0.0000       950.4283          -4236.1757       301.9427     -5186.6040     -4233.9420       297.9428           -905.9585      -888.5400     22824.3682      -185.0144      -185.0662

LDB: ============= START OF LOAD BALANCING ============== 797.943
LDB: ============== END OF LOAD BALANCING =============== 797.943
Info: useSync: 0 useProxySync: 0
LDB: =============== DONE WITH MIGRATION ================ 797.943
LDB: ============= START OF LOAD BALANCING ============== 798.009
LDB: Largest compute 162 load 0.012333 is 22.7% of average load 0.054283
LDB: Average compute 0.003860 is 7.1% of average load 0.054283
LDB: TIME 798.01 LOAD: AVG 0.0542831 MAX 0.0581716  PROXIES: TOTAL 24 MAXPE 4 MAXPATCH 6 None MEM: 0.450179 MB
LDB: TIME 798.01 LOAD: AVG 0.0542831 MAX 0.0581716  PROXIES: TOTAL 28 MAXPE 4 MAXPATCH 8 RefineTorusLB MEM: 0.450179 MB
LDB: TIME 798.01 LOAD: AVG 0.0542831 MAX 0.0581716  PROXIES: TOTAL 28 MAXPE 4 MAXPATCH 8 RefineTorusLB MEM: 0.450179 MB
LDB: ============== END OF LOAD BALANCING =============== 798.01
Info: useSync: 0 useProxySync: 0
LDB: =============== DONE WITH MIGRATION ================ 798.01
LDB: ============= START OF LOAD BALANCING ============== 800.699
LDB: ============== END OF LOAD BALANCING =============== 800.699
Info: useSync: 0 useProxySync: 0
LDB: =============== DONE WITH MIGRATION ================ 800.7
LDB: ============= START OF LOAD BALANCING ============== 800.764
LDB: Largest compute 162 load 0.013376 is 24.4% of average load 0.054834
LDB: Average compute 0.003905 is 7.1% of average load 0.054834
LDB: TIME 800.764 LOAD: AVG 0.0548343 MAX 0.0595141  PROXIES: TOTAL 24 MAXPE 4 MAXPATCH 6 None MEM: 0.450179 MB
LDB: TIME 800.764 LOAD: AVG 0.0548343 MAX 0.0595141  PROXIES: TOTAL 28 MAXPE 4 MAXPATCH 8 RefineTorusLB MEM: 0.450179 MB
LDB: TIME 800.764 LOAD: AVG 0.0548343 MAX 0.0595141  PROXIES: TOTAL 28 MAXPE 4 MAXPATCH 8 RefineTorusLB MEM: 0.450179 MB
LDB: ============== END OF LOAD BALANCING =============== 800.764
Info: useSync: 0 useProxySync: 0
LDB: =============== DONE WITH MIGRATION ================ 800.765
LDB: ============= START OF LOAD BALANCING ============== 803.283
LDB: ============== END OF LOAD BALANCING =============== 803.283
Info: useSync: 0 useProxySync: 0
LDB: =============== DONE WITH MIGRATION ================ 803.283
LDB: ============= START OF LOAD BALANCING ============== 803.348
LDB: Largest compute 163 load 0.014818 is 26.7% of average load 0.055429
LDB: Average compute 0.003943 is 7.1% of average load 0.055429
LDB: TIME 803.349 LOAD: AVG 0.0554287 MAX 0.0604434  PROXIES: TOTAL 24 MAXPE 4 MAXPATCH 6 None MEM: 0.450179 MB
LDB: TIME 803.349 LOAD: AVG 0.0554287 MAX 0.0604434  PROXIES: TOTAL 28 MAXPE 4 MAXPATCH 8 RefineTorusLB MEM: 0.450179 MB
LDB: TIME 803.349 LOAD: AVG 0.0554287 MAX 0.0604434  PROXIES: TOTAL 28 MAXPE 4 MAXPATCH 8 RefineTorusLB MEM: 0.450179 MB
LDB: ============== END OF LOAD BALANCING =============== 803.349
Info: useSync: 0 useProxySync: 0
LDB: =============== DONE WITH MIGRATION ================ 803.349
WRITING COORDINATES TO DCD FILE MDequil.dcd AT STEP 475000
PRESSURE: 475000 272.849 -146.986 -454.663 -191.799 14.7701 -483.586 -634.118 -210.066 1506.43
GPRESSURE: 475000 380.811 -418.042 -404.274 -275.838 -57.1563 -617.499 -479.178 -229.165 1547.15
PRESSAVG: 475000 -299.284 28.6505 -2.48694 -6.75992 -353.089 15.1713 34.6887 29.7366 -18.9494
GPRESSAVG: 475000 -299.159 29.1375 -2.48092 -6.89728 -353.474 15.7029 34.6401 29.8909 -19.0247
ENERGY:  475000         0.0000         0.0000         0.0000         0.0000          -5557.3075       426.5106         0.0000         0.0000      1002.0003          -4128.7966       318.3267     -5130.7969     -4126.7136       303.7362            598.0169       623.6011     22721.5427      -223.7741      -223.8858

LDB: ============= START OF LOAD BALANCING ============== 808.445
LDB: ============== END OF LOAD BALANCING =============== 808.446
Info: useSync: 0 useProxySync: 0
LDB: =============== DONE WITH MIGRATION ================ 808.447
LDB: ============= START OF LOAD BALANCING ============== 808.674
LDB: Largest compute 67 load 0.030306 is 48.2% of average load 0.062928
LDB: Average compute 0.004329 is 6.9% of average load 0.062928
LDB: TIME 808.677 LOAD: AVG 0.0629277 MAX 0.148582  PROXIES: TOTAL 24 MAXPE 4 MAXPATCH 6 None MEM: 0.450179 MB
LDB: TIME 808.677 LOAD: AVG 0.0629277 MAX 0.148582  PROXIES: TOTAL 28 MAXPE 4 MAXPATCH 8 RefineTorusLB MEM: 0.450179 MB
LDB: TIME 808.677 LOAD: AVG 0.0629277 MAX 0.0688712  PROXIES: TOTAL 29 MAXPE 4 MAXPATCH 8 RefineTorusLB MEM: 0.450179 MB
LDB: ============== END OF LOAD BALANCING =============== 808.678
Info: useSync: 0 useProxySync: 0
LDB: =============== DONE WITH MIGRATION ================ 808.685
LDB: ============= START OF LOAD BALANCING ============== 822.648
LDB: ============== END OF LOAD BALANCING =============== 822.649
Info: useSync: 0 useProxySync: 0
LDB: =============== DONE WITH MIGRATION ================ 822.653
LDB: ============= START OF LOAD BALANCING ============== 822.805
LDB: Largest compute 146 load 0.011709 is 23.8% of average load 0.049174
LDB: Average compute 0.003466 is 7.0% of average load 0.049174
LDB: TIME 822.807 LOAD: AVG 0.049174 MAX 0.064356  PROXIES: TOTAL 24 MAXPE 4 MAXPATCH 6 None MEM: 0.450179 MB
LDB: TIME 822.807 LOAD: AVG 0.049174 MAX 0.064356  PROXIES: TOTAL 29 MAXPE 4 MAXPATCH 8 RefineTorusLB MEM: 0.450179 MB
LDB: TIME 822.807 LOAD: AVG 0.049174 MAX 0.0536616  PROXIES: TOTAL 29 MAXPE 4 MAXPATCH 8 RefineTorusLB MEM: 0.450179 MB
LDB: ============== END OF LOAD BALANCING =============== 822.809
Info: useSync: 0 useProxySync: 0
LDB: =============== DONE WITH MIGRATION ================ 822.826
WRITING COORDINATES TO DCD FILE MDequil.dcd AT STEP 480000
PRESSURE: 480000 287.342 23.6105 746.47 172.806 163.595 157.163 136.899 -163.687 -120.632
GPRESSURE: 480000 235.469 186.723 623.246 222.437 246.842 181.878 302.757 7.7691 -59.5031
PRESSAVG: 480000 -412.433 -64.0331 -3.67406 -15.3003 -364.528 25.2296 -41.3545 -35.8084 -2.81782
GPRESSAVG: 480000 -412.678 -64.1848 -3.86988 -15.036 -364.509 25.0274 -40.575 -35.3795 -2.77543
ENERGY:  480000         0.0000         0.0000         0.0000         0.0000          -5616.0702       402.5605         0.0000         0.0000       978.4475          -4235.0622       310.8442     -5213.5096     -4232.0612       303.9227            110.1014       140.9360     22686.8976      -259.9264      -259.9874

LDB: ============= START OF LOAD BALANCING ============== 834.026
LDB: ============== END OF LOAD BALANCING =============== 834.029
Info: useSync: 0 useProxySync: 0
LDB: =============== DONE WITH MIGRATION ================ 834.041
LDB: ============= START OF LOAD BALANCING ============== 834.274
LDB: Largest compute 146 load 0.015159 is 30.1% of average load 0.050426
LDB: Average compute 0.003562 is 7.1% of average load 0.050426
LDB: TIME 834.276 LOAD: AVG 0.0504265 MAX 0.056702  PROXIES: TOTAL 24 MAXPE 4 MAXPATCH 6 None MEM: 0.450179 MB
LDB: TIME 834.276 LOAD: AVG 0.0504265 MAX 0.056702  PROXIES: TOTAL 29 MAXPE 4 MAXPATCH 8 RefineTorusLB MEM: 0.450179 MB
LDB: TIME 834.276 LOAD: AVG 0.0504265 MAX 0.0526795  PROXIES: TOTAL 29 MAXPE 4 MAXPATCH 8 RefineTorusLB MEM: 0.450179 MB
LDB: ============== END OF LOAD BALANCING =============== 834.278
Info: useSync: 0 useProxySync: 0
LDB: =============== DONE WITH MIGRATION ================ 834.297
LDB: ============= START OF LOAD BALANCING ============== 845.92
LDB: ============== END OF LOAD BALANCING =============== 845.926
Info: useSync: 0 useProxySync: 0
LDB: =============== DONE WITH MIGRATION ================ 845.943
LDB: ============= START OF LOAD BALANCING ============== 846.338
LDB: Largest compute 162 load 0.010350 is 20.7% of average load 0.050111
LDB: Average compute 0.003353 is 6.7% of average load 0.050111
LDB: TIME 846.344 LOAD: AVG 0.0501106 MAX 0.0552695  PROXIES: TOTAL 24 MAXPE 4 MAXPATCH 6 None MEM: 0.450179 MB
LDB: TIME 846.344 LOAD: AVG 0.0501106 MAX 0.0552695  PROXIES: TOTAL 29 MAXPE 4 MAXPATCH 8 RefineTorusLB MEM: 0.450179 MB
LDB: TIME 846.344 LOAD: AVG 0.0501106 MAX 0.05466  PROXIES: TOTAL 29 MAXPE 4 MAXPATCH 8 RefineTorusLB MEM: 0.450179 MB
LDB: ============== END OF LOAD BALANCING =============== 846.348
Info: useSync: 0 useProxySync: 0
LDB: =============== DONE WITH MIGRATION ================ 846.366
LDB: ============= START OF LOAD BALANCING ============== 857.533
LDB: ============== END OF LOAD BALANCING =============== 857.533
Info: useSync: 0 useProxySync: 0
LDB: =============== DONE WITH MIGRATION ================ 857.536
LDB: ============= START OF LOAD BALANCING ============== 857.831
LDB: Largest compute 151 load 0.026040 is 44.4% of average load 0.058611
LDB: Average compute 0.003962 is 6.8% of average load 0.058611
LDB: TIME 857.835 LOAD: AVG 0.0586109 MAX 0.0864459  PROXIES: TOTAL 24 MAXPE 4 MAXPATCH 6 None MEM: 0.450179 MB
LDB: TIME 857.835 LOAD: AVG 0.0586109 MAX 0.0864459  PROXIES: TOTAL 29 MAXPE 4 MAXPATCH 8 RefineTorusLB MEM: 0.450179 MB
LDB: TIME 857.835 LOAD: AVG 0.0586109 MAX 0.0639648  PROXIES: TOTAL 30 MAXPE 4 MAXPATCH 8 RefineTorusLB MEM: 0.450179 MB
LDB: ============== END OF LOAD BALANCING =============== 857.842
Info: useSync: 0 useProxySync: 0
LDB: =============== DONE WITH MIGRATION ================ 857.844
PRESSURE: 485000 -445.89 361.279 112.688 92.9804 88.3194 171.818 -220.281 158.271 1070.26
GPRESSURE: 485000 -273.115 683.752 -17.2889 -36.5849 244.004 119.517 -164.091 203.581 805.817
PRESSAVG: 485000 -310.123 -53.0558 -106.53 -75.2799 -427.742 12.1268 -25.4837 18.999 20.6336
GPRESSAVG: 485000 -309.754 -53.0553 -106.484 -75.1574 -427.513 11.8244 -26.0418 18.7265 20.2975
ENERGY:  485000         0.0000         0.0000         0.0000         0.0000          -5607.2030       421.4974         0.0000         0.0000       981.5774          -4204.1282       311.8385     -5185.7056     -4201.8745       302.5218            237.5620       258.9018     22855.7610      -239.0773      -238.9898

WRITING COORDINATES TO DCD FILE MDequil.dcd AT STEP 485000
LDB: ============= START OF LOAD BALANCING ============== 860.442
LDB: ============== END OF LOAD BALANCING =============== 860.442
Info: useSync: 0 useProxySync: 0
LDB: =============== DONE WITH MIGRATION ================ 860.442
LDB: ============= START OF LOAD BALANCING ============== 860.505
LDB: Largest compute 162 load 0.011345 is 23.6% of average load 0.048133
LDB: Average compute 0.003403 is 7.1% of average load 0.048133
LDB: TIME 860.506 LOAD: AVG 0.0481328 MAX 0.0591498  PROXIES: TOTAL 24 MAXPE 4 MAXPATCH 6 None MEM: 0.450179 MB
LDB: TIME 860.506 LOAD: AVG 0.0481328 MAX 0.0591498  PROXIES: TOTAL 30 MAXPE 4 MAXPATCH 8 RefineTorusLB MEM: 0.450179 MB
LDB: TIME 860.506 LOAD: AVG 0.0481328 MAX 0.0516222  PROXIES: TOTAL 30 MAXPE 4 MAXPATCH 8 RefineTorusLB MEM: 0.450179 MB
LDB: ============== END OF LOAD BALANCING =============== 860.506
Info: useSync: 0 useProxySync: 0
LDB: =============== DONE WITH MIGRATION ================ 860.506
LDB: ============= START OF LOAD BALANCING ============== 862.883
LDB: ============== END OF LOAD BALANCING =============== 862.883
Info: useSync: 0 useProxySync: 0
LDB: =============== DONE WITH MIGRATION ================ 862.883
LDB: ============= START OF LOAD BALANCING ============== 862.942
LDB: Largest compute 162 load 0.012232 is 25.0% of average load 0.049017
LDB: Average compute 0.003483 is 7.1% of average load 0.049017
LDB: TIME 862.943 LOAD: AVG 0.0490169 MAX 0.0536882  PROXIES: TOTAL 24 MAXPE 4 MAXPATCH 6 None MEM: 0.450179 MB
LDB: TIME 862.943 LOAD: AVG 0.0490169 MAX 0.0536882  PROXIES: TOTAL 30 MAXPE 4 MAXPATCH 8 RefineTorusLB MEM: 0.450179 MB
LDB: TIME 862.943 LOAD: AVG 0.0490169 MAX 0.0527331  PROXIES: TOTAL 30 MAXPE 4 MAXPATCH 8 RefineTorusLB MEM: 0.450179 MB
LDB: ============== END OF LOAD BALANCING =============== 862.943
Info: useSync: 0 useProxySync: 0
LDB: =============== DONE WITH MIGRATION ================ 862.943
PRESSURE: 490000 -174.915 -313.965 345.326 -301.145 -547.765 -669.61 508.848 -437.65 -311.981
GPRESSURE: 490000 -86.0614 -471.661 286.09 -13.6623 -615.371 -432.917 411.622 -388.073 -237.346
PRESSAVG: 490000 -364.36 71.2643 -82.0724 75.0415 -399.19 49.5685 -43.9841 6.26124 -5.91701
GPRESSAVG: 490000 -364.109 71.0318 -81.8011 75.2672 -398.861 49.719 -44.1287 6.54243 -6.10966
ENERGY:  490000         0.0000         0.0000         0.0000         0.0000          -5595.3028       390.9221         0.0000         0.0000       949.3000          -4255.0807       301.5843     -5204.3807     -4253.1936       302.3044           -344.8873      -312.9260     22653.9927      -256.4892      -256.3599

WRITING COORDINATES TO DCD FILE MDequil.dcd AT STEP 490000
LDB: ============= START OF LOAD BALANCING ============== 865.485
LDB: ============== END OF LOAD BALANCING =============== 865.485
Info: useSync: 0 useProxySync: 0
LDB: =============== DONE WITH MIGRATION ================ 865.486
LDB: ============= START OF LOAD BALANCING ============== 865.553
LDB: Largest compute 163 load 0.013929 is 25.9% of average load 0.053682
LDB: Average compute 0.003795 is 7.1% of average load 0.053682
LDB: TIME 865.553 LOAD: AVG 0.0536816 MAX 0.0628039  PROXIES: TOTAL 24 MAXPE 4 MAXPATCH 6 None MEM: 0.450179 MB
LDB: TIME 865.553 LOAD: AVG 0.0536816 MAX 0.0628039  PROXIES: TOTAL 30 MAXPE 4 MAXPATCH 8 RefineTorusLB MEM: 0.450179 MB
LDB: TIME 865.553 LOAD: AVG 0.0536816 MAX 0.0580195  PROXIES: TOTAL 30 MAXPE 4 MAXPATCH 8 RefineTorusLB MEM: 0.450179 MB
LDB: ============== END OF LOAD BALANCING =============== 865.553
Info: useSync: 0 useProxySync: 0
LDB: =============== DONE WITH MIGRATION ================ 865.554
LDB: ============= START OF LOAD BALANCING ============== 868.305
LDB: ============== END OF LOAD BALANCING =============== 868.305
Info: useSync: 0 useProxySync: 0
LDB: =============== DONE WITH MIGRATION ================ 868.305
LDB: ============= START OF LOAD BALANCING ============== 868.374
LDB: Largest compute 163 load 0.014210 is 25.9% of average load 0.054954
LDB: Average compute 0.003901 is 7.1% of average load 0.054954
LDB: TIME 868.374 LOAD: AVG 0.0549538 MAX 0.0607543  PROXIES: TOTAL 24 MAXPE 4 MAXPATCH 6 None MEM: 0.450179 MB
LDB: TIME 868.375 LOAD: AVG 0.0549538 MAX 0.0607543  PROXIES: TOTAL 30 MAXPE 4 MAXPATCH 8 RefineTorusLB MEM: 0.450179 MB
LDB: TIME 868.375 LOAD: AVG 0.0549538 MAX 0.0589934  PROXIES: TOTAL 30 MAXPE 4 MAXPATCH 8 RefineTorusLB MEM: 0.450179 MB
LDB: ============== END OF LOAD BALANCING =============== 868.375
Info: useSync: 0 useProxySync: 0
LDB: =============== DONE WITH MIGRATION ================ 868.375
LDB: ============= START OF LOAD BALANCING ============== 871.031
LDB: ============== END OF LOAD BALANCING =============== 871.032
Info: useSync: 0 useProxySync: 0
LDB: =============== DONE WITH MIGRATION ================ 871.032
LDB: ============= START OF LOAD BALANCING ============== 871.099
LDB: Largest compute 163 load 0.013042 is 24.0% of average load 0.054293
LDB: Average compute 0.003848 is 7.1% of average load 0.054293
LDB: TIME 871.1 LOAD: AVG 0.0542926 MAX 0.0586831  PROXIES: TOTAL 24 MAXPE 4 MAXPATCH 6 None MEM: 0.450179 MB
LDB: TIME 871.1 LOAD: AVG 0.0542926 MAX 0.0586831  PROXIES: TOTAL 30 MAXPE 4 MAXPATCH 8 RefineTorusLB MEM: 0.450179 MB
LDB: TIME 871.1 LOAD: AVG 0.0542926 MAX 0.0586831  PROXIES: TOTAL 30 MAXPE 4 MAXPATCH 8 RefineTorusLB MEM: 0.450179 MB
LDB: ============== END OF LOAD BALANCING =============== 871.1
Info: useSync: 0 useProxySync: 0
LDB: =============== DONE WITH MIGRATION ================ 871.1
PRESSURE: 495000 -908.552 101.967 -65.9825 135.499 -1002.09 120.219 -572.063 -236.402 -628.442
GPRESSURE: 495000 -1076.05 109.194 -170.326 62.2907 -807.91 231.817 -624.608 -451.297 -667.522
PRESSAVG: 495000 -319.134 -21.5555 -21.5555 8.40995 -284.044 -4.74467 -17.8809 -30.3608 2.58587
GPRESSAVG: 495000 -319.315 -21.4723 -21.4595 8.60844 -283.854 -4.45797 -18.1494 -30.6479 2.67704
ENERGY:  495000         0.0000         0.0000         0.0000         0.0000          -5513.5182       340.2151         0.0000         0.0000       930.1629          -4243.1402       295.5046     -5173.3031     -4240.3350       299.7372           -846.3604      -850.4929     22843.9638      -200.1973      -200.1640

WRITING COORDINATES TO DCD FILE MDequil.dcd AT STEP 495000
LDB: ============= START OF LOAD BALANCING ============== 873.765
LDB: ============== END OF LOAD BALANCING =============== 873.765
Info: useSync: 0 useProxySync: 0
LDB: =============== DONE WITH MIGRATION ================ 873.765
LDB: ============= START OF LOAD BALANCING ============== 873.833
LDB: Largest compute 163 load 0.013469 is 25.1% of average load 0.053692
LDB: Average compute 0.003794 is 7.1% of average load 0.053692
LDB: TIME 873.833 LOAD: AVG 0.0536916 MAX 0.058371  PROXIES: TOTAL 24 MAXPE 4 MAXPATCH 6 None MEM: 0.450179 MB
LDB: TIME 873.833 LOAD: AVG 0.0536916 MAX 0.058371  PROXIES: TOTAL 30 MAXPE 4 MAXPATCH 8 RefineTorusLB MEM: 0.450179 MB
LDB: TIME 873.833 LOAD: AVG 0.0536916 MAX 0.058371  PROXIES: TOTAL 30 MAXPE 4 MAXPATCH 8 RefineTorusLB MEM: 0.450179 MB
LDB: ============== END OF LOAD BALANCING =============== 873.833
Info: useSync: 0 useProxySync: 0
LDB: =============== DONE WITH MIGRATION ================ 873.833
LDB: ============= START OF LOAD BALANCING ============== 876.607
LDB: ============== END OF LOAD BALANCING =============== 876.607
Info: useSync: 0 useProxySync: 0
LDB: =============== DONE WITH MIGRATION ================ 876.607
LDB: ============= START OF LOAD BALANCING ============== 876.676
LDB: Largest compute 163 load 0.013006 is 24.2% of average load 0.053758
LDB: Average compute 0.003797 is 7.1% of average load 0.053758
LDB: TIME 876.677 LOAD: AVG 0.0537579 MAX 0.0596101  PROXIES: TOTAL 24 MAXPE 4 MAXPATCH 6 None MEM: 0.450179 MB
LDB: TIME 876.677 LOAD: AVG 0.0537579 MAX 0.0596101  PROXIES: TOTAL 30 MAXPE 4 MAXPATCH 8 RefineTorusLB MEM: 0.450179 MB
LDB: TIME 876.677 LOAD: AVG 0.0537579 MAX 0.0584947  PROXIES: TOTAL 29 MAXPE 4 MAXPATCH 8 RefineTorusLB MEM: 0.450179 MB
LDB: ============== END OF LOAD BALANCING =============== 876.677
Info: useSync: 0 useProxySync: 0
LDB: =============== DONE WITH MIGRATION ================ 876.677
PRESSURE: 500000 8.86239 -996.902 -38.4856 -580.82 -157.911 88.8388 246.925 33.2619 1037.31
GPRESSURE: 500000 83.6645 -836.236 -103.488 -479.482 -43.8139 -61.7554 310.732 83.1045 923.191
PRESSAVG: 500000 -436.636 -33.9244 -34.6274 -29.0226 -394.211 -5.94558 -50.0171 27.4242 21.1488
GPRESSAVG: 500000 -436.52 -34.3002 -34.8497 -29.2736 -393.867 -5.91006 -49.9264 27.3956 21.0968
TIMING: 500000  CPU: 838.434, 0.00206202/step  Wall: 867.803, 0.00215818/step, 0 hours remaining, 0.450179 MB of memory in use.
PERFORMANCE: 500000  averaging 99.5625 ns/day, 0.00173559 sec/step with standard deviation 0.000469061
ETITLE:      TS           BOND          ANGLE          DIHED          IMPRP               ELECT            VDW       BOUNDARY           MISC        KINETIC               TOTAL           TEMP      POTENTIAL         TOTAL3        TEMPAVG            PRESSURE      GPRESSURE         VOLUME       PRESSAVG      GPRESSAVG

ENERGY:  500000         0.0000         0.0000         0.0000         0.0000          -5701.3847       462.5042         0.0000         0.0000       937.4560          -4301.4245       297.8216     -5238.8805     -4301.0604       300.4265            296.0876       321.0138     22681.3476      -269.8997      -269.7635

WRITING EXTENDED SYSTEM TO RESTART FILE AT STEP 500000
WRITING COORDINATES TO DCD FILE MDequil.dcd AT STEP 500000
WRITING COORDINATES TO RESTART FILE AT STEP 500000
FINISHED WRITING RESTART COORDINATES
WRITING VELOCITIES TO RESTART FILE AT STEP 500000
FINISHED WRITING RESTART VELOCITIES
WRITING EXTENDED SYSTEM TO OUTPUT FILE AT STEP 500000
CLOSING EXTENDED SYSTEM TRAJECTORY FILE
WRITING COORDINATES TO OUTPUT FILE AT STEP 500000
CLOSING COORDINATE DCD FILE MDequil.dcd
WRITING VELOCITIES TO OUTPUT FILE AT STEP 500000
====================================================

WallClock: 879.181213  CPUTime: 849.768677  Memory: 0.450179 MB
[Partition 0][Node 0] End of program
